"Contract_ID","Project_ID","Project_Name","Ownership","Developer","Address","ZIP","Parcel_ID","Council_District","Unit_Type","Housing_Tenure","Development_Status","Total_Units","Affordable_Units","Total_ADA_Units","PSH_Units","MFI_20","MFI_30","MFI_40","MFI_50","MFI_60","MFI_65","MFI_70","MFI_80","MFI_100","MFI_120","Affordability_Start_Date","Affordability_Expiration_Date","Affordability_Period","FIL_Status","CAL_FIL","Date_FIL_Recorded","HDA","Private_Activity_Bonds","Affordability_Unlocked","SMART","Dev_Agreement","Density_Bonus","FIL","LIHTC","GO_Bonds_2006","GO_Bonds_2013","GO_Bonds_2018","GO_Bonds_2022","CDBG","CIP_Funds","HOME","HTF","Project_Connect","City_Subsidy","Longitude","Latitude"
"599","5383","Riverside ""Snoopy"" PUD","Stream Realty Partners LP","Stream Realty","401 S 1st Street","78704","0203000503","9","Non-Residential","Rental","Project Completed","0","0","0","0","0","0","0","0","0","0","0","0","0","0",,"12-30-3799","0","Paid","$1,456,932","12-05-2022",,"No","No","No","PUD Development Agreement",,"Yes",,,,,,,,,,,,"-97.749352","30.259236"
"834","5920","Springdale Green PUD","AUS SPRINGDALE LLC","Kimley-Horn","1011 and 1017 Springdale Rd","78721","0205170105","3","Non-Residential","Non-Residential","Project Completed","0","0","0","0","0","0","0","0","0","0","0","0","0","0",,"12-30-3799","0","Paid","$687,729","06-07-2024",,"No","No","No","PUD Development Agreement",,"Yes",,,,,,,,,,,,"-97.69459","30.26622"
"264","4674","Urbana East (Goodnight Ranch)","Bradsher Family Trust and MVE Ventures LTD","Momark Development LLC","9005 Alderman Drive","78747","0436030302","2","Single Family","Rental","Project Completed","56","0","0","0","0","0","0","0","0","0","0","0","0","0",,"12-30-3799","0",,,,,"No","No","Yes","PUD Development Agreement","PUD Density Bonus","No",,,,,,,,,,,,"-97.761491","30.152286"
"264","4675","Urbana West (Goodnight Ranch)","Bradsher Family Trust and MVE Ventures LTD","Momark Development LLC","9004 Alderman Drive","78747","0436030302","2","Single Family","Rental","Project Completed","14","0","0","0","0","0","0","0","0","0","0","0","0","0",,"12-30-3799","0",,,,,"No","No","Yes","PUD Development Agreement",,"No",,,,,,,,,,,,"-97.762104","30.152715"
"264","4688","Nexus at Goodnight Ranch","Bradsher Family Trust and MVE Ventures LTD","Momark Development LLC","2001 E Slaughter Lane","78747","0439080522","2","Multifamily","Rental","Affordability Period Expired","294","0","0","0","0","0","0","0","0","0","0","0","0","0","03-15-2023","03-15-2023","0",,,,,"No","No","Yes","PUD Development Agreement",,"No",,,,,,,,,,,,"-97.763814","30.151251"
"307","5381","Meritage Homes - SF - Section 1 (Pilot Knob PUD)","Carma Easton LLC","Carma Easton LLC","Multiple Addresses","78744","0332100625","2","Single Family","Ownership","Project Completed","263","149","0","0","0","0","0","0","0","0","0","149","0","0","12-16-2022","12-16-2023","1",,,,,"No","No","No","Municipal Utility District;PUD Development Agreement",,"No",,,,,,,,,,,,"-97.721746","30.163553"
"264","5397","Urbana Phase II (Goodnight Ranch)","Bradsher Family Trust and MVE Ventures LTD","Momark Development LLC","9005 Alderman Drive","78747","0436030302","2","Single Family","Rental","Project Completed","81","0","0","0","0","0","0","0","0","0","0","0","0","0",,"12-30-3799","0",,,,,"No","No","Yes","PUD Development Agreement",,"No",,,,,,,,,,,,"-97.75987282","30.15319824"
"307","5509","Pacesetter Homes - SF - Section 2 (Pilot Knob PUD)","Carma Easton LLC","Carma Easton LLC","Multiple Addresses","78744","0332100625","2","Single Family","Ownership","Under Construction","97","0","0","0","0","0","0","0","0","0","0","0","0","0",,"12-30-3799","0",,,,,"No","No","No","Municipal Utility District;PUD Development Agreement",,"No",,,,,,,,,,,,"-97.721746","30.163553"
"264","5539","LDG - Moonlight","Bradsher Family Trust and MVE Ventures LTD","Momark Development LLC","5204 Charles Merle Dr","78744","0436010107","2","Multifamily","Rental","Under Construction","264","132","0","0","0","0","0","0","0","0","0","132","0","0",,"12-30-1939","40",,,,,"No","No","Yes","PUD Development Agreement",,"No",,,,,,,,,,,,"-97.76153","30.15656"
"264","5562","EHT of Texas LP - SF-Phase 1-A Section 7 (Goodnight Ranch)","Bradsher Family Trust and MVE Ventures LTD","Momark Development LLC","Multiple Addresses","78747","0","2","Single Family","Ownership","Project Completed","51","0","0","0","0","0","0","0","0","0","0","0","0","0",,"12-30-3799","0",,,,,"No","No","Yes","PUD Development Agreement",,"No",,,,,,,,,,,,"-97.76102269","30.15446343"
"321","5815","Hills at Estancia Condominiums (MI Homes)","SLF III Onion Creek LP","Estancia Villas LLC","12703 Bloomington Drive Unit 139","78748","0449151301","5","Single Family","Ownership","Project Completed","1","1","0","0","0","0","0","0","0","0","0","1","0","0","09-15-2022","09-15-2062","40",,,,,"No","No","No","PUD Development Agreement",,"No",,,,,,,,,,,,"-97.8105378","30.118147"
"321","5846","Hills at Estancia Condominiums (MI Homes)","SLF III Onion Creek LP","Estancia Villas LLC","12704 Bloomington Drive Unit 143","78748","0449151301","5","Single Family","Ownership","Project Completed","1","1","0","0","0","0","0","0","0","0","0","1","0","0","06-17-2022","06-17-2062","40",,,,,"No","No","No","PUD Development Agreement",,"No",,,,,,,,,,,,"-97.8105378","30.118147"
"321","5847","Hills at Estancia Condominiums (MI Homes)","SLF III Onion Creek LP","Estancia Villas LLC","12713 Bloomington Drive Unit 135","78748","0449151301","5","Single Family","Ownership","Project Completed","1","1","0","0","0","0","0","0","0","0","0","1","0","0","06-10-2022","06-10-2062","40",,,,,"No","No","No","PUD Development Agreement",,"No",,,,,,,,,,,,"-97.8105378","30.118147"
"321","5848","Hills at Estancia Condominiums (MI Homes)","SLF III Onion Creek LP","Estancia Villas LLC","12719 Bloomington Drive Unit 132","78748","0449151301","5","Single Family","Ownership","Project Completed","1","1","0","0","0","0","0","0","0","0","0","1","0","0","01-06-2022","01-06-2062","40",,,,,"No","No","No","PUD Development Agreement",,"No",,,,,,,,,,,,"-97.8105378","30.118147"
"321","5849","Hills at Estancia Condominiums (MI Homes)","SLF III Onion Creek LP","Estancia Villas LLC","12725 Bloomington Drive Unit 129","78748","0449151301","5","Single Family","Ownership","Project Completed","1","1","0","0","0","0","0","0","0","0","0","1","0","0","08-11-2022","08-11-2062","40",,,,,"No","No","No","PUD Development Agreement",,"No",,,,,,,,,,,,"-97.8105378","30.118147"
"321","5850","Hills at Estancia Condominiums (MI Homes)","SLF III Onion Creek LP","Estancia Villas LLC","12807 Bloomington Drive Unit 124","78748","0449151301","5","Single Family","Ownership","Project Completed","1","1","0","0","0","0","0","0","0","0","0","1","0","0","06-17-2022","06-17-2062","40",,,,,"No","No","No","PUD Development Agreement",,"No",,,,,,,,,,,,"-97.8105378","30.118147"
"321","5852","Hills at Estancia Condominiums (MI Homes)","SLF III Onion Creek LP","Estancia Villas LLC","12902 Bloomington Drive Unit 115","78748","0449151301","5","Single Family","Ownership","Project Completed","1","1","0","0","0","0","0","0","0","0","0","1","0","0","08-25-2022","08-25-2062","40",,,,,"No","No","No","PUD Development Agreement",,"No",,,,,,,,,,,,"-97.8105378","30.118147"
"321","5854","Hills at Estancia Condominiums (MI Homes)","SLF III Onion Creek LP","Estancia Villas LLC","12907 Bloomington Drive Unit 119","78748","0449151301","5","Single Family","Ownership","Project Completed","1","1","0","0","0","0","0","0","0","0","0","1","0","0","10-04-2022","10-04-2062","40",,,,,"No","No","No","PUD Development Agreement",,"No",,,,,,,,,,,,"-97.8105378","30.118147"
"321","5857","Hills at Estancia Condominiums (MI Homes)","SLF III Onion Creek LP","Estancia Villas LLC","13001 Bloomington Drive Unit 59","78748","0449151301","5","Single Family","Ownership","Project Completed","1","1","0","0","0","0","0","0","0","0","0","1","0","0","12-22-2022","12-22-2062","40",,,,,"No","No","No","PUD Development Agreement",,"No",,,,,,,,,,,,"-97.8105378","30.118147"
"321","5858","Hills at Estancia Condominiums (MI Homes)","SLF III Onion Creek LP","Estancia Villas LLC","13007 Bloomington Drive Unit 56","78748","0449151301","5","Single Family","Ownership","Project Completed","1","1","0","0","0","0","0","0","0","0","0","1","0","0","12-12-2022","12-12-2062","40",,,,,"No","No","No","PUD Development Agreement",,"No",,,,,,,,,,,,"-97.8105378","30.118147"
"321","5859","Hills at Estancia Condominiums (MI Homes)","SLF III Onion Creek LP","Estancia Villas LLC","13012 Bloomington Drive Unit 45","78748","0449151301","5","Single Family","Ownership","Project Completed","1","1","0","0","0","0","0","0","0","0","0","1","0","0","05-31-2023","05-31-2063","40",,,,,"No","No","No","PUD Development Agreement",,"No",,,,,,,,,,,,"-97.8105378","30.118147"
"321","5860","Hills at Estancia Condominiums (MI Homes)","SLF III Onion Creek LP","Estancia Villas LLC","906 Pittsburgh Drive Unit 105","78748","0449151301","5","Single Family","Ownership","Project Completed","1","1","0","0","0","0","0","0","0","0","0","1","0","0","11-21-2022","11-21-2062","40",,,,,"No","No","No","PUD Development Agreement",,"No",,,,,,,,,,,,"-97.8105378","30.118147"
"321","5861","Hills at Estancia Condominiums (MI Homes)","SLF III Onion Creek LP","Estancia Villas LLC","920 Pittsburgh Drive Unit 99","78748","0449151301","5","Single Family","Ownership","Project Completed","1","1","0","0","0","0","0","0","0","0","0","1","0","0","01-02-2022","01-02-2062","40",,,,,"No","No","No","PUD Development Agreement",,"No",,,,,,,,,,,,"-97.8105378","30.118147"
"321","5862","Hills at Estancia Condominiums (MI Homes)","SLF III Onion Creek LP","Estancia Villas LLC","923 Pittsburgh Drive Unit 160","78748","0449151301","5","Single Family","Ownership","Project Completed","1","1","0","0","0","0","0","0","0","0","0","1","0","0","10-18-2022","10-18-2062","40",,,,,"No","No","No","PUD Development Agreement",,"No",,,,,,,,,,,,"-97.8105378","30.118147"
"321","5863","Hills at Estancia Condominiums (MI Homes)","SLF III Onion Creek LP","Estancia Villas LLC","1006 Pittsburgh Drive Unit 89","78748","0449151301","5","Single Family","Ownership","Project Completed","1","1","0","0","0","0","0","0","0","0","0","1","0","0","08-04-2022","08-04-2062","40",,,,,"No","No","No","PUD Development Agreement",,"No",,,,,,,,,,,,"-97.8105378","30.118147"
"321","5866","Hills at Estancia Condominiums (MI Homes)","SLF III Onion Creek LP","Estancia Villas LLC","12615 Standford Drive Unit 85","78748","0449151301","5","Single Family","Ownership","Project Completed","1","1","0","0","0","0","0","0","0","0","0","1","0","0","12-29-2021","12-29-2061","40",,,,,"No","No","No","PUD Development Agreement",,"No",,,,,,,,,,,,"-97.8105378","30.118147"
"321","5867","Hills at Estancia Condominiums (MI Homes)","SLF III Onion Creek LP","Estancia Villas LLC","12619 Stanford Drive Unit 83","78748","0449151301","5","Single Family","Ownership","Project Completed","1","1","0","0","0","0","0","0","0","0","0","1","0","0","03-29-2022","03-29-2062","40",,,,,"No","No","No","PUD Development Agreement",,"No",,,,,,,,,,,,"-97.8105378","30.118147"
"321","5868","Hills at Estancia Condominiums (MI Homes)","SLF III Onion Creek LP","Estancia Villas LLC","12800 Stanford Drive Unit 20","78748","0449151301","5","Single Family","Ownership","Project Completed","1","1","0","0","0","0","0","0","0","0","0","1","0","0","11-21-2022","11-21-2062","40",,,,,"No","No","No","PUD Development Agreement",,"No",,,,,,,,,,,,"-97.8105378","30.118147"
"321","5869","Hills at Estancia Condominiums (MI Homes)","SLF III Onion Creek LP","Estancia Villas LLC","12806 Stanford Drive Unit 23","78748","0449151301","5","Single Family","Ownership","Project Completed","1","1","0","0","0","0","0","0","0","0","0","1","0","0","09-27-2022","09-27-2062","40",,,,,"No","No","No","PUD Development Agreement",,"No",,,,,,,,,,,,"-97.8105378","30.118147"
"321","5870","Hills at Estancia Condominiums (MI Homes)","SLF III Onion Creek LP","Estancia Villas LLC","12814 Stanford Drive Unit 27","78748","0449151301","5","Single Family","Ownership","Project Completed","1","1","0","0","0","0","0","0","0","0","0","1","0","0","11-18-2022","11-18-2062","40",,,,,"No","No","No","PUD Development Agreement",,"No",,,,,,,,,,,,"-97.8105378","30.118147"
"321","5871","Hills at Estancia Condominiums (MI Homes)","SLF III Onion Creek LP","Estancia Villas LLC","12910 Stanford Drive Unit 35","78748","0449151301","5","Single Family","Ownership","Project Completed","1","1","0","0","0","0","0","0","0","0","0","1","0","0","01-17-2023","01-17-2063","40",,,,,"No","No","No","PUD Development Agreement",,"No",,,,,,,,,,,,"-97.8105378","30.118147"
"321","5872","Hills at Estancia Condominiums (MI Homes)","SLF III Onion Creek LP","Estancia Villas LLC","13000 Stanford Drive Unit 39","78748","0449151301","5","Single Family","Ownership","Project Completed","1","1","0","0","0","0","0","0","0","0","0","1","0","0","02-16-2023","02-16-2063","40",,,,,"No","No","No","PUD Development Agreement",,"No",,,,,,,,,,,,"-97.8105378","30.118147"
"321","5873","Hills at Estancia Condominiums (MI Homes)","SLF III Onion Creek LP","Estancia Villas LLC","13006 Stanford Drive Unit 42","78748","0449151301","5","Single Family","Ownership","Project Completed","1","1","0","0","0","0","0","0","0","0","0","1","0","0","11-21-2022","11-21-2062","40",,,,,"No","No","No","PUD Development Agreement",,"No",,,,,,,,,,,,"-97.8105378","30.118147"
"170","3551","Texan West Campus","American Campus Communities","Cobalt Partners Ltd.","2616 Salado Street","78705","0215020116","9","Multifamily","Rental","Affordability Period Expired","62","6","0","0","0","0","0","0","0","0","0","6","0","0","09-02-2005","09-02-2021","16","Paid","$37,824","06-19-2005",,"No","No","Yes",,"University Neighborhood Overlay - By The Unit (Pre-2014)","Yes",,,,,,,,,,,,"-97.745587","30.292265"
"171","3552","Quarters at Sterling","West Campus Partners III LP","Simmons Vedder & Company","709 W 22nd Street","78705","0212010901","9","Multifamily","Rental","Affordability Period Expired","100","10","0","0","0","0","0","0","0","0","0","10","0","0","08-15-2006","08-15-2021","15","Paid","$45,692","06-19-2005",,"No","No","No",,"University Neighborhood Overlay - By The Unit (Pre-2014)","Yes",,,,,,,,,,,,"-97.74596439606","30.28498621222"
"172","3553","Rio West Student Living","WCSH L.P.","DMC & Sterling University Mgmnt","2704 Rio Grande Street","78705","0215020323","9","Multifamily","Rental","Affordability Period Expired","76","8","0","0","0","0","0","0","0","0","0","8","0","0","08-10-2006","08-10-2021","15","Paid","$57,766","07-24-2006",,"No","No","Yes",,"University Neighborhood Overlay - By The Unit (Pre-2014)","Yes",,,,,,,,,,,,"-97.74454388","30.29296103"
"173","3554","Quarters at Cameron","West Campus Partners III LP","Simmons Vedder & Company","2707 Rio Grande Street","78705","0212010901","9","Multifamily","Rental","Affordability Period Expired","64","6","0","0","0","0","0","0","0","0","0","6","0","0","07-28-2006","07-28-2021","15","Paid","$29,988","08-01-2006",,"No","No","Yes",,"University Neighborhood Overlay - By The Unit (Pre-2014)","Yes",,,,,,,,,,,,"-97.74391416957","30.29239273635"
"174","3555","Quarters at Montgomery","West Campus Partners III LP","Simmons Vedder & Company","2700 Nueces Street","78705","0212010901","9","Multifamily","Rental","Affordability Period Expired","88","9","0","0","0","0","0","0","0","0","0","9","0","0","11-07-2008","11-07-2023","15","Paid","$40,925","08-01-2006",,"No","No","Yes",,"University Neighborhood Overlay - By The Unit (Pre-2014)","Yes",,,,,,,,,,,,"-97.74320661525","30.29207040031"
"175","3556","Texan Tower","2505 San Gabriel Ltd.","2505 San Gabriel Ltd.","2505 San Gabriel Street","78705","0214012301","9","Multifamily","Rental","Affordability Released","74","7","0","0","0","0","0","0","0","0","0","7","0","0","11-12-2008","11-12-2024","16","Paid","$37,964","03-09-2007",,"No","No","Yes",,"University Neighborhood Overlay - By The Unit (Pre-2014)","Yes",,,,,,,,,,,,"-97.74739903","30.2901088"
"176","3557","Block at Pearl - North","Pearl Block L.P. & Delaware Ltd. Partnership","Pearl Block L.P. & Delware Ltd. Partnership","901 W 22nd Street","78705","0212010606","9","Multifamily","Rental","Affordability Period Expired","47","5","0","0","0","0","0","0","0","0","0","5","0","0","12-19-2008","12-19-2023","15","Paid","$22,256","08-15-2007",,"No","No","Yes",,"University Neighborhood Overlay - By The Unit (Pre-2014)","Yes",,,,,,,,,,,,"-97.74663415","30.28606359"
"177","3558","Block on Pearl South","Pearl Block L.P. & Delaware Ltd. Partnership","Pearl Block L.P. & Delware Ltd. Partnership","900 W 22nd Street","78705","0212010606","9","Multifamily","Rental","Affordability Period Expired","49","5","0","0","0","0","0","0","0","0","0","5","0","0","12-17-2008","12-17-2023","15","Paid","$22,948","08-15-2008",,"No","No","Yes",,"University Neighborhood Overlay - By The Unit (Pre-2014)","Yes",,,,,,,,,,,,"-97.74670947","30.28562987"
"178","3559","Block on 28th","CWS Capital Partners LLC","CWS Capital Partners LLC","701 W 28th Street","78705","0215020314","9","Multifamily","Rental","Affordability Period Expired","100","10","0","0","0","0","0","0","0","0","0","10","0","0","11-06-2008","11-06-2023","15","Paid","$48,450","08-15-2007",,"No","No","Yes",,"University Neighborhood Overlay - By The Unit (Pre-2014)","Yes",,,,,,,,,,,,"-97.74463321","30.29327736"
"179","3560","Texan Shoal Creek","Texan Shoal Creek LLC","Texan Shoal Creek LLC","2502 Leon Street","78705","0214001601","9","Multifamily","Rental","Affordability Released","79","8","0","0","0","0","0","0","0","0","0","8","0","0","12-31-2008","12-31-2024","16","Paid","$36,407","05-15-2008",,"No","No","Yes",,"University Neighborhood Overlay - By The Unit (Pre-2014)","Yes",,,,,,,,,,,,"-97.74945961","30.28985058"
"180","3561","Texan at Pearl","Texan Properties LLC","Texan Properties LLC","2515 Pearl Street","78705","0214010233","9","Multifamily","Rental","Affordability Released","81","8","0","0","0","0","0","0","0","0","0","8","0","0","10-15-2008","10-15-2024","16","Paid","$34,418","08-01-2008",,"No","No","Yes",,"University Neighborhood Overlay - By The Unit (Pre-2014)","Yes",,,,,,,,,,,,"-97.74625073","30.29064945"
"181","3562","Quarters at Grayson","Simmons Vedder & Company","Simmons Vedder & Company","714 W 22nd Street","78705","0212010216","9","Multifamily","Rental","Affordability Period Expired","100","10","0","0","0","0","0","0","0","0","0","10","0","0","10-23-2008","10-23-2023","15","Paid","$47,890","08-05-2008",,"No","No","Yes",,"University Neighborhood Overlay - By The Unit (Pre-2014)","Yes",,,,,,,,,,,,"-97.74630853","30.28550747"
"182","3563","Quarters at Nueces House","Simmons Vedder & Company","Simmons Vedder & Company","2300 Nueces Street","78705","0212010216","9","Multifamily","Rental","Affordability Period Expired","232","23","0","0","0","0","0","0","0","0","0","23","0","0","10-28-2008","10-28-2023","15","Paid","$111,106","08-05-2008",,"No","No","Yes",,"University Neighborhood Overlay - By The Unit (Pre-2014)","Yes",,,,,,,,,,,,"-97.74390448","30.28679177"
"183","3564","Karnes House (fka University Garden Apartments)","Simmons Vedder & Company","Simmons Vedder & Company","2222 Rio Grande Street","78705","0212010216","9","Multifamily","Rental","Affordability Period Expired","12","1","0","0","0","0","0","0","0","0","0","1","0","0","11-17-2008","11-17-2023","15","Paid","$5,746","08-05-2008",,"No","No","Yes",,"University Neighborhood Overlay - By The Unit (Pre-2014)","Yes",,,,,,,,,,,,"-97.74501122","30.28685336"
"184","3565","26 West (fka Jefferson at West Campus)","JPI Development Services","JPI Development Services","600 W 26th Street","78705","0215020501","9","Multifamily","Rental","Affordability Period Expired","364","36","0","0","0","0","0","0","0","0","0","36","0","0","10-09-2008","10-09-2024","16","Paid","$57,766","07-24-2006",,"No","No","Yes",,"University Neighborhood Overlay - By The Unit (Pre-2014)","Yes",,,,,,,,,,,,"-97.74346368","30.29111022"
"186","3567","Block on 25th West","CWS Capital Partners LLC","CWS Capital Partners LLC","2501 Pearl Street","78705","0214010224","9","Multifamily","Rental","Affordability Period Expired","80","8","0","0","0","0","0","0","0","0","0","8","0","0","10-10-2008","10-10-2023","15","Paid","$38,896","08-15-2008",,"No","No","Yes",,"University Neighborhood Overlay - By The Unit (Pre-2014)","Yes",,,,,,,,,,,,"-97.7462254","30.28958455"
"187","3568","Block on 25th East","CWS Capital Partners LLC","CWS Capital Partners LLC","702 W 25th Street","78705","0214010224","9","Multifamily","Rental","Affordability Period Expired","87","9","0","0","0","0","0","0","0","0","0","9","0","0","10-17-2008","10-17-2023","15","Paid","$58,345","08-15-2008",,"No","No","Yes",,"University Neighborhood Overlay - By The Unit (Pre-2014)","Yes",,,,,,,,,,,,"-97.74515909","30.28957953"
"189","3570","Block on 23rd","CWS Apartment Homes LLC","CWS Apartment Homes","2222 Pearl Street","78705","0212010106","9","Multifamily","Rental","Affordability Period Expired","99","10","0","0","0","0","0","0","0","0","0","10","0","0","10-10-2008","10-10-2023","15","Paid","$45,940","08-20-2008",,"No","No","Yes",,"University Neighborhood Overlay - By The Unit (Pre-2014)","Yes",,,,,,,,,,,,"-97.74671373","30.28706135"
"190","3571","Galileo","Udorn Thani Land Development LLC","Udorn Thani Land Development LLC","910 W 25th Street","78705","0214012401","9","Multifamily","Rental","Affordability Period Expired","47","5","0","0","0","0","0","0","0","0","0","5","0","0","10-22-2008","10-22-2023","15","Paid","$29,390","08-20-2008",,"No","No","Yes",,"University Neighborhood Overlay - By The Unit (Pre-2014)","Yes",,,,,,,,,,,,"-97.74734934","30.28963999"
"191","3572","21 Rio","2101 Rio Grande Property Owner LLC","2101 Rio Grande Property Owner LLC","2101 Rio Grande Street","78705","0212011006","9","Multifamily","Rental","Affordability Period Expired","299","30","0","0","0","0","0","0","30","0","0","0","0","0","08-28-2009","08-28-2024","15","Paid","$78,333","10-01-2009",,"No","No","Yes",,"UNO - 2014 Bedroom Opt-In","Yes",,,,,,,,,,,,"-97.74474277","30.2842162"
"192","3573","Vintage","22 1/2 Street Partners LP","22 1/2 Street Partners","904 W 22nd Street","78705","0212010608","9","Multifamily","Rental","Affordability Period Expired","62","6","0","0","0","0","0","0","0","0","0","6","0","0","08-14-2009","08-14-2025","16","Paid","$26,860","10-01-2009",,"No","No","Yes",,"University Neighborhood Overlay - By The Unit (Pre-2014)","Yes",,,,,,,,,,,,"-97.74701685","30.28561668"
"193","3574","Grand Marc at 26th","PPC Land Ventures Inc.","PPC Land Ventures Inc.","510 W 26th Street","78705","0215020701","9","Multifamily","Rental","Project Completed","138","14","0","0","0","0","0","0","0","0","0","14","0","0","01-18-2013","01-18-2028","15","Paid","$54,638","06-21-2012",,"No","No","Yes",,"University Neighborhood Overlay - By The Unit (Pre-2014)","Yes",,,,,,,,,,,,"-97.74257135","30.29099868"
"194","3575","2608 Salado Multifamily","Kline Ventures LP","Kline Ventures LP","2608 Salado Street","78705","0215020113","9","Multifamily","Rental","Affordability Released","7","1","0","0","0","0","0","0","0","0","0","1","0","0","08-31-2011","08-31-2026","15","Paid","$6,447","06-08-2012",,"No","No","Yes",,"University Neighborhood Overlay - By The Unit (Pre-2014)","Yes",,,,,,,,,,,,"-97.74552828","30.29161949"
"195","3576","Ellora Apartments","ECO Properties LLC","ECO Properties LLC","908 W 21st Street","78705","0212010808","9","Multifamily","Rental","Project Completed","23","2","0","0","0","0","0","0","2","0","0","0","0","0","12-13-2012","12-13-2027","15","Paid","$4,454","06-26-2012",,"No","No","Yes",,"UNO - 2014 Bedroom Opt-In","Yes",,,,,,,,,,,,"-97.74746589","30.28498076"
"196","3577","2401 Longview","24th & Longview LLC","24th & Longview LLC","2401 Longview Street","78705","0214001206","9","Multifamily","Rental","Project Completed","70","7","0","0","0","0","0","0","0","0","0","7","0","0","11-30-2012","11-30-2028","16","Paid","$31,401","01-07-2013",,"No","No","Yes",,"University Neighborhood Overlay - By The Unit (Pre-2014)","Yes",,,,,,,,,,,,"-97.75048641","30.28868985"
"198","3579","San Pedro Flats","Mantra Holdings LLC","2708 San Pedro LLC","2708 San Pedro Street","78705","0216011001","9","Multifamily","Rental","Project Completed","10","1","0","0","0","0","0","0","0","0","0","1","0","0","02-05-2014","02-05-2029","15","Paid","$6,829","03-04-2014",,"No","No","Yes",,"University Neighborhood Overlay - By The Unit (Pre-2014)","Yes",,,,,,,,,,,,"-97.74598714","30.29315244"
"199","3580","Twenty Two 15 (fka Quarters at Bandera House)","West Campus Partners III LP","West Campus Partners III LP","2215 Rio Grande Street","78705","0212010345","9","Multifamily","Rental","Project Completed","155","16","0","0","0","0","0","0","0","0","0","16","0","0","01-31-2014","01-31-2030","16","Paid","$60,209","06-26-2012",,"No","No","Yes",,"University Neighborhood Overlay - By The Unit (Pre-2014)","Yes",,,,,,,,,,,,"-97.74461305","30.28645112"
"202","3583","Callaway House Austin","ACC OP (West Campus) LLC","ACC OP (West Campus) LLC","505 W 22nd Street","78705","0212013401","9","Multifamily","Rental","Project Completed","219","22","0","0","0","0","0","0","0","0","0","22","0","0","09-17-2013","09-17-2029","16","Paid","$87,795","05-24-2013",,"No","No","Yes",,"University Neighborhood Overlay - By The Unit (Pre-2014)","Yes",,,,,,,,,,,,"-97.74342091","30.28494112"
"203","3584","Regents at 26th","West Campus 26th L.P.","West Campus 26th L.P.","900 W 26th Street","78705","0214000710","9","Multifamily","Rental","Project Completed","139","14","0","0","0","0","0","0","0","0","0","14","0","0","10-25-2013","10-25-2028","15","Paid","$66,084","07-03-2013",,"No","No","Yes",,"University Neighborhood Overlay - By The Unit (Pre-2014)","Yes",,,,,,,,,,,,"-97.74649449","30.29099695"
"204","3585","Regents at 24th","Regents West 2th LP","Regents West 24th LP","2401 San Gabriel Street","78705","0214010703","9","Multifamily","Rental","Project Completed","93","9","0","0","0","0","0","0","0","0","0","9","0","0","12-29-2014","12-29-2029","15","Paid","$49,732","07-15-2014",,"No","No","Yes",,"University Neighborhood Overlay - By The Unit (Pre-2014)","Yes",,,,,,,,,,,,"-97.74745612","30.28842124"
"205","3586","Villas on 26th","Villas on 26th Street LP","Villas on 26th Street LP","800 W 26th Street","78705","0215020101","9","Multifamily","Rental","Project Completed","49","5","0","0","0","0","0","0","0","0","0","5","0","0","03-05-2015","03-05-2030","15","Paid","$39,422","12-11-2014",,"No","No","Yes",,"University Neighborhood Overlay - By The Unit (Pre-2014)","Yes",,,,,,,,,,,,"-97.74556505","30.2909574"
"206","3587","Texan 26th","Texan Properties LLC","Texan Properties LLC","1009 W 26th Street","78705","0214000911","9","Multifamily","Rental","Project Completed","206","21","0","0","0","0","0","0","21","0","0","0","0","0","11-03-2015","11-03-2030","15","Paid","$36,076","11-04-2014",,"No","No","Yes",,"UNO - 2014 Bedroom Opt-In","Yes",,,,,,,,,,,,"-97.7481753","30.29058927"
"211","3592","UH 2100","US 2100 San Antonio LLC","UH 2100 San Antonio LLC","2100 San Antonio Street","78705","0212013601","9","Multifamily","Rental","Project Completed","504","50","0","0","0","0","0","0","50","0","0","0","0","0","02-15-2017","02-15-2058","41","Paid","$185,085","05-16-2016",,"No","No","Yes",,"UNO - 2014 Bedroom Opt-In","Yes",,,,,,,,,,,,"-97.74312525","30.28418536"
"212","3593","Skyloft","23 Nueces LLC","23 Nueces LLC","507 W 23rd Street","78705","0212010412","9","Multifamily","Rental","Project Completed","677","68","0","0","0","0","0","0","68","0","0","0","0","0","08-14-2018","08-14-2058","40","Paid","$216,931","07-19-2018",,"No","No","Yes",,"UNO - Post-2014","Yes",,,,,,,,,,,,"-97.743507","30.286358"
"213","3594","Texas Alpha House","Texas Alpha House of Phi Kappa Psi Fraternity","Texas Alpha House of Phi Kappa Psi Fraternity","2501 Nueces Street","78705","0214010523","9","Multifamily","Rental","Project Completed","17","2","0","0","0","0","0","0","2","0","0","0","0","0","06-29-2017","06-29-2057","40","Paid","$4,362","05-10-2017",,"No","No","Yes",,"UNO - Post-2014","Yes",,,,,,,,,,,,"-97.74277481","30.28932076"
"214","3595","Villas on San Gabriel II","2410 San Gabriel LP","2410 San Gabriel LP","2414 San Gabriel Street","78705","0214001334","9","Multifamily","Rental","Project Completed","92","9","0","0","0","0","0","0","9","0","0","0","0","0","07-30-2018","07-30-2058","40","Paid","$174,596","05-31-2018",,"No","No","Yes",,"UNO - Post-2014","Yes",,,,,,,,,,,,"-97.748126","30.289187"
"253","3679","Pointe on Rio","19 Rio Partners LP","19 Rio Partners LP","1901 Rio Grande Street","78705","0212011511","9","Multifamily","Rental","Project Completed","122","12","0","0","0","0","0","0","0","0","0","12","0","0","07-15-2015","07-15-2030","15","Paid","$66,388","07-15-2015",,"No","No","Yes",,"University Neighborhood Overlay - By The Unit (Pre-2014)","Yes",,,,,,,,,,,,"-97.74492906","30.28285304"
"263","3728","The Nine at Austin","Scannell Development Company","Scannell Development Company","2518 Leon Street","78705","0214000525","9","Multifamily","Rental","Project Completed","98","10","0","0","0","0","0","0","10","0","0","0","0","0","06-05-2019","06-05-2059","40","Paid","$118,151","06-13-2018",,"No","No","Yes",,"UNO - Post-2014","Yes",,,,,,,,,,,,"-97.749342","30.290996"
"284","3753","Avon at 22nd","Allada UNO LLC","Allada UNO LLC","911 W 22nd Street","78705","0212010802","9","Multifamily","Rental","Project Completed","19","2","0","0","0","0","0","0","2","0","0","0","0","0","09-16-2019","09-16-2059","40","Paid","$8,236","05-29-2019",,"No","No","Yes",,"UNO - Post-2014","Yes",,,,,,,,,,,,"-97.74770257","30.28524853"
"281","3754","2502 Nueces Street","Lincoln Ventures LLC","Lincoln Ventures LLC","2502 Nueces Street","78705","0214010407","9","Multifamily","Rental","Project Completed","46","5","0","0","0","0","0","0","5","0","0","0","0","0","09-11-2017","09-11-2057","40","Paid","$57,714","10-23-2017",,"No","No","Yes",,"UNO - Post-2014","Yes",,,,,,,,,,,,"-97.743338","30.289642"
"278","3755","Signature 1909","Breckenridge Group West Campus LP","Aspen Heights","1909 Rio Grande Street","78705","0212011515","9","Multifamily","Rental","Project Completed","464","47","0","0","0","0","0","0","47","0","0","0","0","0","07-11-2018","07-11-2058","40","Paid","$166,633","06-15-2018",,"No","No","Yes",,"UNO - Post-2014","Yes",,,,,,,,,,,,"-97.744783","30.283589"
"308","3833","901 East 6th","Osten Hall LLC","Osten Hall LLC","901 E 6th Street","78702","0204051001","3","Non-Residential","Non-Residential","Project Completed","0","0","0","0","0","0","0","0","0","0","0","0","0","0",,"12-30-3799","0","Paid","$710,940","12-20-2018",,"No","No","No",,"Transit Oriented Development","Yes",,,,,,,,,,,,"-97.733251","30.265072"
"303","3834","Plaza Saltillo TOD LP Plaza Saltillo","Plaza Saltillo TOD LP","Endeavor Real Estate Group","901 E 5th Street","78702","0204052301","3","Non-Residential","Non-Residential","Affordability Period Expired","0","0","0","0","0","0","0","0","0","0","0","0","0","0","09-16-2020","09-16-2020","0","Paid","$1,460,013","09-26-2019",,"No","No","No",,"Transit Oriented Development","Yes",,,,,,,,,,,,"-97.733843","30.264122"
"331","3873","The Nine at Rio","Scannell Development Company","Scannell Development Company","2100 Rio Grande Street","78705","0212010905","9","Multifamily","Rental","Project Completed","109","11","0","0","0","0","0","0","11","0","0","0","0","0","08-26-2019","08-26-2059","40","Paid","$118,478","12-03-2018",,"No","No","Yes",,"UNO - Post-2014","Yes",,,,,,,,,,,,"-97.745293","30.284272"
"339","3883","Inspire on 22nd","Capstone Collegiate-Communities","Capstone Collegiate-Communities","2200 Nueces Street","78705","0212013701","9","Multifamily","Rental","Project Completed","439","44","0","0","0","0","0","0","44","0","0","0","0","0","10-30-2019","10-30-2059","40","Paid","$146,959","07-25-2019",,"No","No","Yes",,"UNO - Post-2014","Yes",,,,,,,,,,,,"-97.744188","30.285401"
"345","3891","The Standard at Austin","University Towers Austin LLC","Landmark Properties","715 W 23rd Street","78705","0212010215","9","Multifamily","Rental","Project Completed","911","91","0","0","0","0","0","0","91","0","0","0","0","0","12-21-2021","12-21-2061","40","Paid","$331,591","11-10-2021",,"No","No","Yes",,"UNO - Post-2014","Yes",,,,,,,,,,,,"-97.745828","30.286992"
"360","3931","HPI-Domain Office","HPI Real Estate Services & Investments","Big Red Dog","10721 Domain Drive","78758","0254060119","7","Non-Residential","Non-Residential","Project Completed","0","0","0","0","0","0","0","0","0","0","0","0","0","0",,"12-30-3799","0","Paid","$581,536","05-18-2018",,"No","No","No",,"North Burnet Gateway","Yes",,,,,,,,,,,,"-97.726734","30.39543"
"370","3957","Muze Student Living","ParallelCO L.L.C. w LSD-Austin L.L.C","ParallelCO L.L.C. w LSD-Austin L.L.C","2100 Nueces Street","78705","0212011004","9","Multifamily","Rental","Project Completed","459","46","0","0","0","0","0","0","46","0","0","0","0","0","09-26-2019","09-26-2059","40","Paid","$158,273","09-13-2019",,"No","No","Yes",,"UNO - Post-2014","Yes",,,,,,,,,,,,"-97.744347","30.284159"
"374","3962","Aspen Heights","Aspen Heights","Aspen Heights","805 Nueces Street","78701","0208011301","9","Multifamily","Rental","Project Completed","196","0","0","0","0","0","0","0","0","0","0","0","0","0",,"12-30-3799","0","Paid","$868,240","01-03-2017",,"No","No","No",,"Downtown Density Bonus","Yes",,,,,,,,,,,,"-97.747453","30.271718"
"385","4014","Villas on Nueces","Villa Nueces LP","Villa Nueces LP","2207 Nueces Street","78705","0212010408","9","Multifamily","Rental","Project Completed","99","10","0","0","0","0","0","0","10","0","0","0","0","0","01-10-2020","01-10-2060","40","Paid","$108,000","01-08-2020",,"No","No","Yes",,"UNO - Post-2014","Yes",,,,,,,,,,,,"-97.743575","30.285871"
"386","4016","AVIA @ 26th","1010 W 26th LLC","1010 W 26th LLC","1010 W 26th Street","78705","0214000607","9","Multifamily","Rental","Project Completed","65","14","0","0","0","0","0","7","7","0","0","0","0","0","12-30-2021","12-30-2061","40","Paid","$25,192","10-05-2021",,"No","No","Yes",,"UNO - Post-2014","Yes",,,,,,,,,,,,"-97.748911","30.291257"
"387","4047","1801 E 6th Street","RRZ E 6th LP","Riverside Resources","1801 E 6th Street","78702","0204080919","3","Non-Residential","Non-Residential","Project Completed","0","0","0","0","0","0","0","0","0","0","0","0","0","0",,"12-30-3799","0","Paid","$491,139","06-06-2017",,"No","No","No",,"Transit Oriented Development","Yes",,,,,,,,,,,,"-97.72353503","30.26185226"
"395","4342","5th and West Residences","5th and West Owner LP","Riverside Resources Investments II LTD.","501 West Avenue","78701","0107003301","9","Multifamily","Ownership","Project Completed","163","0","0","0","0","0","0","0","0","0","0","0","0","0",,"12-30-3799","0","Paid","$487,135","12-06-2018",,"No","No","No",,"Downtown Density Bonus","Yes",,,,,,,,,,,,"-97.750679","30.269427"
"396","4343","5th and Brazos","WM Austin LLC","Magellan Development Group","501 Brazos Street","78701","0206031115","9","Multifamily","Rental","Project Completed","394","0","0","0","0","0","0","0","0","0","0","0","0","0",,"12-30-3799","0","Paid","$788,070","11-09-2022",,"No","No","No",,"Downtown Density Bonus","Yes",,,,,,,,,,,,"-97.741466","30.266956"
"406","4411","AC Autograph Hotel","Austin 19 Hotel LLC","Austin 19 Hotel LLC","1901 San Antonio Street","78705","0212011713","9","Non-Residential","Non-Residential","Project Completed","0","0","0","0","0","0","0","0","0","0","0","0","0","0",,"12-30-3799","0","Paid","$99,846","10-11-2017",,"No","No","No",,"UNO - Post-2014","Yes",,,,,,,,,,,,"-97.742913","30.28223317"
"408","4432","Alexan Waterloo","Trammel Crow Residential and Texas Motor Transportation & Oilfield Haulers Inc","Texas Motor Transportation & Oilfield Haulers INC","700 E 11th Street","78701","0208051801","9","Multifamily","Rental","Project Completed","276","4","0","0","0","0","0","0","0","0","0","4","0","0","03-28-2022","03-28-2062","40","Paid","$131,937","10-08-2021",,"No","No","No",,"Downtown Density Bonus","Yes",,,,,,,,,,,,"-97.733918","30.271082"
"414","4439","4 East","4EAST Austin Owner LLC","CC Third and Comal LP","405 Comal Street","78702","0204080313","3","Non-Residential","Non-Residential","Project Completed","0","0","0","0","0","0","0","0","0","0","0","0","0","0",,"12-30-3799","0","Paid","$648,230","05-04-2021",,"No","No","No",,"Transit Oriented Development","Yes",,,,,,,,,,,,"-97.72711","30.26177"
"415","4440","Ruckus 2.0","2401 Rio LLC","2401 Rio LLC","620 W 24th Street","78705","0214011304","9","Multifamily","Rental","Project Completed","67","7","0","0","0","0","0","0","7","0","0","0","0","0","08-12-2019","08-12-2059","40","Paid","$87,069","07-15-2019",,"No","No","Yes",,"UNO - Post-2014","Yes",,,,,,,,,,,,"-97.744404","30.28825"
"592","5374","Moontower","2204 San Antonio St LLC","Lincoln Ventures LLC","2204 San Antonio Street","78705","0212013801","9","Multifamily","Rental","Project Completed","567","57","0","0","0","0","0","0","57","0","0","0","0","0","12-11-2020","12-11-2060","40","Paid","$199,175",,,"No","No","Yes",,"UNO - Post-2014","Yes",,,,,,,,,,,,"-97.743134","30.285646"
"593","5375","The Quincy","91 Red River Investors LTD and 93 Red River Investors LTD","91 Red River Investors LTD and 93 Red River Investors LTD","91 Red River Street","78701","0203032201","9","Multifamily","Rental","Project Completed","347","14","0","0","0","0","0","0","0","0","0","14","0","0","08-13-2021","08-13-2061","40","Paid","$589,554","07-15-2021",,"No","No","No",,"Downtown Density Bonus;Rainey Street","Yes",,,,,,,,,,,,"-97.738965","30.260476"
"594","5376","Hilltop","Johnson Trube & Associates LLC","Johnson Trube & Associates LLC","2408 San Gabriel Street","78705","0214001307","9","Multifamily","Rental","Project Completed","505","102","0","0","0","0","0","51","51","0","0","0","0","0","10-21-2020","10-21-2060","40","Paid","$185,282",,,"No","No","Yes",,"UNO - Post-2014","Yes",,,,,,,,,,,,"-97.748152","30.28839"
"603","5391","924 E 7th Street","7th and San Marcos LLC","7th and San Marcos LLC","924 E 7th Street","78705","0206050214","1","Non-Residential","Non-Residential","Project Completed","0","0","0","0","0","0","0","0","0","0","0","0","0","0",,"12-30-3799","0","Paid","$574,200","05-05-2025",,"No","No","No",,"Transit Oriented Development","Yes",,,,,,,,,,,,"-97.731875","30.266261"
"607","5415","Villas in Rio","Villa Rio LP","Villa Rio LP","2111 Rio Grande St","78705","0212011010","9","Multifamily","Rental","Project Completed","279","28","0","0","0","0","0","0","28","0","0","0","0","0","10-27-2021","10-27-2061","40","Paid","$280,580","08-10-2022",,"No","No","Yes",,"UNO - Post-2014","Yes",,,,,,,,,,,,"-97.744711","30.285037"
"609","5423","Hilton Garden Inn Hotel","Lions Veldt Inc","Lions Veldt Inc","2600 Brockton Drive","78758","0","7","Non-Residential","Non-Residential","Under Construction","0","0","0","0","0","0","0","0","0","0","0","0","0","0",,"12-30-3799","0","Due","$196,168",,,"No","No","No",,"North Burnet Gateway","Yes",,,,,,,,,,,,"-97.71924","30.393088"
"622","5472","6th + Guadalupe","Alpine Guadalupe LLC","Alpine Guadalupe LLC","600 Guadalupe Street","78702","0206012401","9","Multifamily","Rental","Project Completed","349","0","0","0","0","0","0","0","0","0","0","0","0","0",,"12-30-3799","0","Paid","$2,780,212","05-20-2024",,"No","No","No",,"Downtown Density Bonus","Yes",,,,,,,,,,,,"-97.746472","30.269361"
"630","5494","Moxy Hotel","0","White Lodging Services Corp","2552 Guadalupe Street","78705","0214010613","9","Non-Residential","Non-Residential","Project Completed","0","0","0","0","0","0","0","0","0","0","0","0","0","0",,"12-30-3799","0","Paid","$32,981","12-10-2018",,"No","No","No",,"UNO - Post-2014","Yes",,,,,,,,,,,,"-97.74165","30.290178"
"632","5496","1900 Block Nueces","Parallel 1900 Block Nueces LLC","Parallel 1900 Block Nueces LLC","2020 Nueces Street","78705","0212011504","9","Multifamily","Rental","Project Completed","153","15","0","0","0","0","0","0","15","0","0","0","0","0","10-26-2021","10-26-2061","40","Paid","$185,398","09-27-2021",,"No","No","Yes",,"UNO - Post-2014","Yes",,,,,,,,,,,,"-97.7443","30.28375"
"633","5497","2614 Rio Grande","Capstone Collegiate-Communities","Capstone Collegiate-Communities","2614 Rio Grande Street","78705","0215020317","9","Multifamily","Rental","Project Completed","545","110","0","0","0","0","0","55","55","0","0","0","0","0","12-13-2021","12-13-2061","40","Paid","$162,729","08-24-2021",,"No","No","Yes",,"UNO - Post-2014","Yes",,,,,,,,,,,,"-97.74479","30.29174"
"649","5559","Hanover Republic Square","Fifth and Lavaca Republic Square LP","Simms & Stein Family Trust","303 W 5th Street","78701","0206011205","9","Multifamily","Rental","Project Completed","309","0","0","0","0","0","0","0","0","0","0","0","0","0",,"12-30-3799","0","Paid","$3,023,450","03-20-2023",,"No","No","No",,"Downtown Density Bonus","Yes",,,,,,,,,,,,"-97.745876","30.267592"
"650","5560","Domain Tower II","SL Domain LP","SL Domain LP","10723 Domain Drive","78758","0254060119","7","Non-Residential","Non-Residential","Under Construction","0","0","0","0","0","0","0","0","0","0","0","0","0","0",,"12-30-3799","0","Pending","$2,006,956",,,"No","No","No",,"North Burnet Gateway","Yes",,,,,,,,,,,,"-97.72644293","30.39396834"
"657","5568","The Mark Austin","LCD-Austin Property Owner LLC","LCD-Austin Property Owner LLC","812 W 23rd Street","78705","0214011425","9","Multifamily","Rental","Project Completed","962","97","0","0","0","0","0","0","97","0","0","0","0","0","08-01-2023","08-01-2063","40","Paid","$328,261","06-06-2023",,"No","No","Yes",,"UNO - Post-2014","Yes",,,,,,,,,,,,"-97.7463","30.28786"
"658","5569","North Burnet Gateway Plaza","Dailey Robson Enterprises LLC; CCP Burnet LLC","Dailey Robson Enterprises LLC; CCP Burnet LLC","10615 Burnet Road","78758","0252080708","7","Non-Residential","Non-Residential","Under Construction","0","0","0","0","0","0","0","0","0","0","0","0","0","0",,"12-30-3799","0","Pending","$2,718,527",,,"No","No","No",,"North Burnet Gateway","Yes",,,,,,,,,,,,"-97.72192","30.39005"
"659","5570","2513 Seton","2513 Seton LLC","Lincoln Ventures LLC (2513 Seton LLC)","2513 Seton Avenue","78705","0214010412","9","Multifamily","Rental","Project Completed","805","81","0","0","0","0","0","0","81","0","0","0","0","0","01-08-2024","01-08-2064","40","Paid","$273,877","09-18-2023",,"No","No","Yes",,"UNO - Post-2014","Yes",,,,,,,,,,,,"-97.743316","30.290126"
"660","5576","17th Street Condominimums","1615 Guadalupe LLC","1615 Guadalupe LLC","313 W. 17th Street","78701","0210022203","9","Multifamily","Rental","Project Completed","117","0","0","0","0","0","0","0","0","0","0","0","0","0",,"12-30-3799","0","Paid","$370,893","02-26-2025",,"No","No","No",,"Downtown Density Bonus","Yes",,,,,,,,,,,,"-97.74210818","30.27952495"
"665","5583","44 East","42 East Avenue Investors LLC (TR1)/LROC Properties Southwest LP (TR2)","42 East Avenue Investors LLC (TR1)/LROC Properties Southwest LP (TR2)","44 East Avenue","78701","0203030930","9","Multifamily","Ownership","Project Completed","322","13","0","0","0","0","0","0","0","0","0","13","0","0","04-12-2023","04-12-2122","99","Paid","$652,641","04-12-2023",,"No","No","No",,"Downtown Density Bonus;Rainey Street","Yes",,,,,,,,,,,,"-97.73903","30.255903"
"650","5596","Domain Tower III","SL Domain LP","SL Domain LP","10025 Alterra Parkway","78758","0254080411","7","Non-Residential","Non-Residential","Project Completed","0","0","0","0","0","0","0","0","0","0","0","0","0","0",,"12-30-3799","0","Paid","$2,114,448","12-20-2021",,"No","No","No",,"North Burnet Gateway","Yes",,,,,,,,,,,,"-97.721899","30.394717"
"650","5597","Domain Tower IV","SL Domain LP","SL Domain LP","10017 Alterra Parkway","78758","0254080412","7","Non-Residential","Non-Residential","Certified","0","0","0","0","0","0","0","0","0","0","0","0","0","0",,"12-30-3799","0","Pending","$3,138,905",,,"No","No","No",,"North Burnet Gateway","Yes",,,,,,,,,,,,"-97.722303","30.394277"
"650","5598","Bowen","SL Domain LP","SL Domain LP","3000 Gracie Kiltz Lane","78758","0254060124","7","Multifamily","Rental","Project Completed","340","19","0","0","0","0","0","0","19","0","0","0","0","0","09-30-2022","09-30-2062","40","Paid","$1,930,425","06-01-2022",,"No","No","No",,"North Burnet Gateway","Yes",,,,,,,,,,,,"-97.7251","30.395315"
"676","5606","Onion Street West","6th and Onion LP","6th and Onion LP","1401 E 6th St","78702","0204063201","3","Non-Residential","Non-Residential","Project Completed","0","0","0","0","0","0","0","0","0","0","0","0","0","0",,"12-30-3799","0","Paid","$1,490,421","05-27-2022",,"No","No","No",,"Transit Oriented Development","Yes",,,,,,,,,,,,"-97.728363","30.263416"
"679","5617","Metacortex","2400 Seton LLC","Lincoln Ventures","2400 Seton Ave and 613 W 24 1/2 Street","78705","0214011303","9","Multifamily","Rental","Project Completed","241","48","0","0","0","0","0","24","24","0","0","0","0","0","04-10-2023","04-10-2063","40","Paid","$228,681",,,"No","No","Yes",,"UNO - Post-2014","Yes",,,,,,,,,,,,"-97.74411","30.28805"
"705","5661","10001 Stonelake Blvd","CA Senior Living Holdings LLC","CA Senior Living Holdings LLC","10001 Stonelake Blvd","78759","0252000202","7","Non-Residential","Non-Residential","Project Completed","0","0","0","0","0","0","0","0","0","0","0","0","0","0",,"12-30-3799","0","Paid","$173,810","01-31-2024",,"No","No","No",,"North Burnet Gateway","Yes",,,,,,,,,,,,"-97.73863","30.39158"
"711","5675","The Chelsea","WGC San Gabriel LLC","WGC San Gabriel LLC","2500 San Gabriel St","78705","0214001011","9","Multifamily","Rental","Project Completed","118","12","0","0","0","0","0","0","12","0","0","0","0","0","02-11-2026","02-11-2066","40","Paid","$98,358.6","01-08-2025",,"No","No","Yes",,"UNO - Post-2014","Yes",,,,,,,,,,,,"-97.7478231","30.28958722"
"712","5676","Lamar Place","Hosebark LLLP","Hosebark LLLP","2411 Longview Street","78705","0214001209","9","Multifamily","Rental","Certified","298","60","0","0","0","0","0","30","30","0","0","0","0","0",,"12-30-1939","40",,,,,"No","No","Yes",,"UNO - Post-2014","Yes",,,,,,,,,,,,"-97.75034","30.28936"
"734","5702","321 W 6th Street","BBVA USA and Ehrilich Sixth Street Restaurant Ltd","BBVA USA and Ehrlich Sixth Street Restaurant Ltd","321 W 6th Street","78701","0206011302","9","Multifamily","Rental","Project Completed","363","0","0","0","0","0","0","0","0","0","0","0","0","0",,"12-30-3799","0","Paid","$2,225,248","12-04-2025",,"No","No","No",,"Downtown Density Bonus","Yes",,,,,,,,,,,,"-97.74608","30.26871"
"741","5711","Hanover Brazos Street","Conventus Corporation","THC Austin Brazos LLC","201 E 3rd Street","78701","0205021001","9","Multifamily","Rental","Project Completed","308","0","0","0","0","0","0","0","0","0","0","0","0","0",,"12-30-3799","0","Paid","$2,978,583","03-05-2024",,"No","No","No",,"Downtown Density Bonus","Yes",,,,,,,,,,,,"-97.742322","30.26454"
"755","5726","1300 E 5th Street","1300 East 5th St Austin Owner LLC","1300 East 5th St Austin Owner LLC","1300 E 5th St","78702","0204061014","3","Non-Residential","Non-Residential","Project Completed","0","0","0","0","0","0","0","0","0","0","0","0","0","0",,"12-30-3799","0","Paid","$534,000","09-08-2025",,"No","No","No",,"Transit Oriented Development","Yes",,,,,,,,,,,,"-97.72928","30.26325"
"753","5732","Broadmoor Campus","Broadmoor Austin Associates","Broadmoor Austin Associates","11501 Burnet Road Multiple addresses","78758","0256080910","7","Non-Residential","Non-Residential","Under Construction","0","0","0","0","0","0","0","0","0","0","0","0","0","0",,"12-30-3799","0","Pending","$1,515,794",,,"No","No","No",,"North Burnet Gateway;Transit Oriented Development","Yes",,,,,,,,,,,,"-97.71706691","30.40055495"
"758","5735","The East Tower","84 East JV LLC","84 East JV LLC","82 - 84 N Interstate Hwy IH-35","78701","0203031026","9","Multifamily","Ownership","Project Completed","284","11","0","0","0","0","0","0","0","0","0","11","0","0","06-17-2024","06-17-2123","99","Paid","$644,775","07-09-2024",,"No","No","No",,"Downtown Density Bonus;Rainey Street","Yes",,,,,,,,,,,,"-97.73761","30.25973"
"778","5764","The Travis - Tower 1","PR II Genesis 80 RRS LP","Genesis Living","80 Red River St","78701","0203033103","9","Multifamily","Rental","Under Construction","423","16","0","0","0","0","0","0","0","0","0","16","0","0",,"12-30-1939","40","Due","$1,871,175",,,"No","No","No",,"Downtown Density Bonus;Rainey Street","Yes",,,,,,,,,,,,"-97.73999","30.26001"
"779","5767","Domain Point","TR Domain LLC","Endeavor Real Estate Group","11921 N MOPAC EXPY SVRD NB","78759","0254080408","7","Non-Residential","Non-Residential","Under Construction","0","0","0","0","0","0","0","0","0","0","0","0","0","0",,"12-30-3799","0","Pending","$2,230,200",,,"No","No","No",,"North Burnet Gateway","Yes",,,,,,,,,,,,"-97.72323323","30.3966558"
"785","5785","Nueces Tower","CA Student Living","CA Student Living","2206 Nueces St","78705","0212010347","9","Multifamily","Rental","Project Completed","304","62","0","0","0","0","0","31","31","0","0","0","0","0","06-10-2024","06-10-2064","40","Paid","$301,070","06-10-2024",,"No","No","Yes",,"UNO - Post-2014","Yes",,,,,,,,,,,,"-97.74411","30.285851"
"789","5800","90.92 Rainey","KMB Management LLC","KMB Management LLC","90 Rainey Street 610 Davis Street","78701","0203030708","9","Multifamily","Ownership","Under Construction","319","20","0","0","0","0","0","0","0","0","0","20","0","0",,"12-30-1998","99","Paid","$1,317,780","03-05-2025",,"No","No","No",,"Downtown Density Bonus;Rainey Street","Yes",,,,,,,,,,,,"-97.73849","30.26037"
"790","5801","River Street Residences","River Street Partners LLC","River Street Partners LLC","700 River Street 61-69 Rainey Street 60 East Ave","78701","0203031039","9","Multifamily","Rental","Project Completed","409","23","0","0","0","0","0","0","0","0","0","23","0","0","10-22-2025","10-22-2065","40","Paid","$1,149,783",,,"No","No","No",,"Downtown Density Bonus;Rainey Street","Yes",,,,,,,,,,,,"-97.7383","30.25787"
"806","5851","7th Street Hotel","Two Austin Originals LLC","Two Austin Originals LLC","1603 E 7th Street","78702","0204080503","3","Non-Residential","Non-Residential","Under Construction","0","0","0","0","0","0","0","0","0","0","0","0","0","0",,"12-30-3799","0","Pending","$153,792",,,"No","No","No",,"Transit Oriented Development","Yes",,,,,,,,,,,,"-97.7258739","30.2636055"
"822","5908","415 Colorado Street","5Colorado LP","Stonelake Capital Partners","415 Colorado Street","78701","0205020205","9","Multifamily","Rental","Project Completed","328","0","0","0","0","0","0","0","0","0","0","0","0","0",,"12-30-3799","0","Paid","$3,738,610","08-12-2025",,"No","No","No",,"Downtown Density Bonus","Yes",,,,,,,,,,,,"-97.74425","30.26713"
"830","5915","Union on 24th","Greystar Development Central LLC","Greystar","701 W. 24th Street","78705","0214012101","9","Multifamily","Rental","Under Construction","552","112","0","0","0","0","0","56","56","0","0","0","0","0","12-16-2024","12-16-2064","40","Paid","$436,981",,,"No","No","Yes",,"UNO - Post-2014","Yes",,,,,,,,,,,,"-97.74513768","30.28765288"
"831","5916","Union on San Antonio","Greystar Development Central LLC","Greystar","2011 San Antonio Street","78705","0212014001","9","Multifamily","Rental","Under Construction","425","86","0","0","0","0","0","43","43","0","0","0","0","0",,"12-30-1939","40","Paid","$329,205",,,"No","No","Yes",,"UNO - Post-2014","Yes",,,,,,,,,,,,"-97.742841","30.283347"
"838","5924","28 N","WGC Nueces LLC","WGC Nueces LLC","2710 Nueces","78705","0215020510","9","Multifamily","Rental","Under Construction","368","74","0","0","0","0","0","37","37","0","0","0","0","0",,"12-30-1939","40","Paid","$140,900","03-03-2026",,"No","No","Yes",,"UNO - Post 2014","Yes",,,,,,,,,,,,"-97.74297251","30.29283712"
"303","4013","Talavera Lofts","Plaza Saltillo TOD LP","Endeavor Real Estate Group","413 Navasota Street","78702","0204052301","3","Multifamily","Rental","Project Completed","93","91","0","0","0","15","0","47","29","0","0","0","0","0","07-14-2022","07-14-2062","40",,,,"RHDA","No","No","Yes",,"Transit Oriented Development","No","9% LIHTC",,,"$797,921",,,,,"$1,000,000",,"$1,797,921","-97.728944","30.26244"
"423","4507","Cambrian East Riverside","Neo East Riverside LLC","Cambrian East Riverside LP","1806 Clubview Avenue","78741","0307131001","3","Multifamily","Rental","Project Completed","65","55","0","0","0","6","0","22","27","0","0","0","0","0","03-07-2022","03-07-2062","40",,,,"RHDA","No","No","Yes",,"East Riverside Corridor","No","9% LIHTC",,"$2,000,000",,,,,,,,"$2,000,000","-97.70590877","30.22718053"
"85","3404","The Chicon at Joyce Condominiums - Loan","Chestnut Neighborhood Revitalization Corporation","Chestnut Neighborhood Revitalization Corporation","1212 Chicon Street","78702","0208094901","1","Multifamily","Ownership","Project Completed","4","0","0","0","0","0","0","0","0","0","0","0","0","0","10-05-2019","10-05-2118","99",,,,"OHDA","No","No","Yes",,"Vertical Mixed Use","No",,"$1,375,268","$0","$0",,"$0","$2,587,449","$0","$295,000",,"$4,257,717","-97.72022587","30.27436962"
"209","3590","Ruth R. Schulze House","University of Texas Inter-Cooperative Council Inc.","University of Texas Inter-Cooperative Council Inc.","915 W 22nd Street","78705","0212010801","9","Multifamily","Rental","Project Completed","26","8","0","0","0","0","0","8","0","0","0","0","0","0","08-01-2019","08-01-2069","50",,,,"RHDA","No","No","Yes",,"UNO - Post-2014","No",,"$0","$0","$0",,"$0","$0","$0","$0",,"$0","-97.74790896","30.28523998"
"85","3793","The Chicon at Gibbs Condominiums - Loan","Chestnut Neighborhood Revitalization Corporation","Chestnut Neighborhood Revitalization Corporation","1301 Chicon Street","78702","0209098101","1","Multifamily","Ownership","Project Completed","4","0","0","0","0","0","0","0","0","0","0","0","0","0","10-05-2019","10-05-2118","99",,,,"OHDA","No","No","Yes",,"Vertical Mixed Use","No",,"$1,375,268","$0","$0",,"$0","$2,587,449","$0","$295,000",,"$4,257,717","-97.719823","30.275032"
"85","5398","The Chicon at Joyce Condominiums","Chestnut Neighborhood Revitalization Corporation","Chestnut Neighborhood Revitalization Corporation","1212 Chicon Street Unit 201","78702","0209098101","1","Multifamily","Ownership","Project Completed","1","1","0","0","0","0","0","0","0","0","0","1","0","0","06-19-2018","06-19-2117","99",,,,"OHDA","No","No","Yes",,"Vertical Mixed Use","No",,"$0","$0","$0",,"$0","$0","$0","$0",,"$0","-97.72022","30.27443"
"85","5399","The Chicon at Joyce Condominiums","Chestnut Neighborhood Revitalization Corporation","Chestnut Neighborhood Revitalization Corporation","1212 Chicon Street Unit 202","78702","0209098101","1","Multifamily","Ownership","Project Completed","1","1","0","0","0","0","0","0","0","0","0","1","0","0","07-26-2018","07-26-2117","99",,,,"OHDA","No","No","Yes",,"Vertical Mixed Use","No",,"$0","$0","$0",,"$0","$0","$0","$0",,"$0","-97.72022","30.27443"
"85","5400","The Chicon at Joyce Condominiums","Chestnut Neighborhood Revitalization Corporation","Chestnut Neighborhood Revitalization Corporation","1212 Chicon Street Unit 203","78702","0209098101","1","Multifamily","Ownership","Project Completed","1","1","0","0","0","0","0","0","0","0","0","1","0","0","07-20-2018","07-20-2117","99",,,,"OHDA","No","No","Yes",,"Vertical Mixed Use","No",,"$0","$0","$0",,"$0","$0","$0","$0",,"$0","-97.72022","30.27443"
"636","5500","21st St Co-op","The College Houses","The College Houses","707 W 21st St","78705","0212011414","9","Multifamily","Rental","Project Completed","80","80","0","0","0","0","0","80","0","0","0","0","0","0","09-09-2021","09-09-2061","40",,,,"RHDA","No","No","Yes",,"UNO - Post-2014","No",,"$0","$0","$0",,"$0","$0","$0","$0",,"$0","-97.74592","30.28394"
"85","5540","The Chicon at Joyce Condominiums","Chestnut Neighborhood Revitalization Corporation","Chestnut Neighborhood Revitalization Corporation","1212 Chicon Street Unit 204","78702","0208094901","1","Multifamily","Ownership","Project Completed","1","1","0","0","0","0","0","0","0","0","0","1","0","0","10-31-2018","10-31-2117","99",,,,"OHDA","No","No","Yes",,"Vertical Mixed Use","No",,"$0","$0","$0",,"$0","$0","$0","$0",,"$0","-97.72022","30.27443"
"85","5541","The Chicon at Joyce Condominiums","Chestnut Neighborhood Revitalization Corporation","Chestnut Neighborhood Revitalization Corporation","1212 Chicon Street Unit 207","78702","0208094901","1","Multifamily","Ownership","Project Completed","1","1","0","0","0","0","0","0","0","0","0","1","0","0","06-18-2018","06-18-2117","99",,,,"OHDA","No","No","Yes",,"Vertical Mixed Use","No",,"$0","$0","$0",,"$0","$0","$0","$0",,"$0","-97.72022","30.27443"
"85","5542","The Chicon at Joyce Condominiums","Chestnut Neighborhood Revitalization Corporation","Chestnut Neighborhood Revitalization Corporation","1212 Chicon Street Unit 208","78702","0208094901","1","Multifamily","Ownership","Project Completed","1","1","0","0","0","0","0","0","0","0","0","1","0","0","07-30-2018","07-30-2117","99",,,,"OHDA","No","No","Yes",,"Vertical Mixed Use","No",,"$0","$0","$0",,"$0","$0","$0","$0",,"$0","-97.72022","30.27443"
"85","5543","The Chicon at Joyce Condominiums","Chestnut Neighborhood Revitalization Corporation","Chestnut Neighborhood Revitalization Corporation","1212 Chicon Street Unit 209","78702","0208094901","1","Multifamily","Ownership","Project Completed","1","1","0","0","0","0","0","0","0","0","0","1","0","0","06-05-2018","06-05-2117","99",,,,"OHDA","No","No","Yes",,"Vertical Mixed Use","No",,"$0","$0","$0",,"$0","$0","$0","$0",,"$0","-97.72022","30.27443"
"85","5544","The Chicon at Joyce Condominiums","Chestnut Neighborhood Revitalization Corporation","Chestnut Neighborhood Revitalization Corporation","1212 Chicon Street Unit 210","78702","0208094901","1","Multifamily","Ownership","Project Completed","1","1","0","0","0","0","0","0","0","0","0","1","0","0","07-20-2018","07-20-2117","99",,,,"OHDA","No","No","Yes",,"Vertical Mixed Use","No",,"$0","$0","$0",,"$0","$0","$0","$0",,"$0","-97.72018","30.27438"
"85","5545","The Chicon at Joyce Condominiums","Chestnut Neighborhood Revitalization Corporation","Chestnut Neighborhood Revitalization Corporation","1212 Chicon Street Unit 301","78702","0208094901","1","Multifamily","Ownership","Project Completed","1","1","0","0","0","0","0","0","0","0","0","1","0","0","06-08-2018","06-08-2117","99",,,,"OHDA","No","No","Yes",,"Vertical Mixed Use","No",,"$0","$0","$0",,"$0","$0","$0","$0",,"$0","-97.72022","30.27443"
"85","5546","The Chicon at Joyce Condominiums","Chestnut Neighborhood Revitalization Corporation","Chestnut Neighborhood Revitalization Corporation","1212 Chicon Street Unit 302","78702","0208094901","1","Multifamily","Ownership","Project Completed","1","1","0","0","0","0","0","0","0","0","0","1","0","0","06-08-2018","06-08-2117","99",,,,"OHDA","No","No","Yes",,"Vertical Mixed Use","No",,"$0","$0","$0",,"$0","$0","$0","$0",,"$0","-97.720222","30.274429"
"85","5547","The Chicon at Joyce Condominiums","Chestnut Neighborhood Revitalization Corporation","Chestnut Neighborhood Revitalization Corporation","1212 Chicon Street Unit 303","78702","0208094901","1","Multifamily","Ownership","Project Completed","1","1","0","0","0","0","0","0","0","0","0","1","0","0","06-14-2018","06-14-2117","99",,,,"OHDA","No","No","Yes",,"Vertical Mixed Use","No",,"$0","$0","$0",,"$0","$0","$0","$0",,"$0","-97.720222","30.274429"
"85","5548","The Chicon at Joyce Condominiums","Chestnut Neighborhood Revitalization Corporation","Chestnut Neighborhood Revitalization Corporation","1212 Chicon Street Unit 304","78702","0208094901","1","Multifamily","Ownership","Project Completed","1","1","0","0","0","0","0","0","0","0","0","1","0","0","06-14-2018","06-14-2117","99",,,,"OHDA","No","No","Yes",,"Vertical Mixed Use","No",,"$0","$0","$0",,"$0","$0","$0","$0",,"$0","-97.720222","30.274429"
"85","5549","The Chicon at Gibbs Condominiums","Chestnut Neighborhood Revitalization Corporation","Chestnut Neighborhood Revitalization Corporation","1301 Chicon Street Unit 201","78702","0209098101","1","Multifamily","Ownership","Project Completed","1","1","0","0","0","0","0","0","0","0","0","1","0","0","06-26-2018","06-26-2117","99",,,,"OHDA","No","No","Yes",,"Vertical Mixed Use","No",,"$0","$0","$0",,"$0","$0","$0","$0",,"$0","-97.71992","30.27505"
"85","5550","The Chicon at Gibbs Condominiums","Chestnut Neighborhood Revitalization Corporation","Chestnut Neighborhood Revitalization Corporation","1301 Chicon Street Unit 202","78702","0209098101","1","Multifamily","Ownership","Project Completed","1","1","0","0","0","0","0","0","0","0","0","1","0","0","06-19-2018","06-19-2117","99",,,,"OHDA","No","No","Yes",,"Vertical Mixed Use","No",,"$0","$0","$0",,"$0","$0","$0","$0",,"$0","-97.71992","30.27505"
"85","5551","The Chicon at Gibbs Condominiums","Chestnut Neighborhood Revitalization Corporation","Chestnut Neighborhood Revitalization Corporation","1301 Chicon Street Unit 204","78702","0208094901","1","Multifamily","Ownership","Project Completed","1","1","0","0","0","0","0","0","0","0","0","1","0","0","07-06-2018","07-06-2117","99",,,,"OHDA","No","No","Yes",,"Vertical Mixed Use","No",,"$0","$0","$0",,"$0","$0","$0","$0",,"$0","-97.71992","30.27505"
"85","5552","The Chicon at Gibbs Condominiums","Chestnut Neighborhood Revitalization Corporation","Chestnut Neighborhood Revitalization Corporation","1301 Chicon Street Unit 207","78702","0209098101","1","Multifamily","Ownership","Project Completed","1","1","0","0","0","0","0","0","0","0","0","1","0","0","06-22-2018","06-22-2117","99",,,,"OHDA","No","No","Yes",,"Vertical Mixed Use","No",,"$0","$0","$0",,"$0","$0","$0","$0",,"$0","-97.71992","30.27505"
"85","5553","The Chicon at Gibbs Condominiums","Chestnut Neighborhood Revitalization Corporation","Chestnut Neighborhood Revitalization Corporation","1301 Chicon Street Unit 208","78702","0209098101","1","Multifamily","Ownership","Project Completed","1","1","0","0","0","0","0","0","0","0","0","1","0","0","07-20-2018","07-20-2117","99",,,,"OHDA","No","No","Yes",,"Vertical Mixed Use","No",,"$0","$0","$0",,"$0","$0","$0","$0",,"$0","-97.719825","30.275032"
"85","5554","The Chicon at Gibbs Condominiums","Chestnut Neighborhood Revitalization Corporation","Chestnut Neighborhood Revitalization Corporation","1301 Chicon Street Unit 301","78702","0209098101","1","Multifamily","Ownership","Project Completed","1","1","0","0","0","0","0","0","0","0","0","1","0","0","01-18-2019","01-18-2118","99",,,,"OHDA","No","No","Yes",,"Vertical Mixed Use","No",,"$0","$0","$0",,"$0","$0","$0","$0",,"$0","-97.71992","30.27505"
"85","5555","The Chicon at Gibbs Condominiums","Chestnut Neighborhood Revitalization Corporation","Chestnut Neighborhood Revitalization Corporation","1301 Chicon Street Unit 302","78702","0209098101","1","Multifamily","Ownership","Project Completed","1","1","0","0","0","0","0","0","0","0","0","1","0","0","10-04-2018","10-04-2117","99",,,,"OHDA","No","No","Yes",,"Vertical Mixed Use","No",,"$0","$0","$0",,"$0","$0","$0","$0",,"$0","-97.71992","30.275032"
"85","5556","The Chicon at Gibbs Condominiums","Chestnut Neighborhood Revitalization Corporation","Chestnut Neighborhood Revitalization Corporation","1301 Chicon Street Unit 304","78702","0208094901","1","Multifamily","Ownership","Project Completed","1","1","0","0","0","0","0","0","0","0","0","1","0","0","10-12-2018","10-12-2117","99",,,,"OHDA","No","No","Yes",,"Vertical Mixed Use","No",,"$0","$0","$0",,"$0","$0","$0","$0",,"$0","-97.71992","30.27505"
"85","5557","The Chicon at Gibbs Condominiums","Chestnut Neighborhood Revitalization Corporation","Chestnut Neighborhood Revitalization Corporation","1301 Chicon Street Unit 206","78702","0208094901","1","Multifamily","Ownership","Project Completed","1","1","0","0","0","0","0","0","0","0","0","1","0","0","10-05-2018","10-05-2117","99",,,,"OHDA","No","No","Yes",,"Vertical Mixed Use","No",,"$0","$0","$0",,"$0","$0","$0","$0",,"$0","-97.72018","30.27438"
"717","5681","Austin 4th & Comal","Game Creek Holdings","Game Creek Holdings","400 Comal Street","78702","0204080313","3","Multifamily","Rental","Project Completed","24","4","0","0","0","0","0","4","0","0","0","0","0","0","03-01-2024","03-01-2064","40",,,,"RHDA","No","No","Yes",,"Transit Oriented Development","No",,"$0","$0","$0",,"$0","$0","$0","$0",,"$0","-97.727059","30.261375"
"753","5733","Broadmoor Campus - Block A","Broadmoor Austin Associates","Broadmoor Austin Associates","11501 Burnet Road","78758","0256080910","7","Multifamily","Rental","Project Completed","341","34","0","0","0","0","0","0","34","0","0","0","0","0","01-17-2025","01-17-2065","40",,,,"RHDA","No","No","No",,"North Burnet Gateway","No",,"$0","$0","$0",,"$0","$0","$0","$0",,"$0","-97.71706691","30.40055495"
"795","5814","Modera EaDo (fka Stonehollow Multifamily)","MCREF III EaDo Apartments LLC","Mill Creek Residential","11604 Stonehollow Drive","78758","0254100101","7","Single Family","Rental","Project Completed","377","34","0","0","0","0","0","0","34","0","0","0","0","0","12-05-2024","12-05-2064","40",,,,"RHDA","No","No","No",,"North Burnet Gateway","No",,"$0","$0","$0",,"$0","$0","$0","$0",,"$0","-97.71089","30.39702"
"595","5377","Pathways at Chalmers Courts West","Housing Authority of the City of Austin","Housing Authority of the City of Austin","1600 E 3rd Street","78702","0204080201","3","Multifamily","Rental","Project Completed","156","140","0","0","0","14","0","56","70","0","0","0","0","0","03-28-2025","03-28-2065","40",,,,,"No","Yes","Yes",,"Transit Oriented Development","No","9% LIHTC",,,,,,,,,,,"-97.7266","30.260442"
"707","5663","Bridge at Turtle Creek","JCI Residential LLC","JCI Residential LLC","6020 S 1st St","78745","0416111104","2","Multifamily","Rental","Under Construction","307","307","0","0","0","0","0","70","198","0","39","0","0","0","03-14-2023","03-14-2063","40",,,,,"No","Yes","Yes",,,"No","4% LIHTC",,,,,,,,,,,"-97.78541","30.20311"
"133","3518","Thornton Flats","PSW Real Estate","PSW Real Estate","2501 Thornton Road","78704","0403070811","5","Multifamily","Rental","Project Completed","105","11","0","0","0","0","0","0","11","0","0","0","0","0","06-22-2018","06-22-2058","40",,,,,"No","No","Yes",,"SMART - Greenfield Density Bonus","No",,,,,,,,,,,,"-97.77277233","30.24309617"
"185","3566","Block on Leon","CWS Capital Partners LLC","CWS Capital Partners LLC","2510  Leon Street","78705","0214000522","9","Multifamily","Rental","Affordability Period Expired","138","28","0","0","0","0","0","14","0","0","0","14","0","0","02-09-2009","02-09-2024","15",,,,,"No","No","Yes",,"University Neighborhood Overlay - By The Unit (Pre-2014)","No",,,,,,,,,,,,"-97.7494449","30.29051861"
"188","3569","Block on Rio Grande","Block Rio Grande L.P.","Block Rio Grande L.P.","2819 Rio Grande Street","78705","0215020632","9","Multifamily","Rental","Affordability Period Expired","85","18","0","0","0","0","0","9","0","0","0","9","0","0","10-06-2008","10-06-2023","15",,,,,"No","No","Yes",,"University Neighborhood Overlay - By The Unit (Pre-2014)","No",,,,,,,,,,,,"-97.74366717","30.29507208"
"197","3578","Axis West Campus","CWC Borrower LLC","CWC Borrower LLC","2505 Longview Street","78705","0214000523","9","Multifamily","Rental","Project Completed","167","34","0","0","0","0","0","17","0","0","0","17","0","0","09-12-2012","09-12-2027","15",,,,,"No","No","Yes",,"University Neighborhood Overlay - By The Unit (Pre-2014)","No",,,,,,,,,,,,"-97.75023504","30.29006698"
"200","3581","21 Pearl","21Pearl LLC","21Pearl LLC","911 W 21st Street","78705","0212011305","9","Multifamily","Rental","Project Completed","136","28","0","0","0","0","0","14","0","0","0","14","0","0","01-16-2014","01-16-2029","15",,,,,"No","No","Yes",,"University Neighborhood Overlay - By The Unit (Pre-2014)","No",,,,,,,,,,,,"-97.74746147","30.28468462"
"207","3588","Crest at Pearl","LMI Pearl Apartment Homes LLC","LMI Pearl Apartment Homes LLC","706 Martin Luther King Jr Bouelvard","78705","0212011415","9","Multifamily","Rental","Project Completed","141","28","0","0","0","0","0","14","0","0","0","14","0","0","11-03-2014","11-03-2030","16",,,,,"No","No","Yes",,"University Neighborhood Overlay - By The Unit (Pre-2014)","No",,,,,,,,,,,,"-97.74618319","30.28329642"
"210","3591","The Corner","The Corner Development LLC","The Corner Development LLC","2504 San Gabriel Street","78705","0214000906","9","Multifamily","Rental","Project Completed","64","14","0","0","0","0","0","7","7","0","0","0","0","0","03-10-2017","03-10-2057","40",,,,,"No","No","Yes",,"UNO - Post-2014","No",,,,,,,,,,,,"-97.747926","30.290232"
"215","3596","Legacy at The Lake","0","Windsor Communities","43 Rainey Street","78721","0203030901","9","Multifamily","Rental","Affordability Period Expired","187","9","0","0","0","0","0","0","0","0","0","9","0","0","02-25-2009","02-25-2010","1",,,,,"No","No","No",,"Rainey Street","No",,,,,,,,,,,,"-97.73948140507","30.25599855118"
"216","3597","70 Rainey Street","Fremont Holdings LLC","Fremont Holdings LLC","70 Rainey Street","78721","0203031801","9","Multifamily","Rental","Affordability Period Expired","173","9","0","0","0","0","0","0","0","0","0","9","0","0","03-04-2020","03-04-2021","1",,,,,"No","No","No",,"Rainey Street","No",,,,,,,,,,,,"-97.73904084142","30.25839342939"
"217","3598","Camden Rainey Street","Camden Property Trust","Austin Rainey ST D/E/P/LLC","91 Rainey Street","78721","0203031014","9","Multifamily","Rental","Project Completed","326","16","0","0","0","0","0","0","0","0","0","16","0","0","08-17-2016","08-17-2056","40",,,,,"No","No","No",,"Rainey Street","No",,,,,,,,,,,,"-97.7379292","30.26020539"
"218","3599","47 Rainey Street","NGI-AU Skyhouse LLC","NGI-AU Skyhouse LLC","47 Rainey Street","78721","0203030908","9","Multifamily","Rental","Affordability Period Expired","320","16","0","0","0","0","0","0","0","0","0","16","0","0","08-25-2014","08-25-2015","1",,,,,"No","No","No",,"Rainey Street","No",,,,,,,,,,,,"-97.739295","30.256585"
"219","3600","AMLI 5350","AMLI 5350 Burnet Road LLC","Ardent Residential","5350 Burnet Road","78756","0227030102","7","Multifamily","Rental","Project Completed","174","17","0","0","0","0","0","0","0","0","0","17","0","0","06-17-2010","06-17-2050","40",,,,,"No","No","No",,"Vertical Mixed Use","No",,,,,,,,,,,,"-97.74045001","30.32758219"
"220","3601","Texan North Campus (fka Uptown Lofts)","Uptown Lofts LLC","Uptown Lofts LLC","5117 N Lamar Boulevard","78751","0224070230","9","Multifamily","Rental","Project Completed","23","2","0","0","0","0","0","0","0","0","0","2","0","0","08-19-2011","08-19-2052","41",,,,,"No","No","Yes",,"Vertical Mixed Use","No",,,,,,,,,,,,"-97.7301367","30.31935183"
"221","3602","Post South Lamar","Post Properties Inc.","Post Properties","1500 S Lamar Boulevard","78704","0102040425","9","Multifamily","Rental","Project Completed","298","30","0","0","0","0","0","0","0","0","0","30","0","0","04-03-2013","04-03-2054","41",,,,,"No","No","No",,"Vertical Mixed Use","No",,,,,,,,,,,,"-97.76452548","30.25255817"
"222","3603","Windsor  South Lamar","THC South Lamar Development LC","Hanover R.S. Limited Partnership","809 S Lamar Boulevard","78704","0102020106","9","Multifamily","Rental","Project Completed","116","12","0","0","0","0","0","0","12","0","0","0","0","0","12-31-2017","12-31-2057","40",,,,,"No","No","No",,"Vertical Mixed Use","No",,,,,,,,,,,,"-97.76017251","30.25726086"
"223","3604","The 704","The 704 (formerly Residences at the Spoke LLC)","Residences at the Spoke LLC","3401 S Lamar Boulevard","78704","0403100129","5","Multifamily","Rental","Project Completed","378","38","0","0","0","0","0","0","38","0","0","0","0","0","12-29-2014","12-29-2054","40",,,,,"No","No","No",,"Vertical Mixed Use","No",,,,,,,,,,,,"-97.785741","30.240437"
"224","3605","Lamar Union Apartments","Greystar Real Estate Partners","Greystar Real Estate Partners","1100 S Lamar Boulevard","78704","0102040426","9","Multifamily","Rental","Project Completed","441","44","0","0","0","0","0","0","44","0","0","0","0","0","10-16-2015","10-16-2056","41",,,,,"No","No","No",,"Vertical Mixed Use","No",,,,,,,,,,,,"-97.762757","30.255337"
"225","3606","Camden Lamar Heights","Camden Property Trust","Camden Property Trust","5400 N Lamar Boulevard","78756","0226070535","7","Multifamily","Rental","Project Completed","314","31","0","0","0","0","0","0","0","0","0","31","0","0","03-04-2015","03-04-2055","40",,,,,"No","No","No",,"Vertical Mixed Use","No",,,,,,,,,,,,"-97.72936801","30.32212319"
"226","3607","Gibson Flats","Ardent Residential","Ardent Residential","1219 S Lamar Boulevard","78704","0100030109","9","Multifamily","Rental","Project Completed","95","10","0","0","0","0","0","0","10","0","0","0","0","0","08-13-2014","08-13-2055","41",,,,,"No","No","No",,"Vertical Mixed Use","No",,,,,,,,,,,,"-97.76226679","30.25408947"
"227","3608","Burnet Flats","Ardent Residential","Ardent Residential","5453 Burnet Road","78756","0229030336","7","Multifamily","Rental","Project Completed","103","10","0","0","0","0","0","0","10","0","0","0","0","0","11-19-2014","11-19-2055","41",,,,,"No","No","No",,"Vertical Mixed Use","No",,,,,,,,,,,,"-97.73956928716","30.33012220276"
"228","3609","The Tree","Greystar Development","Greystar Development","3715 S 1st Street","78704","0408040543","3","Multifamily","Rental","Project Completed","336","34","0","0","0","0","0","0","0","0","0","34","0","0","10-23-2014","10-23-2054","40",,,,,"No","No","No",,"Vertical Mixed Use","No",,,,,,,,,,,,"-97.76731465198","30.22898413895"
"229","3610","Post South Lamar 2","Post S Lamar II LLC","Post S Lamar II LLC","1414 S Lamar Boulevard","78704","0102040427","9","Multifamily","Rental","Project Completed","350","35","0","0","0","0","0","0","35","0","0","0","0","0","03-28-2018","03-28-2058","40",,,,,"No","No","No",,"Vertical Mixed Use","No",,,,,,,,,,,,"-97.76384153","30.25292514"
"230","3611","7EAST","SL Chicon LP","SL Chicon LP","2025 E 7th Street","78702","0203090414","3","Multifamily","Rental","Project Completed","177","18","0","0","0","0","0","0","0","0","0","18","0","0","12-17-2015","12-17-2055","40",,,,,"No","No","No",,"Vertical Mixed Use","No",,,,,,,,,,,,"-97.71947202","30.26156702"
"231","3612","Marq on Burnet","Llano Residential LP","Llano Residential LP","6701 Burnet Road","78757","0234030412","7","Multifamily","Rental","Project Completed","343","34","0","0","0","0","0","0","34","0","0","0","0","0","06-07-2016","06-07-2056","40",,,,,"No","No","No",,"Vertical Mixed Use","No",,,,,,,,,,,,"-97.73800308","30.34264313"
"234","3615","3114 SOCO Condominiums","3110 S Congress LLC","3110 S Congress LLC","3110 S Congress Boulevard Unit 204","78704","0407032101","3","Multifamily","Ownership","Project Completed","20","1","0","0","0","0","0","0","0","0","0","0","1","0","05-30-2017","05-30-2116","99",,,,,"No","No","No",,"Vertical Mixed Use","No",,,,,,,,,,,,"-97.75947064","30.23144214"
"235","3616","Bell South Lamar (fka Cielo)","Lamar Manchaca Residential LP","Lamar Manchaca Residential LP","2717 S Lamar Boulevard","78704","0403100804","5","Multifamily","Rental","Project Completed","327","33","0","0","0","0","0","0","0","0","0","33","0","0","12-09-2015","12-09-2056","41",,,,,"No","No","No",,"Vertical Mixed Use","No",,,,,,,,,,,,"-97.781061","30.24344"
"236","3617","Burnet 64 Condominiums","6444 Burnet Road LLC","6444 Burnet Road LLC","6444 Burnet Road","78757","0232030901","7","Multifamily","Ownership","Project Completed","34","4","0","0","0","0","0","0","0","0","0","2","2","0","09-28-2017","09-28-2116","99",,,,,"No","No","No",,"Vertical Mixed Use","No",,,,,,,,,,,,"-97.73921389","30.34077539"
"237","3618","Lamar at North Loop VMU","Madrone Ventures LLC","Madrone Ventures LLC","5210 N Lamar  Boulevard","78756","0225050143","7","Multifamily","Rental","Under Construction","227","23","0","0","0","0","0","0","23","0","0","0","0","0",,"12-30-1939","40",,,,,"No","No","No",,"Vertical Mixed Use","No",,,,,,,,,,,,"-97.73020295","30.32025571"
"238","3619","Alexan East 6th Street","AE6 Apartments LLC","AE6 Apartments LLC","2400 E 6th Street","78702","0204100210","3","Multifamily","Rental","Project Completed","208","21","0","0","0","0","0","0","0","0","0","21","0","0","02-13-2018","02-13-2058","40",,,,,"No","No","No",,"Vertical Mixed Use","No",,,,,,,,,,,,"-97.71570636","30.25969828"
"239","3620","Corazon","Corazon Urban MF-East LP","Corazon Urban MF-East LP","1000 E 5th Street","78702","0204051514","3","Multifamily","Rental","Project Completed","332","35","0","0","0","0","0","0","35","0","0","0","0","0","04-17-2015","04-17-2056","41",,,,,"No","No","No",,"Transit Oriented Development","No",,,,,,,,,,,,"-97.732261","30.26434589"
"240","3621","The Seville on 4th Street","JCI Residential","JCI Residential LLC","1401 E 4th Street","78702","0204061301","3","Multifamily","Rental","Project Completed","27","3","0","0","0","0","0","0","3","0","0","0","0","0","08-27-2014","08-27-2054","40",,,,,"No","No","No",,"Transit Oriented Development","No",,,,,,,,,,,,"-97.72924445","30.26161922"
"241","3622","Eastside Station (fka Saltillo Station)","CRP Pollack Eastside Station Owner - EIN 82-2844309","Flournoy Development","1700 E 4th Street","78702","0204080315","3","Multifamily","Rental","Project Completed","332","27","0","0","0","0","0","16","11","0","0","0","0","0","06-02-2017","06-02-2058","41",,,,,"No","No","No",,"Transit Oriented Development","No",,,,,,,,,,,,"-97.72514289","30.26085182"
"242","3623","607 West St. Johns Condominiums","607 W. St. Johns LLC","607 W. St. Johns LLC","607 W St. Johns Avenue Unit 8","78752","0233101401","4","Multifamily","Ownership","Project Completed","10","1","0","0","0","0","0","0","0","0","0","1","0","0","06-07-2019","06-07-2118","99",,,,,"No","No","No",,"Transit Oriented Development","No",,,,,,,,,,,,"-97.715425","30.337915"
"243","3624","The Arnold fka Eastside Village","Transwestern Development Company","Transwestern","1621 E 6th Street","78702","0204081202","3","Multifamily","Rental","Project Completed","346","66","0","0","0","0","0","0","66","0","0","0","0","0","08-11-2017","08-11-2057","40",,,,,"No","No","No",,"Transit Oriented Development","No",,,,,,,,,,,,"-97.72548725","30.26251461"
"244","3625","1615 E 7th Street","1615 East 7th Street LLC","1615 East 7th Street LLC","1615 E 7th Street","78702","0204081301","3","Multifamily","Ownership","Project Completed","14","0","0","0","0","0","0","0","0","0","0","0","0","0","08-20-2017","08-20-2116","99",,,,,"No","No","No",,"Transit Oriented Development","No",,,,,,,,,,,,"-97.72502205","30.26326845"
"302","3818","Indie Apartments","Transwestern","Transwestern","1630 E 6th Street","78702","0204080513","3","Multifamily","Rental","Project Completed","139","15","0","0","0","0","0","0","15","0","0","0","0","0","06-18-2018","06-18-2058","40",,,,,"No","No","No",,"Transit Oriented Development","No",,,,,,,,,,,,"-97.72480597","30.26262462"
"311","3828","Groves South Lamar","SL South Lamar LP","SL South Lamar LP","3607 S Lamar Boulevard","78704","0404110155","5","Multifamily","Rental","Project Completed","307","31","0","0","0","0","0","0","0","0","0","31","0","0","03-02-2018","03-02-2058","40",,,,,"No","No","No",,"Vertical Mixed Use","No",,,,,,,,,,,,"-97.787767","30.238968"
"312","3829","The Guild Condominiums","HDC Hill Country Equities The Guild LP","Sunil Lavani","2804 S 1st Street Unit 1202","78704","0404043001","3","Multifamily","Ownership","Project Completed","15","1","0","0","0","0","0","0","0","0","0","1","0","0","04-24-2020","04-24-2119","99",,,,,"No","No","No",,"Vertical Mixed Use","No",,,,,,,,,,,,"-97.763106","30.237157"
"306","3832","Ella Parkside","Greystar","Greystar","609 Clayton Lane","78752","0227110109","4","Multifamily","Rental","Project Completed","309","31","0","0","0","0","0","0","0","0","0","31","0","0","08-07-2019","08-07-2059","40",,,,,"No","No","No",,"Vertical Mixed Use","No",,,,,,,,,,,,"-97.713514","30.32368"
"314","3836","Foundry - East 4th","CC Third and Comal LP","CC Third and Comal LP","1501 E 4th Street Unit 205","78702","0204062901","3","Multifamily","Ownership","Project Completed","17","1","0","0","0","0","0","0","0","0","0","1","0","0","10-15-2019","10-15-2118","99",,,,,"No","No","No",,"Transit Oriented Development","No",,,,,,,,,,,,"-97.727975","30.261042"
"316","3838","The 900 Condos","PSW 900 Eastline LP","PSW 900 Eastline LP","900 S 1st Street Unit 319","78704","0102011501","9","Multifamily","Ownership","Project Completed","69","1","0","0","0","0","0","0","0","0","0","0","1","0","12-20-2019","12-20-2118","99",,,,,"No","No","No",,"Vertical Mixed Use","No",,,,,,,,,,,,"-97.752302","30.254741"
"354","3916","West Koenig Flats","Bel Koenig Flats LLC","Stillwater Hyde Park Development LLC","5608 Avenue F","78751","0227090905","4","Multifamily","Rental","Project Completed","210","21","0","0","0","0","0","0","0","0","0","21","0","0","11-01-2018","11-01-2058","40",,,,,"No","No","No",,"Vertical Mixed Use","No",,,,,,,,,,,,"-97.71937","30.321859"
"356","3918","Candela Apartments","TDC Arnold II LP","Transwestern","1614 E 6th Street","78702","0204080517","3","Multifamily","Rental","Project Completed","115","20","0","0","0","0","0","0","20","0","0","0","0","0","05-24-2019","05-24-2059","40",,,,,"No","No","No",,"Transit Oriented Development","No",,,,,,,,,,,,"-97.725487","30.26298"
"371","3958","AMLI - South Shore Phase I","1620 East Riverside Drive LLC","Amli Residential","1620 E Riverside Drive","78741","0302060131","3","Multifamily","Rental","Project Completed","375","19","0","0","0","0","0","0","0","0","0","19","0","0","05-14-2010","05-14-2050","40",,,,,"No","No","No",,"Vertical Mixed Use","No",,,,,,,,,,,,"-97.730066","30.245117"
"373","3960","FLORA Apartments","FLORA Middle Fiskville LP","JCI Residential LLC","5406 Middle Fiskville Road","78751","0225101709","4","Multifamily","Rental","Project Completed","194","19","0","0","0","0","0","0","0","0","0","19","0","0","04-12-2019","04-12-2059","40",,,,,"No","No","No",,"Vertical Mixed Use","No",,,,,,,,,,,,"-97.714957","30.316671"
"382","3975","The Guthrie II","CRP/Argyle Guthrie Owner L.P.","CRP/Argyle Guthrie Owner L.P.","3215 Gonzales Street","78702","0204140408","3","Multifamily","Rental","Project Completed","12","1","0","0","0","0","0","0","1","0","0","0","0","0","05-03-2019","05-03-2059","40",,,,,"No","No","No",,"Vertical Mixed Use","No",,,,,,,,,,,,"-97.704573","30.258311"
"371","4046","AMLI South Shore Phase II","1620 East Riverside Drive LLC","Amli Residential","1620 E Riverside Drive","78741","0302060131","3","Multifamily","Rental","Project Completed","75","4","0","0","0","0","0","0","0","0","0","4","0","0","06-02-2020","06-02-2060","40",,,,,"No","No","No",,"Vertical Mixed Use","No",,,,,,,,,,,,"-97.730198","30.245229"
"389","4182","Highland Phase II South","Austin Community College District","Redleaf Properties LLC/Austin Community College District","109 Jacob Fontaine Lane","78752","0227110110","4","Multifamily","Rental","Project Completed","168","17","0","0","0","0","0","0","0","0","0","17","0","0","11-18-2020","11-18-2060","40",,,,,"No","No","No",,"Vertical Mixed Use","No",,,,,,,,,,,,"-97.715267","30.324726"
"390","4183","Highland Phase II - North","Austin Community College District","Redleaf Properties LLC/Austin Community College District","110 Jacob Fontaine Lane","78752","0227110110","4","Multifamily","Rental","Project Completed","222","22","0","0","0","0","0","0","0","0","0","22","0","0","11-18-2020","11-18-2060","40",,,,,"No","No","No",,"Vertical Mixed Use","No",,,,,,,,,,,,"-97.715177","30.326044"
"394","4340","St Johns West Apartments","St Johns West LLC","JCI Residential LLC","601 W St Johns Avenue","78752","0233100416","4","Multifamily","Rental","Project Completed","297","40","0","0","0","0","0","0","40","0","0","0","0","0","03-19-2020","03-19-2060","40",,,,,"No","No","No",,"Transit Oriented Development","No",,,,,,,,,,,,"-97.714785","30.337701"
"405","4409","Eastgate Condominiums","2213 Poquito LLC","Lee Development and Construction/2213 Poquito LLC","2213 Poquito Street","78722","0211090409","1","Multifamily","Ownership","Project Completed","68","7","0","0","0","0","0","0","0","0","0","4","3","0","01-04-2019","01-04-2118","99",,,,,"No","No","No",,"Vertical Mixed Use","No",,,,,,,,,,,,"-97.720746","30.283103"
"409","4433","1700 Willow Creek Drive","Breckenridge Group Riverside Multifamily LP (Aspen Heights)","Breckenridge Group Riverside Multifamily LP (Aspen Heights)","1700 Willow Creek Drive","78741","0304070815","3","Multifamily","Rental","Project Completed","323","26","0","0","0","0","0","0","26","0","0","0","0","0","12-11-2023","12-11-2063","40",,,,,"No","No","No",,"East Riverside Corridor","No",,,,,,,,,,,,"-97.726827","30.237028"
"413","4437","Roseville on Manor Condominiums","SWS Manor & Alexander LLC","SWS Manor & Alexander LLC","2827 Manor Road Unit 1105","78722","0212121801","9","Multifamily","Ownership","Project Completed","39","1","0","0","0","0","0","0","0","0","0","1","0","0","03-17-2020","03-17-2119","99",,,,,"No","No","No",,"Transit Oriented Development","No",,,,,,,,,,,,"-97.710483","30.285681"
"430","4544","4411 S Congress Ave","South Congress 44 MF-I LP","South Congress 44 MF-I LP","4411 S Congress Ave","78745","0412050109","3","Multifamily","Rental","Project Completed","227","23","0","0","0","0","0","0","0","0","0","23","0","0","07-08-2021","07-08-2065","44",,,,,"No","No","No",,"Vertical Mixed Use","No",,,,,,,,,,,,"-97.767541","30.216474"
"432","4549","1600 S 1st Street Condominiums","1600 S 1st LP","1600 S 1st LP","1600 S 1st Street Unit 215","78704","0101012701","9","Multifamily","Ownership","Project Completed","61","1","0","0","0","0","0","0","0","0","0","1","0","0","03-04-2021","03-04-2120","99",,,,,"No","No","No",,"Micro-Unit Density Bonus","No",,,,,,,,,,,,"-97.755676","30.248872"
"433","4551","Avena Tower","Austin San Gabriel Corner LLC","Austin San Gabriel Corner LLC","2515 San Gabriel Street","78705","0214010233","9","Multifamily","Rental","Certified","80","8","0","0","0","0","0","0","8","0","0","0","0","0",,"12-30-3799","0",,,,,"No","No","Yes",,"UNO - Post-2014","No",,,,,,,,,,,,"-97.746234","30.29061"
"600","5384","4401 S Congress Apartments","South Congress 44 MF-I LP","South Congress 44 MF-I LP","4401 S Congress Avenue","78745","0412050117","3","Multifamily","Rental","Project Completed","48","5","0","0","0","0","0","0","0","0","0","5","0","0","07-08-2021","07-08-2061","40",,,,,"No","No","No",,"Vertical Mixed Use","No",,,,,,,,,,,,"-97.767042","30.217065"
"601","5385","Esperanza Domain","CH MF BTH II/Austin Domain L.P.","CH MF BTH II/Austin Domain L.P.","2618 Kramer Lane","78758","0254080701","7","Multifamily","Rental","Project Completed","354","14","0","0","0","0","0","0","14","0","0","0","0","0","04-25-2022","04-25-2062","40",,,,,"No","No","No",,"North Burnet Gateway","No",,,,,,,,,,,,"-97.718565","30.395266"
"602","5390","MLK Station Apartments - West Phase II (Platform Phase II)","GUGV Platform II Property Owning LLC","GUGV Platform II Property Owning LLC","2910 E 17th Street","78702","0210122301","1","Multifamily","Rental","Project Completed","202","43","0","0","0","0","0","0","43","0","0","0","0","0","07-21-2021","07-21-2061","40",,,,,"No","No","No",,"Transit Oriented Development","No",,,,,,,,,,,,"-97.710691","30.279807"
"244","5401","1615 E 7th Street","1615 East 7th Street LLC","1615 East 7th Street LLC","1615 E 7th Street Unit 205","78702","0204081301","3","Multifamily","Ownership","Project Completed","1","1","0","0","0","0","0","0","0","0","0","1","0","0","05-27-2020","05-27-2119","99",,,,,"No","No","No",,"Transit Oriented Development","No",,,,,,,,,,,,"-97.725032","30.263254"
"244","5402","1615 E 7th Street","1615 East 7th Street LLC","1615 East 7th Street LLC","1615 E 7th Street Unit 206","78702","0204081301","3","Multifamily","Ownership","Project Completed","1","1","0","0","0","0","0","0","0","0","0","1","0","0","02-24-2017","02-24-2116","99",,,,,"No","No","No",,"Transit Oriented Development","No",,,,,,,,,,,,"-97.725032","30.263254"
"244","5403","1615 E 7th Street","1615 East 7th Street LLC","1615 East 7th Street LLC","1615 E 7th Street Unit 207","78702","0204081301","3","Multifamily","Ownership","Project Completed","1","1","0","0","0","0","0","0","0","0","0","1","0","0","10-08-2020","10-08-2119","99",,,,,"No","No","No",,"Transit Oriented Development","No",,,,,,,,,,,,"-97.725032","30.263254"
"244","5404","1615 E 7th Street","1615 East 7th Street LLC","1615 East 7th Street LLC","1615 E 7th Street Unit 305","78702","0204081301","3","Multifamily","Ownership","Project Completed","1","1","0","0","0","0","0","0","0","0","0","1","0","0","12-19-2016","12-19-2115","99",,,,,"No","No","No",,"Transit Oriented Development","No",,,,,,,,,,,,"-97.725032","30.263254"
"244","5405","1615 E 7th Street","1615 East 7th Street LLC","1615 East 7th Street LLC","1615 E 7th Street Unit 306","78702","0204081301","3","Multifamily","Ownership","Project Completed","1","1","0","0","0","0","0","0","0","0","0","1","0","0","11-18-2016","11-18-2115","99",,,,,"No","No","No",,"Transit Oriented Development","No",,,,,,,,,,,,"-97.725032","30.263254"
"236","5406","Burnet 64 Condominiums","6444 Burnet Road LLC","6444 Burnet Road LLC","6444 Burnet Rd Unit 306","78757","0232030901","7","Multifamily","Ownership","Project Completed","1","1","0","0","0","0","0","0","0","0","0","0","1","0","11-27-2017","11-27-2116","99",,,,,"No","No","No",,"Vertical Mixed Use","No",,,,,,,,,,,,"-97.739455","30.340805"
"236","5407","Burnet 64 Condominiums","6444 Burnet Road LLC","6444 Burnet Road LLC","6444 Burnet Rd Unit 206","78757","0232030901","7","Multifamily","Ownership","Project Completed","1","1","0","0","0","0","0","0","0","0","0","1","0","0","06-19-2018","06-19-2117","99",,,,,"No","No","No",,"Vertical Mixed Use","No",,,,,,,,,,,,"-97.739455","30.340805"
"236","5408","Burnet 64 Condominiums","6444 Burnet Road LLC","6444 Burnet Road LLC","6444 Burnet Road Unit 305","78757","0232030901","7","Multifamily","Ownership","Project Completed","1","1","0","0","0","0","0","0","0","0","0","1","0","0","06-27-2018","06-27-2117","99",,,,,"No","No","No",,"Vertical Mixed Use","No",,,,,,,,,,,,"-97.739455","30.3340805"
"236","5409","Burnet 64 Condominiums","6444 Burnet Road LLC","6444 Burnet Road LLC","6444 Burnet Road Unit 205","78757","0232030901","7","Multifamily","Ownership","Project Completed","1","1","0","0","0","0","0","0","0","0","0","0","1","0","06-22-2018","06-22-2117","99",,,,,"No","No","No",,"Vertical Mixed Use","No",,,,,,,,,,,,"-97.739455","30.340805"
"605","5410","Ellis Highline","UG Crestview LLC","UG Crestview LLC","6324 N Lamar Boulevard","78752","0229080204","7","Multifamily","Ownership","Project Completed","102","14","0","0","0","0","0","0","14","0","0","0","0","0","11-03-2023","11-03-2063","40",,,,,"No","No","No",,"Transit Oriented Development","No",,,,,,,,,,,,"-97.722874","30.331803"
"303","5412","Plaza Saltillo","Plaza Saltillo TOD LP","Endeavor Real Estate Group","1011 E 5th Street","78702","0204052301","3","Multifamily","Rental","Project Completed","278","41","0","0","0","0","0","41","0","0","0","0","0","0","04-03-2020","04-03-2060","40",,,,,"No","No","No",,"Transit Oriented Development","No",,,,,,,,,,,,"-97.732588","30.263744"
"303","5413","Plaza Saltillo","Plaza Saltillo TOD LP","Endeavor Real Estate Group","1109 E 5th Street","78702","0204052301","3","Multifamily","Rental","Project Completed","278","41","0","0","0","0","0","50","0","0","0","0","0","0","02-28-2020","02-28-2060","40",,,,,"No","No","No",,"Transit Oriented Development","No",,,,,,,,,,,,"-97.731559","30.263401"
"303","5414","Plaza Saltillo","Plaza Saltillo TOD LP","Endeavor Real Estate Group","1201 E 5th Street","78702","0204052301","3","Multifamily","Rental","Project Completed","162","0","0","0","0","0","0","0","0","0","0","0","0","0","04-15-2020","04-15-2060","40",,,,,"No","No","No",,"Transit Oriented Development","No",,,,,,,,,,,,"-97.730544","30.263034"
"624","5474","2001 S 1st","Austin Wellspring Mgt LLC","PSW Real Estate","501 W Johanna Street 2001 S 1st Street","78704","0402010907","3","Multifamily","Rental","Under Construction","42","4","0","0","0","0","0","4","0","0","0","0","0","0",,"12-30-1939","40",,,,,"No","No","No",,"Micro-Unit Density Bonus","No",,,,,,,,,,,,"-97.756752","30.245508"
"625","5475","Nexus East","720 Airport Partners LLC","Spicewood Investments Ltd and ABP Interests Ltd","720 Airport Boulevard","78702","0202170323","3","Multifamily","Rental","Project Completed","49","5","0","0","0","0","0","0","5","0","0","0","0","0","07-09-2021","07-09-2061","40",,,,,"No","No","No",,"Vertical Mixed Use","No",,,,,,,,,,,,"-97.693218","30.252779"
"631","5495","Aura on Lamar","TRG North Lamar L.P.","TRG North Lamar L.P.","5629 N Lamar Blvd","78751","0228070501","4","Multifamily","Rental","Project Completed","279","28","0","0","0","0","0","0","0","0","0","28","0","0","08-10-2021","08-10-2061","40",,,,,"No","No","No",,"Vertical Mixed Use","No",,,,,,,,,,,,"-97.726352","30.32528"
"635","5499","Zoey Apartments","5700 East Riverside Associates LLC","5700 East Riverside Associates LLC","5700 East Riverside Drive","78741","0306120212","3","Multifamily","Rental","Project Completed","307","38","0","0","0","0","0","0","38","0","0","0","0","0","05-18-2022","05-18-2062","40",,,,,"No","No","No",,"East Riverside Corridor","No",,,,,,,,,,,,"-97.708942","30.22839"
"316","5524","The 900 Condos","PSW 900 Eastline LP","PSW 900 Eastline LP","900 S 1st Street Unit 206","78704","0102011501","9","Multifamily","Ownership","Project Completed","1","1","0","0","0","0","0","0","0","0","0","1","0","0","11-22-2019","11-22-2118","99",,,,,"No","No","No",,"Vertical Mixed Use","No",,,,,,,,,,,,"-97.752302","30.254741"
"316","5526","The 900 Condos","PSW 900 Eastline LP","PSW 900 Eastline LP","900 S 1st Street Unit 220","78704","0102011501","9","Multifamily","Ownership","Project Completed","1","1","0","0","0","0","0","0","0","0","0","1","0","0","11-12-2019","11-12-2118","99",,,,,"No","No","No",,"Vertical Mixed Use","No",,,,,,,,,,,,"-97.752302","30.254741"
"316","5527","The 900 Condos","PSW 900 Eastline LP","PSW 900 Eastline LP","900 S 1st Street Unit 306","78704","0102011501","9","Multifamily","Ownership","Project Completed","1","1","0","0","0","0","0","0","0","0","0","0","1","0","12-19-2019","12-19-2118","99",,,,,"No","No","No",,"Vertical Mixed Use","No",,,,,,,,,,,,"-97.752302","30.254741"
"316","5528","The 900 Condos","PSW 900 Eastline LP","PSW 900 Eastline LP","900 S 1st Street Unit 219","78704","0102011501","9","Multifamily","Ownership","Project Completed","1","1","0","0","0","0","0","0","0","0","0","1","0","0","11-22-2019","11-22-2118","99",,,,,"No","No","No",,"Vertical Mixed Use","No",,,,,,,,,,,,"-97.752302","30.254741"
"316","5529","The 900 Condos","PSW 900 Eastline LP","PSW 900 Eastline LP","900 S 1st Street Unit 320","78704","0102011501","9","Multifamily","Ownership","Project Completed","1","1","0","0","0","0","0","0","0","0","0","0","1","0","05-11-2020","05-11-2119","99",,,,,"No","No","No",,"Vertical Mixed Use","No",,,,,,,,,,,,"-97.752302","30.254741"
"644","5533","1200 W 25th Street","2501 N Lamar LLC","2501 N Lamar LLC","2500 Longview Street","78750","0214000407","9","Multifamily","Rental","Project Completed","113","11","0","0","0","0","0","0","0","0","0","11","0","0","12-21-2023","12-21-2063","40",,,,,"No","No","No",,"Vertical Mixed Use","No",,,,,,,,,,,,"-97.75105","30.29015"
"645","5534","Fifteen15 South Lamar","FF Realty IV LLC","FF Realty IV LLC","1515 South Lamar Blvd","78704","0400040211","9","Multifamily","Rental","Project Completed","328","33","0","0","0","0","0","0","33","0","0","0","0","0","08-01-2023","08-01-2063","40",,,,,"No","No","No",,"Vertical Mixed Use","No",,,,,,,,,,,,"-97.76444","30.25154"
"647","5537","Lenox 7th","OH Gonzales GP LLC","OH Gonzales GP LLC","4910 East 7th Street","78702","0202160242","3","Multifamily","Rental","Project Completed","279","28","0","0","0","0","0","0","0","0","0","28","0","0","11-23-2020","11-23-2060","40",,,,,"No","No","No",,"Vertical Mixed Use","No",,,,,,,,,,,,"-97.69879","30.254586"
"651","5561","The Anderson","Michigan RV Resort LLC and PP Anderson Lane LLC","Ardent Residential","2711 W Anderson Lane","78757","0239040202","7","Multifamily","Rental","Under Construction","322","32","0","0","0","0","0","0","0","0","0","32","0","0",,"12-30-1939","40",,,,,"No","No","No",,"Vertical Mixed Use","No",,,,,,,,,,,,"-97.73674","30.35835"
"652","5563","1301 South Lamar","Seamless 290 West DE Ltd and Seamless GCW Ltd","Seamless 290 West DE Ltd and Seamless GCW Ltd","1301 S Lamar Boulevard","78704","0100032801","9","Multifamily","Rental","Under Construction","309","31","0","0","0","0","0","0","31","0","0","0","0","0",,"12-30-1939","40",,,,,"No","No","No",,"Vertical Mixed Use","No",,,,,,,,,,,,"-97.764678","30.252251"
"663","5581","MLK Highline","Rosenfield Brothers","Rosenfield Brothers","2832 E MLK Jr. Blvd","78702","0212121004","1","Multifamily","Rental","Project Completed","201","36","0","0","0","0","0","0","36","0","0","0","0","0","07-08-2021","07-08-2061","40",,,,,"No","No","No",,"Transit Oriented Development","No",,,,,,,,,,,,"-97.710401","30.281967"
"664","5582","Axiom East Condominiums","2202 Webberville Road LLC","Pearlstone Partners","2202 Webberville Road Unit 218","78702","0205101620","1","Multifamily","Ownership","Project Completed","60","6","0","0","0","0","0","0","0","0","0","3","3","0","04-08-2021","04-08-2120","99",,,,,"No","No","No",,"Vertical Mixed Use","No",,,,,,,,,,,,"-97.71716","30.26195"
"669","5588","1709 Burton Multifamily","1709 Burton LLC","1709 Burton LLC","1709 Burton Drive","78741","0","3","Multifamily","Rental","Project Completed","92","9","0","0","0","0","0","0","9","0","0","0","0","0","09-25-2024","09-25-2064","40",,,,,"No","No","No",,"East Riverside Corridor; Micro-Unit Density Bonus","No",,,,,,,,,,,,"-97.727679","30.236753"
"413","5589","Roseville on Manor Condominiums","SWS Manor & Alexander LLC","SWS Manor & Alexander LLC","2827 Manor Road Unit 35 (a.k.a. 1208)","78722","0212121801","1","Multifamily","Ownership","Project Completed","1","1","0","0","0","0","0","0","0","0","0","1","0","0","09-12-2019","09-12-2118","99",,,,,"No","No","No",,"Transit Oriented Development","No",,,,,,,,,,,,"-97.71039","30.28528"
"413","5590","Roseville on Manor Condominiums","SWS Manor & Alexander LLC","SWS Manor & Alexander LLC","2827 Manor Rd Unit 1101","78722","0212121801","1","Multifamily","Ownership","Project Completed","1","1","0","0","0","0","0","0","0","0","0","1","0","0","04-08-2020","04-08-2119","99",,,,,"No","No","No",,"Transit Oriented Development","No",,,,,,,,,,,,"-97.710397","30.285291"
"413","5591","Roseville on Manor Condominiums","SWS Manor & Alexander LLC","SWS Manor & Alexander LLC","2827 Manor Road Unit 1102","78722","0212121801","1","Multifamily","Ownership","Project Completed","1","1","0","0","0","0","0","0","0","0","0","1","0","0","06-18-2020","06-18-2119","99",,,,,"No","No","No",,"Transit Oriented Development","No",,,,,,,,,,,,"-97.710388","30.28528"
"413","5592","Roseville on Manor Condominiums","SWS Manor & Alexander LLC","SWS Manor & Alexander LLC","2827 Manor Road Unit 1103","78722","0212121801","1","Multifamily","Ownership","Project Completed","1","1","0","0","0","0","0","0","0","0","0","1","0","0","04-08-2020","04-08-2119","99",,,,,"No","No","No",,"Transit Oriented Development","No",,,,,,,,,,,,"-97.710397","30.285291"
"413","5593","Roseville on Manor Condominiums","SWS Manor & Alexander LLC","SWS Manor & Alexander LLC","2827 Manor Road Unit 1104","78722","0212121801","1","Multifamily","Ownership","Project Completed","1","1","0","0","0","0","0","0","0","0","0","1","0","0","04-10-2020","04-10-2119","99",,,,,"No","No","No",,"Transit Oriented Development","No",,,,,,,,,,,,"-97.710388","30.28528"
"670","5594","Prospect Apartments","4515 South Congress Avenue LP","4515 South Congress Avenue LP","122 Sheraton Avenue 4515 South Congress Avenue","78745","0412050103","3","Multifamily","Rental","Project Completed","255","26","0","0","0","0","0","0","0","0","0","26","0","0","02-14-2024","02-14-2064","40",,,,,"No","No","No",,"Vertical Mixed Use","No",,,,,,,,,,,,"-97.767475","30.215473"
"405","5607","Eastgate Condominiums","2213 Poquito LLC","Lee Development and Construction/2213 Poquito LLC","2213 Poquito Street Unit 113","78722","0211090409","1","Multifamily","Ownership","Project Completed","1","1","0","0","0","0","0","0","0","0","0","1","0","0","09-11-2019","09-11-2118","99",,,,,"No","No","No",,"Vertical Mixed Use","No",,,,,,,,,,,,"-97.720746","30.283103"
"405","5608","Eastgate Condominiums","2213 Poquito LLC","Lee Development and Construction/2213 Poquito LLC","2213 Poquito Street Unit 111","78722","0211090409","1","Multifamily","Ownership","Project Completed","1","1","0","0","0","0","0","0","0","0","0","1","0","0","08-23-2019","08-23-2118","99",,,,,"No","No","No",,"Vertical Mixed Use","No",,,,,,,,,,,,"-97.720746","30.283103"
"405","5609","Eastgate Condominiums","2213 Poquito LLC","Lee Development and Construction/2213 Poquito LLC","2213 Poquito Street Unit 119","78722","0211090409","1","Multifamily","Ownership","Project Completed","1","1","0","0","0","0","0","0","0","0","0","0","1","0","08-23-2019","08-23-2118","99",,,,,"No","No","No",,"Vertical Mixed Use","No",,,,,,,,,,,,"-97.720746","30.283103"
"405","5610","Eastgate Condominiums","2213 Poquito LLC","Lee Development and Construction/2213 Poquito LLC","2213 Poquito Street Unit 114","78722","0211090409","1","Multifamily","Ownership","Project Completed","1","1","0","0","0","0","0","0","0","0","0","1","0","0","09-30-2019","09-30-2118","99",,,,,"No","No","No",,"Vertical Mixed Use","No",,,,,,,,,,,,"-97.720746","30.283103"
"678","5611","Alexan Riverside","RD 1919 Riverside Dr","RD 1919 Riversdie Dr","1400 Royal Crest Drive","78741","0304070207","3","Multifamily","Rental","Project Completed","310","14","0","0","0","0","0","0","14","0","0","0","0","0","11-15-2023","11-15-2063","40",,,,,"No","No","No",,"East Riverside Corridor","No",,,,,,,,,,,,"-97.729039","30.241588"
"405","5624","Eastgate Condominiums","2213 Poquito LLC","Lee Development and Construction/2213 Poquito LLC","2213 Poquito Street Unit 110","78722","0211092801","1","Multifamily","Ownership","Project Completed","1","1","0","0","0","0","0","0","0","0","0","0","1","0","12-05-2019","12-05-2118","99",,,,,"No","No","No",,"Vertical Mixed Use","No",,,,,,,,,,,,"-97.72066","30.28374"
"405","5625","Eastgate Condominiums","2213 Poquito LLC","Lee Development and Construction/2213 Poquito LLC","2213 Poquito Street Unit 112","78722","0211092801","1","Multifamily","Ownership","Project Completed","1","1","0","0","0","0","0","0","0","0","0","1","0","0","10-31-2019","10-31-2118","99",,,,,"No","No","No",,"Vertical Mixed Use","No",,,,,,,,,,,,"-97.72066","30.28374"
"698","5648","Starlight","Manor and Alexander Development Partners LP","Manor & Alexander Development Partners LP","2901 Manor Rd","78702","0212120704","1","Multifamily","Rental","Project Completed","325","58","0","0","0","0","0","58","0","0","0","0","0","0","05-09-2023","05-09-2063","40",,,,,"No","No","No",,"Transit Oriented Development","No",,,,,,,,,,,,"-97.71006","30.28555"
"702","5658","1812 E 6th Mixed-Use","1812 Development Group LLC","1812 Development Group LLC","1812 E 6th Street","78702","0204081015","3","Multifamily","Rental","Under Construction","60","6","0","0","0","0","0","6","0","0","0","0","0","0",,"12-30-1939","40",,,,,"No","No","No",,"Micro-Unit Density Bonus","No",,,,,,,,,,,,"-97.72285","30.26212"
"703","5659","Willow Hill","2500 Willow LLC","2500 Willow LLC","2500 Willow Hill Drive","78741","0306070114","3","Multifamily","Rental","Certified","371","27","0","0","0","0","0","27","0","0","0","0","0","0",,"12-30-1939","40",,,,,"No","No","No",,"East Riverside Corridor","No",,,,,,,,,,,,"-97.72525","30.2334"
"704","5660","The Johnny fka 613 WSJ","TSG Asset Management and or Assigns","Sephira Group","613 W St Johns Avenue","78752","0233100411","4","Multifamily","Ownership","Project Completed","76","19","0","0","0","0","0","0","19","0","0","0","0","0","08-21-2023","08-21-2063","40",,,,,"No","No","No",,"Transit Oriented Development","No",,,,,,,,,,,,"-97.71579","30.33803"
"708","5665","Crosstown Apartments","TLH Riverside 6507 MF-I LP","TLH Riverside 6507 MF-I LP","6507 E Riverside Drive","78741","0310140156","3","Multifamily","Rental","Project Completed","263","4","0","0","0","0","0","0","4","0","0","0","0","0","09-25-2023","09-25-2063","40",,,,,"No","No","No",,"East Riverside Corridor","No",,,,,,,,,,,,"-97.70156627","30.22381686"
"718","5682","The Emma","3219 Manor MU Ltd","Cumby Development","3219 Manor Road","78722","0212150204","1","Multifamily","Rental","Under Construction","146","15","0","0","0","0","0","0","15","0","0","0","0","0",,"12-30-1939","40",,,,,"No","No","No",,"Vertical Mixed Use","No",,,,,,,,,,,,"-97.703","30.28653"
"719","5683","Highgrove","SP Partners Cameron Holdings LLC","SP Partners Cameron Holdings LLC","5900 Cameron Road","78723","0224140118","4","Multifamily","Rental","Project Completed","314","26","0","0","0","0","0","0","26","0","0","0","0","0","06-29-2023","06-29-2063","40",,,,,"No","No","No",,"Vertical Mixed Use","No",,,,,,,,,,,,"-97.700348","30.31708"
"724","5690","Cityline at MLK Station","HS 2900 MLK Venture LLC","HS 2900 MLK Venture LLC","1909 Alexander Avenue","78702","0212120707","1","Multifamily","Rental","Project Completed","344","36","0","0","0","0","0","36","0","0","0","0","0","0","10-16-2024","10-16-2064","40",,,,,"No","No","No",,"Transit Oriented Development","No",,,,,,,,,,,,"-97.709032","30.282345"
"725","5692","Casiano Condos","Salvado Casiano-Jarmaillo","Salvado Casiano-Jarmaillo","3209 Gonzales Street","78702","0202140402","3","Multifamily","Rental","Certified","10","1","0","0","0","0","0","0","1","0","0","0","0","0",,"12-30-1939","40",,,,,"No","No","No",,"Vertical Mixed Use","No",,,,,,,,,,,,"-97.70498","30.25847"
"726","5693","Luca Apartments fka Fairfield at Metric","FRH Realty LLC","FRH Realty LLC","9100 E Metric Blvd","78758","0245080108","4","Multifamily","Rental","Project Completed","388","48","0","0","0","0","0","0","48","0","0","0","0","0","07-30-2025","07-30-2065","40",,,,,"No","No","No",,"North Burnet Gateway","No",,,,,,,,,,,,"-97.72155","30.37228"
"732","5700","418 E Highland Mall","UG Highland I LP","UG Highland I LP","418 E Highland Mall Blvd","78752","0228130119","4","Multifamily","Rental","Project Completed","90","9","0","0","0","0","0","0","0","0","0","9","0","0","05-08-2023","05-08-2063","40",,,,,"No","No","No",,"Vertical Mixed Use","No",,,,,,,,,,,,"-97.71018","30.32855"
"742","5712","Medina Highlands","Lamy-Arcadia LLC","Lamy-Arcadia LLC","212 W. Highland Mall Blvd.","78752","0229110805","4","Multifamily","Rental","Project Completed","310","31","0","0","0","0","0","0","0","0","0","31","0","0","06-15-2023","06-15-2063","40",,,,,"No","No","No",,"Vertical Mixed Use","No",,,,,,,,,,,,"-97.713586","30.329379"
"743","5713","10300 Metropolitan Drive","10400 Metroplitan LTD & Anchor Equities LTD","10400 Metropolitan LTD & Anchor Equities LTD","10300 Metropolitan Drive","78758","0248100503","4","Multifamily","Rental","Project Completed","341","14","0","0","0","0","0","0","14","0","0","0","0","0","08-07-2024","08-07-2064","40",,,,,"No","No","No",,"North Burnet Gateway","No",,,,,,,,,,,,"-97.71772","30.38435"
"748","5718","Broadstone North Lamar","Alliance Realty Partners LLC","Alliance Realty Partners LLC","6709 N Lamar Blvd","78752","0231090513","4","Multifamily","Rental","Project Completed","305","46","0","0","0","0","0","0","46","0","0","0","0","0","04-15-2024","04-15-2064","40",,,,,"No","No","No",,"Transit Oriented Development","No",,,,,,,,,,,,"-97.720188","30.335118"
"749","5719","Presidium 183 (fka ""Presidium at Waterford"")","Sage-Research LTD","Sage-Research LTD","9127 Research Blvd Svrd NB","78758","0246070502","7","Multifamily","Rental","Under Construction","374","68","0","0","0","0","0","0","68","0","0","0","0","0",,"12-30-1939","40",,,,,"No","No","No",,"North Burnet Gateway","No",,,,,,,,,,,,"-97.72971932","30.37531547"
"750","5720","Lenox Burnet fka Burnet MF","OH Burnet Land LP","OH Burnet Land LP","6801 Burnet Road","78757","0234030419","7","Multifamily","Rental","Project Completed","173","18","0","0","0","0","0","0","18","0","0","0","0","0","06-10-2024","06-10-2064","40",,,,,"No","No","No",,"Vertical Mixed Use","No",,,,,,,,,,,,"-97.73797","30.34381"
"751","5721","2323 South Lamar Mixed Use","2323 South Lamar Ltd LP","Endeavor Real Estate Group","2323 South Lamar Blvd","78704","0401070233","5","Multifamily","Ownership","Under Construction","22","3","0","0","0","0","0","0","0","0","0","1","2","0",,"12-30-1939","40",,,,,"No","No","No",,"Vertical Mixed Use","No",,,,,,,,,,,,"-97.776724","30.246807"
"754","5725","Revolve (Highland Phase III)","NRP Group","NRP Group","112 Will Davis Dr.","78752","0314100209","4","Multifamily","Rental","Project Completed","299","30","0","0","0","0","0","0","0","0","0","30","0","0","05-30-2024","05-30-2064","40",,,,,"No","No","No",,"Vertical Mixed Use","No",,,,,,,,,,,,"-97.71444622024","30.32866214355"
"756","5727","The Goodwin","3706 Goodwin LLC","3706 Goodwin LLC","3706 Goodwin Avenue","78721","0207170201","1","Multifamily","Rental","Project Completed","363","37","0","0","0","0","0","0","37","0","0","0","0","0","08-28-2025","08-28-2065","40",,,,,"No","No","No",,"Vertical Mixed Use","No",,,,,,,,,,,,"-97.69545","30.26846"
"312","5731","The Guild Condominiums","HDC Hill Country Equities The Guild LP","Sunil Lavani","2804 S 1st Street Unit 1302","78704","0404043001","3","Multifamily","Ownership","Project Completed","15","1","0","0","0","0","0","0","0","0","0","0","1","0","05-03-2021","05-03-2120","99",,,,,"No","No","No",,"Vertical Mixed Use","No",,,,,,,,,,,,"-97.763106","30.237157"
"759","5736","Windsor Park Towers","Binary Hospital LLC","JCI Residential LLC","6007 N IH 35","78723","0226140403","4","Multifamily","Rental","Project Completed","308","155","0","0","0","0","0","0","155","0","0","0","0","0","03-08-2024","03-08-2064","40",,,,,"No","No","Yes",,"Vertical Mixed Use","No",,,,,,,,,,,,"-97.70603","30.32079"
"764","5741","Prose at the Domain","Alliance Realty Partners LLC","Alliance Realty Partners LLC","10605 Delta Drive","78758","0250110210","4","Multifamily","Rental","Project Completed","369","20","0","0","0","0","0","0","20","0","0","0","0","0","01-15-2024","01-15-2064","40",,,,,"No","No","No",,"North Burnet Gateway","No",,,,,,,,,,,,"-97.71637","30.38802"
"234","5743","3114 SOCO Condominiums","3110 S Congress LLC","3110 S Congress LLC","3110 S Congress Unit 203","78704","0407032101","3","Multifamily","Ownership","Project Completed","20","1","0","0","0","0","0","0","0","0","0","1","0","0","05-20-2017","05-20-2116","99",,,,,"No","No","No",,"Vertical Mixed Use","No",,,,,,,,,,,,"-97.75947","30.23151"
"768","5746","Midtown Highline","UG Highland I LP","UG Highland I LP","604 E Highland Mall Blvd","78752","0228130111","4","Multifamily","Rental","Project Completed","163","17","0","0","0","0","0","0","0","0","0","17","0","0","05-08-2023","05-08-2063","40",,,,,"No","No","No",,"Vertical Mixed Use","No",,,,,,,,,,,,"-97.70969","30.32719"
"777","5759","Cumberland Lofts","600 Cumberland Partners LP","Urban ATX","2612 S 1st Street","78704","0404041214","3","Multifamily","Rental","Certified","120","60","0","0","0","0","0","24","24","0","0","12","0","0",,"12-30-1939","40",,,,,"No","Yes","Yes",,,"No",,,,,,,,,,,,"-97.76219","30.23845"
"778","5766","The Travis - Tower 2","PR II Genesis 80 RRS LP","Genesis Living","80 Red River St","78701","0203033102","9","Multifamily","Ownership","Under Construction","200","6","0","0","0","0","0","0","0","0","0","6","0","0",,"12-30-1998","99",,,,,"No","No","No",,"Downtown Density Bonus;Rainey Street","No",,,,,,,,,,,,"-97.73999","30.26001"
"405","5794","Eastgate Condominiums","2213 Poquito LLC","Lee Development and Construction/2213 Poquito LLC","2213 Poquito Street Unit 115","78722","0211092801","1","Multifamily","Ownership","Project Completed","1","1","0","0","0","0","0","0","0","0","0","0","1","0","03-12-2021","03-12-2120","99",,,,,"No","No","No",,"Vertical Mixed Use","No",,,,,,,,,,,,"-97.72066","30.28374"
"787","5795","East Riverside Multi-family Phase II","RB Ben White LLC","Husch Blackwell","1301 Parker Lane","78741","0304070206","3","Multifamily","Rental","Under Construction","300","15","0","0","0","0","0","0","15","0","0","0","0","0","05-15-2025","05-15-2065","40",,,,,"No","No","No",,"East Riverside Corridor","No",,,,,,,,,,,,"-97.73039","30.24225"
"792","5804","Windsor Village","TDC Griffin Windsor Owner LLC","Transwestern","5811 Berkman Dr (TCAD Parcel 0222170914)","78723","0222170914","4","Multifamily","Rental","Project Completed","405","41","0","0","0","0","0","0","41","0","0","0","0","0","01-07-2025","01-07-2065","40",,,,,"No","No","Yes",,"Vertical Mixed Use","No",,,,,,,,,,,,"-97.69296","30.31237"
"1,044","5810","The Met",,,"10101 Metropolitan Drive","78758","0248100302","4","Multifamily","Rental","Project Completed","297","21","0","0","0","0","0","0","21","0","0","0","0","0","08-30-2024","08-30-2064","40",,,,,"No","No","No",,"North Burnet Gateway","No",,,,,,,,,,,,"-97.7179","30.38186"
"797","5820","Koenig Lane Multifamily","201 E Koenig Lane LP","WGI","403 E Koenig Lane","78751","0226100701","4","Multifamily","Rental","Under Construction","498","50","0","0","0","0","0","0","0","0","0","50","0","0",,"12-30-1939","40",,,,,"No","No","No",,"Vertical Mixed Use","No",,,,,,,,,,,,"-97.71738","30.32077"
"804","5844","51st St. Mueller Blvd","Sage Crossroads LLC","Sage Crossroads LLC","1414 E 51st Street","78723","0220140203","4","Multifamily","Rental","Project Completed","369","37","0","0","0","0","0","0","37","0","0","0","0","0","08-30-2024","08-30-2064","40",,,,,"No","No","No",,"Vertical Mixed Use","No",,,,,,,,,,,,"-97.70381","30.3064"
"807","5853","JCI Threadgill's","SP Land Holdings LP","Journeyman Company","6416 N Lamar Blvd","78752","0229080202","7","Multifamily","Rental","Certified","101","12","0","0","0","0","0","0","12","0","0","0","0","0",,"12-30-1939","40",,,,,"No","No","No",,"Transit Oriented Development","No",,,,,,,,,,,,"-97.72241211","30.33216476"
"809","5856","Augustine Apartments","JCI Multi-Family LP","JCI Residential LLC","707 W. Slaughter Lane","78748","0430130406","5","Multifamily","Rental","Under Construction","343","175","0","0","0","0","0","0","175","0","0","0","0","0",,"12-30-1939","40",,,,,"No","No","Yes",,"Vertical Mixed Use","No",,,,,,,,,,,,"-97.80207917","30.17275241"
"664","5875","Axiom East Condominiums","2202 Webberville Road LLC","Pearlstone Partners","2202-2220 Webberville Road Unit 222","78702","0205103801","1","Multifamily","Ownership","Project Completed","1","1","0","0","0","0","0","0","0","0","0","1","0","0","05-06-2021","05-06-2120","99",,,,,"No","No","No",,"Vertical Mixed Use","No",,,,,,,,,,,,"-97.71716","30.26195"
"664","5876","Axiom East Condominiums","2202 Webberville Road LLC","Pearlstone Partners","2202 Webberville Road Unit 223","78702","0205103801","1","Multifamily","Ownership","Project Completed","1","1","0","0","0","0","0","0","0","0","0","1","0","0","07-15-2021","07-15-2120","99",,,,,"No","No","No",,"Vertical Mixed Use","No",,,,,,,,,,,,"-97.71716","30.26195"
"664","5877","Axiom East Condominiums","2202 Webberville Road LLC","Pearlstone Partners","2202-2220 Webbweville Road Unit 219","78702","0205103801","1","Multifamily","Ownership","Project Completed","1","1","0","0","0","0","0","0","0","0","0","0","1","0","05-06-2021","05-06-2120","99",,,,,"No","No","No",,"Vertical Mixed Use","No",,,,,,,,,,,,"-97.71716","30.26195"
"664","5878","Axiom East Condominiums","2202 Webberville Road LLC","Pearlstone Partners","2202 Webberville Road Unit 220","78702","0205103801","1","Multifamily","Ownership","Project Completed","1","1","0","0","0","0","0","0","0","0","0","0","1","0","05-06-2021","05-06-2120","99",,,,,"No","No","No",,"Vertical Mixed Use","No",,,,,,,,,,,,"-97.71716","30.26195"
"664","5879","Axiom East Condominiums","2202 Webberville Road LLC","Pearlstone Partners","2202 Webberville Road Unit 221","78702","0205103801","1","Multifamily","Ownership","Project Completed","1","1","0","0","0","0","0","0","0","0","0","0","1","0","05-06-2021","05-06-2120","99",,,,,"No","No","No",,"Vertical Mixed Use","No",,,,,,,,,,,,"-97.71716","30.26195"
"811","5895","2001 South Lamar","GDC-NRG South Lamar LLC","NRP Group","2001 & 2003 South Lamar","78704","0100050318","9","Multifamily","Rental","Under Construction","453","227","0","0","0","0","0","92","90","0","0","45","0","0",,"12-30-3799","0",,,,,"No","No","Yes",,"DB-90","No",,,,,,,,,,,,"-97.76755944","30.24853811"
"813","5897","Trailhead Phase 2","SL4 Airport LP","Stonelake Capital Partners","5100 Bolm Road","78721","0203180132","3","Multifamily","Rental","Project Completed","222","23","0","0","0","0","0","0","0","0","0","23","0","0","12-23-2025","12-23-2065","40",,,,,"No","No","No",,"Vertical Mixed Use","No",,,,,,,,,,,,"-97.69309","30.25967"
"814","5898","The Saint","South Congress Development LLC","United Properties","4329 - 4341 S Congress Avenue","78745","0412040503","3","Multifamily","Rental","Project Completed","274","28","0","0","0","0","0","0","0","0","0","28","0","0","12-04-2024","12-04-2064","40",,,,,"No","No","No",,"Vertical Mixed Use","No",,,,,,,,,,,,"-97.7658","30.21846"
"816","5901","The Mercury","Merc Properties LTD","Merc Properties LTD","601 Cardinal Lane","78704","0405050505","3","Multifamily","Rental","Project Completed","261","26","0","0","0","0","0","0","26","0","0","0","0","0","07-16-2024","07-16-2064","40",,,,,"No","No","No",,"Vertical Mixed Use","No",,,,,,,,,,,,"-97.76634","30.232"
"826","5911","Eastpoint","OH Airport LP","OH Airport LP","760 Airport Blvd","78702","0202170320","3","Multifamily","Rental","Project Completed","365","37","0","0","0","0","0","0","0","0","0","37","0","0","07-15-2024","07-15-2064","40",,,,,"No","No","No",,"Vertical Mixed Use","No",,,,,,,,,,,,"-97.69332854","30.25444029"
"827","5912","Arboretum VMU","National Bank of Commerce","Kimley-Horn","10400 Research Blvd","78759","0154010215","10","Multifamily","Rental","Project Completed","260","26","0","0","0","0","0","0","0","0","0","26","0","0","02-19-2024","02-19-2064","40",,,,,"No","No","No",,"Vertical Mixed Use","No",,,,,,,,,,,,"-97.74743","30.39659"
"828","5913","6221 N. Lamar","NSSW Development LLC","NSSW Development LLC","6221 N. Lamar","78752","0229080616","4","Multifamily","Rental","Under Construction","114","12","0","0","0","0","0","0","12","0","0","0","0","0",,"12-30-1939","40",,,,,"No","No","Yes",,"Transit Oriented Development","No",,,,,,,,,,,,"-97.72280776","30.33081612"
"840","5926","4215 S Lamar Blvd","CSW South Lamar MF LP","CSW South Lamar MF LP","4215 S Lamar Blvd","78704","0408111705","5","Multifamily","Rental","Under Construction","309","31","0","0","0","0","0","0","11","0","0","20","0","0",,"12-30-1939","40",,,,,"No","No","No",,"Vertical Mixed Use","No",,,,,,,,,,,,"-97.79363701","30.23370497"
"841","5927","KAG Apartments","KAG Leasing LLC","KAG Leasing LLC","1010 Springdale Road","78721","0206150301","3","Multifamily","Rental","Under Construction","357","36","0","0","0","0","0","0","0","0","0","36","0","0",,"12-30-1939","40",,,,,"No","No","No",,"Vertical Mixed Use","No",,,,,,,,,,,,"-97.69489","30.26666"
"317","3840","South Shore Disctrict Apartments (South Shore PUD)","Grayco Town Lake Investment 2007 L.P.","Grayco Partners","1333 Shore District Drive","78741","0304080101","3","Multifamily","Rental","Project Completed","500","13","0","0","0","0","0","0","13","0","0","0","0","0","04-16-2014","04-16-2054","40","Paid","$2,038,666","02-10-2025",,"No","No","No","PUD Development Agreement",,"Yes",,,,,,,,,,,,"-97.727183","30.243505"
"320","3847","Broadstone at the Lake","Alliance Residential Holdings LLC","Bury & Partners","422 W Riverside Drive","78704","0203000209","9","Multifamily","Rental","Project Completed","240","0","0","0","0","0","0","0","0","0","0","0","0","0",,"12-30-3799","0","Paid","$23,251","07-10-2015",,"No","No","No","PUD Development Agreement",,"Yes",,,,,,,,,,,,"-97.748747","30.259685"
"598","5382","The Independent (AECC MDA)","Aspen 3rd & West Partners LP","Constructive Ventures Inc.","301 West Avenue","78701","0107003201","9","Multifamily","Ownership","Project Completed","370","0","0","0","0","0","0","0","0","0","0","0","0","0",,"12-30-3799","0","Paid","$2,477,490","03-18-2019",,"No","No","No","Master Development Agreement",,"Yes",,,,,,,,,,,,"-97.750924","30.267971"
"361","5489","Austin Proper (GWTP MDA)","TCC/CVI Development Group","TC Green Water Master Developer LLC","202 Nueces Street","78701","0105000701","9","Multifamily","Ownership","Project Completed","110","0","0","0","0","0","0","0","0","0","0","0","0","0",,"12-30-3799","0","Paid","$999,440","09-29-2021",,"No","No","No","Master Development Agreement",,"Yes",,,,,,,,,,,,"-97.749835","30.266232"
"680","5618","211 South Lamar PUD","16 Piggybank Ltd.","Unknown","211 S Lamar Boulevard","78704","0105021401","9","Non-Residential","Non-Residential","Project Completed","0","0","0","0","0","0","0","0","0","0","0","0","0","0",,"12-30-3799","0","Paid","$1,200,000","12-05-2022",,"No","No","No","PUD Development Agreement",,"Yes",,,,,,,,,,,,"-97.756799","30.263971"
"14","3245","Southwest Trails Apartments","Central Texas/SWA Mutual Housing Corporation","Foundation Communities Inc.","8405 Old Bee Caves Road","78735","0402440211","8","Multifamily","Rental","Affordability Period Expired","160","160","19","0","0","0","0","81","79","0","0","0","0","0","12-21-2000","12-21-2020","20",,,,"RHDA","No","No","Yes","Private Activity Bond",,"No","4% LIHTC","$0","$0","$0",,"$0","$0","$500,000","$500,000",,"$500,000","-97.88724303","30.25122411"
"47","3304","Elm Ridge Apartments","Elm Ridge Affordable Partners Ltd.","Unknown","1161 Harvey Street","78702","0209140606","1","Multifamily","Rental","Project Completed","130","130","16","0","0","0","0","130","0","0","0","0","0","0","02-26-2010","02-26-2109","99",,,,"RHDA","No","No","No","Private Activity Bond",,"No","4% LIHTC","$2,500,000","$0","$0",,"$0","$0","$0","$0",,"$2,500,000","-97.701099","30.275136"
"130","3824","Los Portales de Lena Guerrero fka Govalle Terrace","ThinkEast Austin MGT","ThinkEast Austin MGT","5225 Jain Street","78721","0204190416","3","Multifamily","Rental","Project Completed","97","97","12","4","0","4","0","31","61","0","0","1","0","0","08-20-2022","08-20-2062","40",,,,"RHDA","No","No","Yes","PUD Development Agreement",,"No","4% LIHTC","$0","$1,208,000","$3,950,000",,"$1,600,000","$0","$0","$0",,"$5,158,000","-97.68721512","30.26289677"
"347","3900","Wildflower Terrace","Catellus Austin LLC","Catellus Austin LLC","3801 Berkman Drive","78723","0215162301","9","Multifamily","Rental","Project Completed","201","171","11","0","0","26","0","60","85","0","0","0","0","0","04-27-2012","04-27-2111","99",,,,"RHDA","No","No","Yes","Master Development Agreement",,"No","9% LIHTC","$2,000,000","$0","$0",,"$0","$0","$0","$0",,"$2,000,000","-97.6984403","30.2909045"
"1,038","3901","Aldrich 51","Catellus Austin LLC","Catellus Austin LLC","2604 Aldrich Street","78723","0219161501","9","Multifamily","Rental","Project Completed","240","204","17","10","0","18","0","47","139","0","0","0","0","0","12-16-2015","12-16-2116","101",,,,"RHDA","No","No","Yes","Master Development Agreement;Ground Lease;Partnership;Private Activity Bond",,"No","4% LIHTC","$0","$2,000,000","$0",,"$2,000,000","$0","$0","$0",,"$2,000,000","-97.701803","30.304204"
"353","3915","Libertad Austin at Gardner","AHFC","AHFC","900 Gardner Road","78721","0201200102","3","Multifamily","Rental","Under Construction","198","198","0","0","0","30","15","41","112","0","0","0","0","0",,"12-30-1939","40",,,,"RHDA","No","Yes","Yes","Ground Lease",,"No","4% LIHTC","$0","$0","$0",,"$0","$0","$0","$0","$4,500,000","$4,500,000","-97.687148","30.253997"
"347","4410","The Jordan at Mueller","Catellus Austin LLC","Catellus Austin LLC","2724 Philomena Street","78723","0219180301","9","Multifamily","Rental","Project Completed","132","132","16","14","0","14","0","66","52","0","0","0","0","0","03-31-2017","03-31-2060","43",,,,"RHDA","No","No","Yes","Master Development Agreement",,"No","9% LIHTC","$0","$4,000,000","$0",,"$0","$0","$0","$0",,"$4,000,000","-97.694827","30.298969"
"616","5439","Villas on Sixth","Villas on Sixth Housing Associates L.P.","Unknown","2011 E 6th Street","78702","0203090301","3","Multifamily","Rental","Project Completed","160","136","0","0","0","0","60","76","0","0","0","0","0","0","12-10-2004","12-10-2054","50",,,,"RHDA","No","No","Yes","Ground Lease;Partnership",,"No","9% LIHTC","$2,500,000","$0","$0",,"$0","$0","$0","$0",,"$2,500,000","-97.720197","30.260334"
"629","5492","Live + Make","Austin Housing Finance Corporation","Austin Housing Finance Corporation","1127 Tillery Street","78702","0206150140","3","Multifamily","Rental","Under Construction","66","66","0","0","0","13","0","25","28","0","0","0","0","0",,"12-30-1939","40",,,,"RHDA","Yes","Yes","Yes","Ground Lease",,"No","4% LIHTC","$0","$0","$6,203,000",,"$0","$0","$0","$297,000",,"$6,500,000","-97.70067","30.26851"
"693","5643","Espero Austin at Rutland","Espero Austin at Rutland LP","Vecino Group","1934 Rutland Drive","78758","0245110502","4","Multifamily","Rental","Project Completed","171","171","0","70","0","27","0","59","85","0","0","0","0","0","12-18-2023","12-18-2063","40",,,,"RHDA","No","Yes","Yes","Ground Lease;Partnership;Private Activity Bond",,"No","4% LIHTC",,,"$4,994,204",,,,,"$2,505,796",,"$7,500,000","-97.71302","30.37972"
"7","3230","Arbor Terrace","FC Austin One Housing Corporation","Foundation Communities Inc.","2501 S IH-35","78741","0307020317","3","Multifamily","Rental","Project Completed","120","120","15","25","0","0","0","120","0","0","0","0","0","0","06-24-2011","06-24-2110","99",,,,"RHDA","No","No","Yes","Ground Lease",,"No",,"$898,934","$0","$0",,"$1,101,066","$0","$0","$0",,"$898,934","-97.7413955","30.23146027"
"20","3256","904 Neal Street","Green Doors","Community Partnerships for the Homeless","904 Neal Street","78702","0206121619","1","Duplex","Rental","Project Completed","2","2","2","0","0","0","0","2","0","0","0","0","0","0","01-31-2008","01-31-2048","40",,,,"RHDA","No","No","Yes","Ground Lease;Community Land Trust",,"No",,"$0","$0","$0",,"$0","$0","$0","$125,000",,"$125,000","-97.71005882","30.26846974"
"20","3257","908 Neal Street","Green Doors","Community Partnerships for the Homeless","908 Neal Street","78702","0206121618","1","Duplex","Rental","Project Completed","2","2","2","0","0","0","0","2","0","0","0","0","0","0","01-31-2008","01-31-2048","40",,,,"RHDA","No","No","Yes","Ground Lease;Community Land Trust",,"No",,"$0","$0","$0",,"$0","$0","$0","$125,000",,"$125,000","-97.71023674","30.26860702"
"20","3258","912 Neal Street","Green Doors","Community Partnerships for the Homeless","912 Neal Street","78702","0206121617","1","Single Family","Rental","Project Completed","1","1","0","0","0","0","0","1","0","0","0","0","0","0","01-31-2008","01-31-2048","40",,,,"RHDA","No","No","Yes","Ground Lease;Community Land Trust",,"No",,"$0","$0","$0",,"$0","$0","$0","$125,000",,"$125,000","-97.71035687","30.26871633"
"20","3259","916 Neal Street","Green Doors","Community Partnerships for the Homeless","916 Neal Street","78702","0206121616","1","Single Family","Rental","Project Completed","1","1","0","0","0","0","0","1","0","0","0","0","0","0","01-31-2008","01-31-2048","40",,,,"RHDA","No","No","Yes","Ground Lease;Community Land Trust",,"No",,"$0","$0","$0",,"$0","$0","$0","$125,000",,"$125,000","-97.7104858","30.26885049"
"28","3272","Franklin Gardens","Chestnut Senior Housing","Chestnut Neighborhood Revitalization Corporation","3522 E Martin Luther King Jr Boulevard","78723","0213160236","1","Multifamily","Rental","Project Completed","22","22","0","0","0","0","0","22","0","0","0","0","0","0","09-29-2009","09-29-2059","50",,,,"RHDA","No","No","Yes","Ground Lease",,"No",,"$1,000,000","$0","$0",,"$0","$0","$0","$0",,"$1,000,000","-97.6972034","30.28413274"
"52","3309","Oak Springs Villas","Oak Springs Villas Inc.","Volunteers of America - Texas","3001 Oak Springs Drive","78702","0209150401","3","Multifamily","Rental","Project Completed","56","56","8","0","0","0","0","56","0","0","0","0","0","0","04-15-2003","04-15-2078","75",,,,"RHDA","No","No","No","Ground Lease",,"No",,"$0","$0","$0",,"$0","$0","$0","$466,715",,"$466,715","-97.70126065","30.27269913"
"54","3310","Spring Terrace Apartments","Spring Terrace Housing Corporation","Foundation Communities Inc.","7101 N IH-35","78752","0229150145","4","Multifamily","Rental","Project Completed","140","140","17","0","0","0","0","140","0","0","0","0","0","0","12-20-2005","12-20-2104","99",,,,"RHDA","No","No","No","Ground Lease",,"No",,"$0","$0","$0",,"$0","$0","$1,079,292","$920,708",,"$920,708","-97.70318000653","30.33149071386"
"62","3377","Retreat at North Bluff","Retreat at North Bluff L.P.","Unknown","6212 Crow Lane","78745","0420050221","2","Multifamily","Rental","Project Completed","240","176","0","0","0","24","0","26","0","0","0","60","0","60","02-01-2010","02-01-2109","99",,,,"RHDA","No","No","Yes","Ground Lease;Partnership",,"No",,"$2,940,000","$0","$0",,"$0","$0","$0","$0",,"$2,940,000","-97.771981","30.197646"
"63","3378","Myrtle","Austin Housing Finance Corporation","Anderson Community Development Corporation","1113 Myrtle Street","78702","0208061516","1","Single Family","Ownership","Project Completed","1","1","0","0","0","0","0","0","0","0","0","1","0","0","10-07-2015","10-07-2114","99",,,,"OHDA","No","No","Yes","Community Land Trust",,"No",,"$0","$0","$0",,"$0","$0","$136,313","$0",,"$0","-97.72757646","30.26981676"
"109","3496","Linden - SF","Austin Housing Finance Corporation","Austin Housing Finance Corporation","1010 Linden Street","78702","0206130246","3","Single Family","Ownership","Project Completed","1","1","0","0","0","0","0","0","0","0","0","1","0","0","08-17-2016","08-17-2115","99",,,,"OHDA","No","No","Yes","Community Land Trust",,"No",,"$0","$0","$0",,"$0","$0","$0","$0",,"$0","-97.70525554","30.26513573"
"164","3545","Linden - SF","Austin Housing Finance Corporation","American Youthworks","1018 Linden Street","78702","0206130242","3","Single Family","Ownership","Project Completed","1","1","0","0","0","0","0","0","0","0","0","1","0","0","06-02-2023","06-02-2122","99",,,,"OHDA","No","No","Yes","Community Land Trust",,"No",,"$0","$0","$0",,"$0","$0","$158,600","$0",,"$0","-97.70504537","30.26568157"
"297","3796","Goodwin - CLT","Austin Housing Finance Corporation","Austin Housing Finance Corporation","3303 Goodwin Avenue","78702","0206150148","3","Single Family","Ownership","Project Completed","1","1","0","0","0","0","0","0","0","0","0","1","0","0","05-23-2015","05-23-2114","99",,,,"OHDA","No","No","Yes","Community Land Trust",,"No",,"$0","$0","$0",,"$0","$0","$0","$0",,"$0","-97.699432","30.268934"
"297","3797","Goodwin - CLT","Austin Housing Finance Corporation","Austin Housing Finance Corporation","3305 Goodwin Avenue","78702","0206150149","3","Single Family","Ownership","Project Completed","1","1","0","0","0","0","0","0","0","0","0","1","0","0","05-11-2016","05-11-2115","99",,,,"OHDA","No","No","Yes","Community Land Trust",,"No",,"$0","$0","$0",,"$0","$0","$0","$0",,"$0","-97.699326","30.268875"
"297","3798","Goodwin - CLT","Austin Housing Finance Corporation","Austin Housing Finance Corporation","3307 Goodwin Avenue","78702","0206150150","3","Single Family","Ownership","Project Completed","1","1","0","0","0","0","0","0","0","0","0","1","0","0","05-11-2016","05-11-2115","99",,,,"OHDA","No","No","Yes","Community Land Trust",,"No",,"$0","$0","$0",,"$0","$0","$0","$0",,"$0","-97.699101","30.268824"
"109","3809","Linden - SF","Austin Housing Finance Corporation","Austin Housing Finance Corporation","1012 Linden Street","78702","0206130245","3","Single Family","Ownership","Project Completed","1","1","0","0","0","0","0","0","0","0","0","1","0","0","06-03-2016","06-03-2115","99",,,,"OHDA","No","No","Yes","Community Land Trust",,"No",,"$0","$0","$0",,"$0","$0","$0","$0",,"$0","-97.70519865","30.26525515"
"109","3810","Linden - SF","Austin Housing Finance Corporation","Austin Housing Finance Corporation","1014 Linden Street","78702","0206130244","3","Single Family","Ownership","Project Completed","1","1","0","0","0","0","0","0","0","0","0","1","0","0","08-17-2016","08-17-2115","99",,,,"OHDA","No","No","Yes","Community Land Trust",,"No",,"$0","$0","$0",,"$0","$0","$0","$0",,"$0","-97.70513626","30.26538184"
"109","3811","Linden - SF","Austin Housing Finance Corporation","Austin Housing Finance Corporation","1016 Linden Street","78702","0206130243","3","Single Family","Ownership","Project Completed","1","1","0","0","0","0","0","0","0","0","0","1","0","0","08-17-2016","08-17-2115","99",,,,"OHDA","No","No","Yes","Community Land Trust",,"No",,"$0","$0","$0",,"$0","$0","$0","$0",,"$0","-97.70512503","30.265519273"
"352","3905","Juniper at Olive - SF","Austin Housing Finance Corporation","Austin Housing Finance Corporation","900 Juniper Street","78702","0208061234","1","Single Family","Ownership","Project Completed","1","1","0","0","0","0","0","0","0","0","0","1","0","0","07-09-2015","07-09-2114","99",,,,"OHDA","No","No","Yes","Community Land Trust",,"No",,"$0","$0","$0",,"$0","$0","$0","$0",,"$0","-97.73103","30.270751"
"352","3906","Juniper at Olive - SF","Austin Housing Finance Corporation","Austin Housing Finance Corporation","902 Juniper Street","78702","0208061233","1","Single Family","Ownership","Project Completed","1","1","0","0","0","0","0","0","0","0","0","1","0","0","07-08-2015","07-08-2114","99",,,,"OHDA","No","No","Yes","Community Land Trust",,"No",,"$0","$0","$0",,"$0","$0","$0","$0",,"$0","-97.730902","30.270713"
"352","3910","Juniper at Olive - SF","Austin Housing Finance Corporation","Austin Housing Finance Corporation","907 Olive Street","78702","0208061236","1","Single Family","Ownership","Project Completed","1","1","0","0","0","0","0","0","0","0","0","1","0","0","06-26-2015","06-26-2114","99",,,,"OHDA","No","No","Yes","Community Land Trust",,"No",,"$0","$0","$0",,"$0","$0","$0","$0",,"$0","-97.730577","30.270771"
"352","3911","Juniper at Olive - SF","Austin Housing Finance Corporation","Austin Housing Finance Corporation","909 Olive Street","78702","0208061218","1","Single Family","Ownership","Project Completed","1","1","0","0","0","0","0","0","0","0","0","1","0","0","07-08-2015","07-08-2114","99",,,,"OHDA","No","No","Yes","Community Land Trust",,"No",,"$0","$0","$0",,"$0","$0","$0","$0",,"$0","-97.730419","30.270767"
"352","3912","Juniper at Olive - SF","Austin Housing Finance Corporation","Austin Housing Finance Corporation","911 Olive Street","78702","0208061219","1","Single Family","Ownership","Project Completed","1","1","0","0","0","0","0","0","0","0","0","1","0","0","06-30-2015","06-30-2114","99",,,,"OHDA","No","No","Yes","Community Land Trust",,"No",,"$0","$0","$0",,"$0","$0","$0","$0",,"$0","-97.7302","30.270735"
"352","3913","Juniper at Olive - SF","Austin Housing Finance Corporation","Austin Housing Finance Corporation","1108 Olive Street","78702","0208061103","1","Single Family","Ownership","Project Completed","1","1","0","0","0","0","0","0","0","0","0","1","0","0","07-09-2015","07-09-2114","99",,,,"OHDA","No","No","Yes","Community Land Trust",,"No",,"$0","$0","$0",,"$0","$0","$0","$0",,"$0","-97.727586","30.270865"
"352","3914","Juniper at Olive - SF","Austin Housing Finance Corporation","Austin Housing Finance Corporation","1164 Curve Street","78702","0208061220","1","Single Family","Ownership","Project Completed","1","1","0","0","0","0","0","0","0","0","0","1","0","0","07-01-2015","07-01-2114","99",,,,"OHDA","No","No","Yes","Community Land Trust",,"No",,"$0","$0","$0",,"$0","$0","$0","$0",,"$0","-97.72995","30.270633"
"347","5476","Austin Habitat for Humanity - SF - Section 10B (RMMA MDA)","Catellus Austin LLC","Catellus Austin LLC","2602 Philomena Street","78723","0219161401","9","Single Family","Ownership","Project Completed","1","1","0","0","0","0","0","0","0","0","0","1","0","0","04-16-2021","04-16-2120","99",,,,"OHDA","No","No","Yes","Master Development Agreement",,"No",,,,,,,,,,,,"-97.697882","30.300234"
"347","5477","Austin Habitat for Humanity - SF - Section 10B (RMMA-MDA)","Catellus Austin LLC","Catellus Austin LLC","2600 Philomena Street","78723","0219161401","9","Single Family","Ownership","Project Completed","1","1","0","0","0","0","0","0","0","0","0","1","0","0","04-16-2021","04-16-2120","99",,,,"OHDA","No","No","Yes","Master Development Agreement",,"No",,,,"$555,476",,,,,,,"$555,476","-97.697879","30.300232"
"347","5478","Austin Habitat for Humanity - SF -Section 10B (RMMA-MDA)","Catellus Austin LLC","Catellus Austin LLC","2604 Philomena Street","78723","0219161401","9","Single Family","Ownership","Project Completed","1","1","0","0","0","0","0","0","0","0","0","1","0","0","05-07-2021","05-07-2120","99",,,,"OHDA","No","No","Yes","Master Development Agreement",,"No",,,,,,,,,,,,"-97.697879","30.300232"
"347","5479","Austin Habitat for Humanity - SF - Section 10B (RMMA-MDA)","Catellus Austin LLC","Catellus Austin LLC","2606 Philomena Street","78723","0219161401","9","Single Family","Ownership","Project Completed","1","1","0","0","0","0","0","0","0","0","0","1","0","0","04-15-2021","04-15-2120","99",,,,"OHDA","No","No","Yes","Master Development Agreement",,"No",,,,,,,,,,,,"-97.697879","30.300233"
"347","5480","Austin Habitat for Humanity - SF - Section 10B (RMMA-MDA)","Catellus Austin LLC","Catellus Austin LLC","2608 Philomena Street","78723","0219161401","9","Single Family","Ownership","Project Completed","1","1","0","0","0","0","0","0","0","0","0","1","0","0","05-01-2021","05-01-2120","99",,,,"OHDA","No","No","Yes","Master Development Agreement",,"No",,,,,,,,,,,,"-97.697879","30.300232"
"347","5481","Austin Habitat for Humanity - SF - Section 10B (RMMA-MDA)","Catellus Austin LLC","Catellus Austin LLC","2610 Philomena Street","78723","0219161401","9","Single Family","Ownership","Project Completed","1","1","0","0","0","0","0","0","0","0","0","1","0","0","04-30-2021","04-30-2120","99",,,,"OHDA","No","No","Yes","Master Development Agreement",,"No",,,,,,,,,,,,"-97.69788","30.300233"
"347","5482","Austin Habitat for Humanity - SF - Section 10B (RMMA-MDA)","Catellus Austin LLC","Catellus Austin LLC","2612 Philomena Street","78723","0219161401","9","Single Family","Ownership","Project Completed","1","1","0","0","0","0","0","0","0","0","0","1","0","0","06-07-2021","06-07-2120","99",,,,"OHDA","No","No","Yes","Master Development Agreement",,"No",,,,,,,,,,,,"-97.697878","30.300234"
"347","5483","Austin Habitat for Humanity - SF - Section 10B (RMMA-MDA)","Catellus Austin LLC","Catellus Austin LLC","2614 Philomena Street","78723","0219161401","9","Single Family","Ownership","Project Completed","1","1","0","0","0","0","0","0","0","0","0","1","0","0","06-24-2021","06-24-2120","99",,,,"OHDA","No","No","Yes","Master Development Agreement",,"No",,,,,,,,,,,,"-97.697879","30.300233"
"347","5484","Austin Habitat for Humanity - SF - Section 10B (RMMA-MDA)","Catellus Austin LLC","Catellus Austin LLC","2616 Philomena Street","78723","0219161401","9","Single Family","Ownership","Project Completed","1","1","0","0","0","0","0","0","0","0","0","1","0","0","06-09-2021","06-09-2120","99",,,,"OHDA","No","No","Yes","Master Development Agreement",,"No",,,,,,,,,,,,"-97.697878","30.300233"
"347","5485","Austin Habitat for Humanity - SF - Section 10B (RMMA-MDA)","Catellus Austin LLC","Catellus Austin LLC","2618 Philomena Street","78723","0219161401","9","Single Family","Ownership","Project Completed","1","1","0","0","0","0","0","0","0","0","0","1","0","0","06-18-2021","06-18-2120","99",,,,"OHDA","No","No","Yes","Master Development Agreement",,"No",,,,,,,,,,,,"-97.697878","30.300232"
"347","5486","Austin Habitat for Humanity - SF - Section 10B (RMMA-MDA)","Catellus Austin LLC","Catellus Austin LLC","2620 Philomena Street","78723","0219161401","9","Single Family","Ownership","Project Completed","1","1","0","0","0","0","0","0","0","0","0","1","0","0","06-09-2021","06-09-2120","99",,,,"OHDA","No","No","Yes","Master Development Agreement",,"No",,,,,,,,,,,,"-97.697877","30.300233"
"347","5601","Muskin Company -4  SF - Section 10 (RMMA MDA)","Catellus Austin LLC","Catellus Austin LLC","2511 2513 2515 and 2517 Philomena Street","78723","0219120242","9","Single Family","Ownership","Project Completed","4","0","0","0","0","0","0","0","0","0","0","0","0","0",,"12-30-3799","0",,,,"OHDA","No","No","Yes","Master Development Agreement",,"No",,"$0","$0","$0",,"$0","$0","$0","$0",,"$0","-97.69724774","30.29993586"
"347","5802","Wes Peoples Homes - SF - Section 11","Catellus Austin LLC","Catellus Austin LLC","Multiple addresses","78723",,"9","Single Family","Ownership","Affordability Period Expired","24","4","0","0","0","0","0","0","0","0","0","4","0","0","05-25-2023","05-25-2024","1",,,,"OHDA","No","No","Yes","Master Development Agreement",,"No",,"$0","$0","$0",,"$0","$0","$0","$0",,"$0","-97.692266","30.29222775"
"347","5805","Mueller Tower - Ryan Companies","Catellus Austin LLC","Catellus Austin LLC","3901 BERKMAN DR","78723","0215163104","9","Multifamily","Rental","Project Completed","345","52","0","0","0","0","0","0","52","0","0","0","0","0","02-06-2025","02-06-2030","5",,,,"RHDA","No","No","Yes",,,"No",,"$0","$0","$0",,"$0","$0","$0","$0",,"$0","-97.698349","30.292107"
"810","5864","Juniper Townhomes","Austin Housing Finance Corporation","Texas InTown Homes LLC","1154 Waller Street","78702","0208061746","1","Single Family","Ownership","Project Completed","1","1","0","0","0","0","0","0","0","0","0","1","0","0","07-28-2023","07-28-2122","99",,,,"OHDA","No","No","No","Community Land Trust",,"No",,"$0","$0","$0",,"$0","$0","$0","$0",,"$0","-97.7288779","30.26959279"
"810","5865","Juniper Townhomes","Austin Housing Finance Corporation","Texas InTown Homes LLC","1156 Waller Street","78702","0208061732","1","Single Family","Ownership","Project Completed","1","1","0","0","0","0","0","0","0","0","0","1","0","0","05-31-2023","05-31-2122","99",,,,"OHDA","No","No","No","Community Land Trust",,"No",,"$0","$0","$0",,"$0","$0","$0","$0",,"$0","-97.7288614","30.26965647"
"820","5906","Balcones Terrace","Foundation Communities Inc.","Foundation Communities Inc.","10024 N Capital of Texas Hwy","78759","0252030101","7","Multifamily","Rental","Project Completed","123","123","0","60","0","31","31","61","0","0","0","0","0","0","07-31-2024","07-31-2076","52",,,,"RHDA","No","No","Yes","Ground Lease",,"No",,,,"$10,347,720",,"$9,786,728",,,,,"$10,347,720","-97.73724659","30.39143136"
"130","3851","ThinkEast Apartments","ThinkEast Austin MGT","ThinkEast Austin MGT","1143 Shady Lane","78721","0204190405","3","Multifamily","Rental","Project Completed","182","182","0","0","0","0","0","0","182","0","0","0","0","0","05-01-2020","05-01-2030","10",,,,,"No","No","Yes","PUD Development Agreement",,"No","4% LIHTC",,,,,,,,,,,"-97.690994","30.262904"
"617","5440","Sunday Village (fka Arbors Creekside)","Arbors Housing Partners Ltd.","Unknown","1026 Clayton Lane","78723","0225150335","4","Multifamily","Rental","Affordability Period Expired","176","176","0","0","0","0","0","0","176","0","0","0","0","0","06-01-2001","06-01-2021","20",,,,,"Yes","No","No","Ground Lease;Partnership",,"No","4% LIHTC",,,,,,,,,,,"-97.704317","30.319659"
"618","5441","Timbers Apartments","Timbers Clayton 104 Apartments L.P.","Unknown","1034 Clayton Lane","78723","0225150332","4","Multifamily","Rental","Project Completed","104","104","0","0","0","0","0","0","104","0","0","0","0","0","03-01-2016","03-01-2091","75",,,,,"Yes","No","No","Ground Lease;Partnership",,"No","4% LIHTC",,,,,,,,,,,"-97.703606","30.319351"
"130","3515","ThinkEast PUD","ThinkEast Austin MGT","ThinkEast Austin MGT","Multiple Addresses","78721","0204190405","3","Multifamily","Rental","Under Construction","597","270","0","0","0","0","0","0","269","0","0","1","0","0",,"12-30-3799","0",,,,,"No","No","Yes","PUD Development Agreement",,"No",,,,,,,,,,,,"-97.69109856","30.26269988"
"301","3816","Colony Park (PUD)","Austin Housing Finance Corporation","Austin Housing Finance Corporation","Loyola Ln","78724","0218310513","1","Multifamily","Rental","Certified","2,027","405","0","0","0","0","0","0","405","0","0","0","0","0",,"12-30-1939","40",,,,,"No","No","Yes","PUD Development Agreement",,"No",,,,,,,,,,,,"-97.633418","30.295864"
"307","3822","Easton Park (Pilot Knob PUD)","Carma Easton LLC","Carma Easton LLC","Multiple Addresses","78744","0332100625","2","Multifamily","Rental","Certified","3,000","300","0","0","0","0","0","0","300","0","0","0","0","0",,"12-30-1904","5",,,,,"No","No","No","PUD Development Agreement;Municipal Utility District",,"No",,,,,,,,,,,,"-97.721746","30.163553"
"307","3827","Easton Park (Pilot Knob PUD)","Carma Easton LLC","Carma Easton LLC","Multiple Addresses","78744","0332100625","2","Single Family","Ownership","Certified","5,345","650","0","0","0","0","0","0","0","0","0","650","0","0",,"12-30-1900","1",,,,,"No","No","No","PUD Development Agreement;Municipal Utility District",,"No",,,,,,,,,,,,"-97.721746","30.163553"
"307","3839","Pacesetter Homes - SF - Section 1 (Pilot Knob PUD)","Carma Easton LLC","Carma Easton LLC","Multiple Addresses","78744","0332100625","2","Single Family","Ownership","Project Completed","27","0","0","0","0","0","0","0","0","0","0","0","0","0",,"12-30-3799","0",,,,,"No","No","No","PUD Development Agreement;Municipal Utility District",,"No",,,,,,,,,,,,"-97.721746","30.163553"
"318","3841","Sunfield PUD","0","A&M Option 541 LP","1901 Turnersville Road","78610","0464180116","5","Multifamily","Rental","Certified","1,751","175","0","0","0","0","0","0","175","0","0","0","0","0",,"12-30-1939","40",,,,,"No","No","No","PUD Development Agreement",,"No",,,,,,,,,,,,"-97.791678","30.089704"
"318","3845","Sunfield PUD","0","A&M Option 541 LP","1901 Turnersville Road","78610","0464180116","5","Single Family","Ownership","Certified","1,165","117","0","0","0","0","0","0","0","0","0","117","0","0",,"12-30-1939","40",,,,,"No","No","No","PUD Development Agreement",,"No",,,,,,,,,,,,"-97.791678","30.089704"
"321","3848","Estancia Hill Country PUD","SLF III Onion Creek LP","Estancia Villas LLC","Multiple Addresses","78652",,"5","Multifamily","Rental","Certified","918","91","0","0","0","0","0","0","91","0","0","0","0","0",,"12-30-1939","40",,,,,"No","No","No","PUD Development Agreement",,"No",,,,,,,,,,,,"-97.806039","30.115792"
"321","3849","Estancia Hill Country PUD","SLF III Onion Creek LP","Estancia Villas LLC","Multiple Addresses","78652",,"5","Single Family","Ownership","Certified","210","51","0","0","0","0","0","0","0","0","0","51","0","0",,"12-30-1939","40",,,,,"No","No","No","PUD Development Agreement",,"No",,,,,,,,,,,,"-97.805985","30.115727"
"307","3852","Highland Homes - SF - Section 1 (Pilot Knob PUD)","Carma Easton LLC","Carma Easton LLC","Multiple Addresses","78744",,"2","Single Family","Ownership","Project Completed","56","0","0","0","0","0","0","0","0","0","0","0","0","0",,"12-30-3799","0",,,,,"No","No","No","PUD Development Agreement;Municipal Utility District",,"No",,,,,,,,,,,,"-97.721746","30.163553"
"307","3876","Buffington Homes - SF - Section 1 (Pilot Knob PUD)","Carma Easton LLC","Carma Easton LLC","Multiple Addresses","78744","0332100625","2","Single Family","Ownership","Project Completed","28","0","0","0","0","0","0","0","0","0","0","0","0","0",,"12-30-3799","0",,,,,"No","No","No","PUD Development Agreement;Municipal Utility District",,"No",,,,,,,,,,,,"-97.721746","30.163553"
"347","3893","Mosaic at Mueller","Catellus Austin LLC","Catellus Austin LLC","4600 Mueller Boulevard","78723","0218130118","9","Multifamily","Rental","Project Completed","433","42","0","0","0","0","0","0","42","0","0","0","0","0","11-17-2009","11-17-2059","50",,,,,"No","No","Yes","Master Development Agreement",,"No",,,,,,,,,,,,"-97.707922","30.298876"
"347","3896","Overture Mueller Apartments","Catellus Austin LLC","Catellus Austin LLC","4818 Berkman Drive","78723","0219150501","9","Multifamily","Rental","Project Completed","201","30","0","0","0","0","0","0","30","0","0","0","0","0","03-07-2018","03-07-2068","50",,,,,"No","No","Yes","Master Development Agreement",,"No",,,,,,,,,,,,"-97.700843","30.301824"
"347","3902","AMLI at Mueller","Catellus Austin LLC","Catellus Austin LLC","1900 Simond Avenue","78723","0217131101","9","Multifamily","Rental","Project Completed","279","42","0","0","0","0","0","0","42","0","0","0","0","0","10-01-2015","10-01-2065","50",,,,,"No","No","Yes","Master Development Agreement",,"No",,,,,,,,,,,,"-97.703698","30.29717"
"347","3903","AMLI on Aldrich","Catellus Austin LLC","Catellus Austin LLC","2401 Aldrich Street","78723","0219150401","9","Multifamily","Rental","Project Completed","318","48","0","0","0","0","0","0","48","0","0","0","0","0","04-27-2018","04-27-2068","50",,,,,"No","No","Yes","Master Development Agreement",,"No",,,,,,,,,,,,"-97.702038","30.302392"
"347","3917","SYNC at Mueller","Catellus Austin LLC","Catellus Austin LLC","4646 Mueller Boulevard","78723","0218130501","9","Multifamily","Rental","Project Completed","301","30","0","0","0","0","0","0","30","0","0","0","0","0","04-07-2014","04-07-2064","50",,,,,"No","No","Yes","Master Development Agreement",,"No",,,,,,,,,,,,"-97.70751","30.300114"
"357","3920","The Residences at The Domain","EGP Management L.L.C.","EGP Management L.L.C.","11400 Domain Drive","78758","0256081120","7","Multifamily","Rental","Project Completed","390","39","0","0","0","0","0","0","0","39","0","0","0","0","10-30-2009","10-30-2028","19",,,,,"No","No","Yes","Master Development Agreement",,"No",,,,,,,,,,,,"-97.72493","30.400623"
"357","3921","The Villages at The Domain","EGP Management L.L.C.","EGP Management L.L.C.","11011 Domain Drive","78758","0254060201","7","Multifamily","Rental","Project Completed","436","3","0","0","0","0","0","0","0","3","0","0","0","0","10-30-2010","10-30-2028","18",,,,,"No","No","Yes","Master Development Agreement",,"No",,,,,,,,,,,,"-97.725756","30.396506"
"361","3932","North Shore Apartments (GWTP MDA)","TCC/CVI Development Group","TC Green Water Master Developer LLC","110 San Antonio Street","78701","0105001101","9","Multifamily","Rental","Project Completed","439","50","0","0","0","0","0","0","0","0","0","50","0","0","09-30-2016","09-30-2057","41",,,,,"No","No","No","Master Development Agreement",,"No",,,,,,,,,,,,"-97.749563","30.265385"
"365","3949","Sun Chase PUD","Qualico CR LP","Qualico CR LP","Multiple Addresses","78617","0336520101","2","Multifamily","Rental","Certified","0","0","0","0","0","0","0","0","0","0","0","0","0","0",,"12-30-3799","0",,,,,"No","No","No","PUD Development Agreement",,"No",,,,,,,,,,,,"-97.588367","30.151357"
"366","3953","Watersedge PUD","MAK Marshall Ranch L.P.","MAK Marshall Ranch L.P.","Multiple Addresses","78617","0448180518","5","Multifamily","Rental","Certified","2,000","600","0","0","0","0","0","0","0","0","0","600","0","0",,"12-30-3799","0",,,,,"No","No","Yes","PUD Development Agreement",,"No",,,,,,,,,,,,"-97.788086","30.124882"
"367","3954","Indian Hills PID","Club Deal 116 Indian Hills TX L.P.","Club Deal 116 Indian Hills TX L.P.","N F M RD 973","78724","0210500960","1","Multifamily","Rental","Certified","0","0","0","0","0","0","0","0","0","0","0","0","0","0",,"12-30-3799","0",,,,,"No","No","No","PUD Development Agreement",,"No",,,,,,,,,,,,"-97.590659","30.281646"
"368","3955","Whisper Valley PUD","Club Deal 120 Whisper Valley L.P.","Club Deal 120 Whisper Valley L.P.","Multiple Addresses","78653","0217620201","1","Single Family","Ownership","Certified","6,496","700","0","0","0","0","0","0","0","0","0","700","0","0",,"12-30-3799","0",,,,,"No","No","No","PUD Development Agreement",,"No",,,,,,,,,,,,"-97.556562","30.29413"
"372","3959","AMLI Eastside","Riata Partners LLC","Robertson Hill Land Ltd.","1000 San Marcos Street","78702","0206050515","1","Multifamily","Rental","Affordability Period Expired","290","29","0","0","0","0","0","0","0","0","0","29","0","0","09-23-2016","09-23-2021","5",,,,,"No","No","No","Master Development Agreement",,"No",,,,,,,,,,,,"-97.731273","30.268964"
"347","3977","Standard Pacific - SF - Section 1 (RMMA MDA)","Catellus Austin LLC","Catellus Austin LLC","4723 Ruiz Street","78723","0219160711","9","Single Family","Ownership","Project Completed","34","0","0","0","0","0","0","0","0","0","0","0","0","0",,"12-30-3799","0",,,,,"No","No","Yes","Master Development Agreement",,"No",,,,,,,,,,,,"-97.701906","30.301019"
"347","3978","David Weekley - SF - Section 1 (RMMA MDA)","Catellus Austin LLC","Catellus Austin LLC","4700 Page Street","78723","0219160726","9","Single Family","Ownership","Project Completed","14","0","0","0","0","0","0","0","0","0","0","0","0","0",,"12-30-3799","0",,,,,"No","No","Yes","Master Development Agreement",,"No",,,,,,,,,,,,"-97.701505","30.300121"
"347","3979","Muskin Company - SF - Section 7 (RMMA MDA)","Catellus Austin LLC","Catellus Austin LLC","3800 Tilley Street","78723","0215180301","9","Single Family","Ownership","Project Completed","17","0","0","0","0","0","0","0","0","0","0","0","0","0",,"12-30-3799","0",,,,,"No","No","Yes","Master Development Agreement",,"No",,,,,,,,,,,,"-97.6905017","30.291064"
"347","3980","Standard Pacific - SF - Section 7 (RMMA MDA)","Catellus Austin LLC","Catellus Austin LLC","3120 Tom Miller Street","78723","0215180214","9","Single Family","Ownership","Project Completed","45","0","0","0","0","0","0","0","0","0","0","0","0","0",,"12-30-3799","0",,,,,"No","No","Yes","Master Development Agreement",,"No",,,,,,,,,,,,"-97.695791","30.290911"
"347","3981","Streetman - SF - Section 7 (RMMA MDA)","Catellus Austin LLC","Catellus Austin LLC","3100 Tom Miller Street","78723","0215162916","9","Single Family","Ownership","Project Completed","43","0","0","0","0","0","0","0","0","0","0","0","0","0",,"12-30-3799","0",,,,,"No","No","Yes","Master Development Agreement",,"No",,,,,,,,,,,,"-97.696234","30.290561"
"347","3982","David Weekley - SF - Section 7 (RMMA MDA)","Catellus Austin LLC","Catellus Austin LLC","3901 Vaughan Street","78723","0215162721","9","Single Family","Ownership","Project Completed","82","0","0","0","0","0","0","0","0","0","0","0","0","0",,"12-30-3799","0",,,,,"No","No","Yes","Master Development Agreement",,"No",,,,,,,,,,,,"-97.697486","30.291956"
"347","3983","Wes Peoples - SF - Section 7 (RMMA MDA)","Catellus Austin LLC","Catellus Austin LLC","3008 Tom Miller Street","78723","0215162920","9","Single Family","Ownership","Project Completed","3","0","0","0","0","0","0","0","0","0","0","0","0","0",,"12-30-3799","0",,,,,"No","No","Yes","Master Development Agreement",,"No",,,,,,,,,,,,"-97.696956","30.290451"
"347","3984","Centerra - SF - Section 7 (RMMA MDA)","Catellus Austin LLC","Catellus Austin LLC","2510 Moreno Street","78723","0217162118","9","Single Family","Ownership","Project Completed","6","0","0","0","0","0","0","0","0","0","0","0","0","0",,"12-30-3799","0",,,,,"No","No","Yes","Master Development Agreement",,"No",,,,,,,,,,,,"-97.698425","30.29363"
"347","3985","David Weekley - SF - Section 9 (RMMA MDA)","Catellus Austin LLC","Catellus Austin LLC","Multiple Addresses","78723",,"9","Single Family","Ownership","Project Completed","136","0","0","0","0","0","0","0","0","0","0","0","0","0",,"12-30-3799","0",,,,,"No","No","Yes","Master Development Agreement",,"No",,,,,,,,,,,,"-97.699284","30.295684"
"347","3986","Cool River - SF - Section 4 (RMMA MDA)","Catellus Austin LLC","Catellus Austin LLC","4213 Camacho Street","78723","0217130518","9","Single Family","Ownership","Project Completed","1","0","0","0","0","0","0","0","0","0","0","0","0","0",,"12-30-3799","0",,,,,"No","No","Yes","Master Development Agreement",,"No",,,,,,,,,,,,"-97.70482","30.29491"
"347","3987","Durrett - SF - Section 4 (RMMA MDA)","Catellus Austin LLC","Catellus Austin LLC","4229 Camacho Street","78723","0217130522","9","Single Family","Ownership","Project Completed","3","0","0","0","0","0","0","0","0","0","0","0","0","0",,"12-30-3799","0",,,,,"No","No","Yes","Master Development Agreement",,"No",,,,,,,,,,,,"-97.70436","30.29533"
"347","3988","Freewater - SF - Section 4 (RMMA MDA)","Catellus Austin LLC","Catellus Austin LLC","4221 Camacho Street","78723","0217130520","9","Single Family","Ownership","Project Completed","1","0","0","0","0","0","0","0","0","0","0","0","0","0",,"12-30-3799","0",,,,,"No","No","Yes","Master Development Agreement",,"No",,,,,,,,,,,,"-97.704668","30.295151"
"347","3989","Meritage - SF - Section 4 (RMMA MDA)","Catellus Austin LLC","Catellus Austin LLC","4132 Lawless Street","78723","0217130914","9","Single Family","Ownership","Project Completed","52","0","0","0","0","0","0","0","0","0","0","0","0","0",,"12-30-3799","0",,,,,"No","No","Yes","Master Development Agreement",,"No",,,,,,,,,,,,"-97.70377","30.293778"
"347","3990","Muskin Company - SF - Section 4 (RMMA MDA)","Catellus Austin LLC","Catellus Austin LLC","4205 Camacho Street","78723","0217130516","9","Single Family","Ownership","Project Completed","13","0","0","0","0","0","0","0","0","0","0","0","0","0",,"12-30-3799","0",,,,,"No","No","Yes","Master Development Agreement",,"No",,,,,,,,,,,,"-97.704942","30.294629"
"347","3991","Saldana - SF - Section 4 (RMMA MDA)","Catellus Austin LLC","Catellus Austin LLC","4129 Camacho Street","78723","0217130802","9","Single Family","Ownership","Project Completed","6","0","0","0","0","0","0","0","0","0","0","0","0","0",,"12-30-3799","0",,,,,"No","No","Yes","Master Development Agreement",,"No",,,,,,,,,,,,"-97.704933","30.293633"
"347","3992","Standard Pacific - SF - Section 4 (RMMA MDA)","Catellus Austin LLC","Catellus Austin LLC","2012 Tom Miller Street","78723","0215130101","9","Single Family","Ownership","Project Completed","84","0","0","0","0","0","0","0","0","0","0","0","0","0",,"12-30-3799","0",,,,,"No","No","Yes","Master Development Agreement",,"No",,,,,,,,,,,,"-97.706789","30.292877"
"347","3993","David Weekley - SF - Section 4 (RMMA MDA)","Catellus Austin LLC","Catellus Austin LLC","1917 Zach Scott Street","78723","0217130707","9","Single Family","Ownership","Project Completed","90","0","0","0","0","0","0","0","0","0","0","0","0","0",,"12-30-3799","0",,,,,"No","No","Yes","Master Development Agreement",,"No",,,,,,,,,,,,"-97.706408","30.293921"
"347","3994","Meritage - SF - Section 5 (RMMA MDA)","Catellus Austin LLC","Catellus Austin LLC","4452 Camacho Street","78723","0217160710","9","Single Family","Ownership","Project Completed","64","0","0","0","0","0","0","0","0","0","0","0","0","0",,"12-30-3799","0",,,,,"No","No","Yes","Master Development Agreement",,"No",,,,,,,,,,,,"-97.700905","30.295841"
"347","3995","Muskin Company - SF - Section 5 (RMMA MDA)","Catellus Austin LLC","Catellus Austin LLC","4229 Gochman Street","78723","0217160816","9","Single Family","Ownership","Project Completed","9","0","0","0","0","0","0","0","0","0","0","0","0","0",,"12-30-3799","0",,,,,"No","No","Yes","Master Development Agreement",,"No",,,,,,,,,,,,"-97.701752","30.295098"
"347","3996","Saldana - SF - Section 5 (RMMA MDA)","Catellus Austin LLC","Catellus Austin LLC","4209 Gochman Street","78723","0217160814","9","Single Family","Ownership","Project Completed","6","0","0","0","0","0","0","0","0","0","0","0","0","0",,"12-30-3799","0",,,,,"No","No","Yes","Master Development Agreement",,"No",,,,,,,,,,,,"-97.701711","30.294736"
"347","3998","Streetman - SF - Section 5 (RMMA MDA)","Catellus Austin LLC","Catellus Austin LLC","4021 Mendez Street","78723","0215161001","9","Single Family","Ownership","Project Completed","24","0","0","0","0","0","0","0","0","0","0","0","0","0",,"12-30-3799","0",,,,,"No","No","Yes","Master Development Agreement",,"No",,,,,,,,,,,,"-97.701933","30.292283"
"347","3999","David Weekley - SF - Section 5 (RMMA MDA)","Catellus Austin LLC","Catellus Austin LLC","4123 Gochman Street","78723",,"9","Single Family","Ownership","Project Completed","138","0","0","0","0","0","0","0","0","0","0","0","0","0",,"12-30-3799","0",,,,,"No","No","Yes","Master Development Agreement",,"No",,,,,,,,,,,,"-97.701869","30.292889"
"347","4000","AVI - SF - Section 6 (RMMA MDA)","Catellus Austin LLC","Catellus Austin LLC","4540 Page Street","78723","0217161824","9","Single Family","Ownership","Project Completed","14","0","0","0","0","0","0","0","0","0","0","0","0","0",,"12-30-3799","0",,,,,"No","No","Yes","Master Development Agreement",,"No",,,,,,,,,,,,"-97.701424","30.298203"
"347","4001","Standard Pacific - SF - Section 6 (RMMA MDA)","Catellus Austin LLC","Catellus Austin LLC","4532 Ruiz Street","78723","0217161723","9","Single Family","Ownership","Project Completed","15","0","0","0","0","0","0","0","0","0","0","0","0","0",,"12-30-3799","0",,,,,"No","No","Yes","Master Development Agreement",,"No",,,,,,,,,,,,"-97.702272","30.29827"
"347","4002","Streetman - SF - Section 6 (RMMA MDA)","Catellus Austin LLC","Catellus Austin LLC","4501 Mattie Street","78723","0217161701","9","Single Family","Ownership","Project Completed","58","0","0","0","0","0","0","0","0","0","0","0","0","0",,"12-30-3799","0",,,,,"No","No","Yes","Master Development Agreement",,"No",,,,,,,,,,,,"-97.702734","30.297435"
"347","4003","David Weekley - SF - Section 6 (RMMA MDA)","Catellus Austin LLC","Catellus Austin LLC","4501 Page Street","78723","0217161901","9","Single Family","Ownership","Project Completed","36","0","0","0","0","0","0","0","0","0","0","0","0","0",,"12-30-3799","0",,,,,"No","No","Yes","Master Development Agreement",,"No",,,,,,,,,,,,"-97.700965","30.297452"
"347","4006","CalAtlantic - SF - Section 9 (RMMA MDA)","Catellus Austin LLC","Catellus Austin LLC","4201 Berkman Drive","78723","0217162601","9","Single Family","Ownership","Affordability Period Expired","163","60","0","0","0","0","0","0","0","0","0","60","0","0","09-17-2020","09-17-2021","1",,,,,"No","No","Yes","Master Development Agreement",,"No",,,,,,,,,,,,"-97.700288","30.295662"
"347","4007","Standard Pacific - SF - Section 1 (RMMA MDA)","Catellus Austin LLC","Catellus Austin LLC","4708 Berkman Drive","78723","0219160809","9","Single Family","Ownership","Affordability Period Expired","1","1","0","0","0","0","0","0","0","0","0","1","0","0","12-19-2014","12-19-2015","1",,,,,"No","No","Yes","Master Development Agreement",,"No",,,,,,,,,,,,"-97.70059967","30.30060005"
"347","4008","Standard Pacific - SF - Section 1 (RMMA MDA)","Catellus Austin LLC","Catellus Austin LLC","4710 Berkman Drive","78723","0219160809","9","Single Family","Ownership","Affordability Period Expired","1","1","0","0","0","0","0","0","0","0","0","1","0","0","12-30-2014","12-30-2015","1",,,,,"No","No","Yes","Master Development Agreement",,"No",,,,,,,,,,,,"-97.70059967","30.30060005"
"347","4009","Standard Pacific - SF - Section 1 (RMMA MDA)","Catellus Austin LLC","Catellus Austin LLC","4712 Berkman Drive","78723","0219160811","9","Single Family","Ownership","Affordability Period Expired","1","1","0","0","0","0","0","0","0","0","0","1","0","0","12-19-2014","12-19-2015","1",,,,,"No","No","Yes","Master Development Agreement",,"No",,,,,,,,,,,,"-97.70069885","30.30060005"
"347","4010","Standard Pacific - SF - Section 1 (RMMA MDA)","Catellus Austin LLC","Catellus Austin LLC","4713 Page Street","78723","0219160816","9","Single Family","Ownership","Affordability Period Expired","1","1","0","0","0","0","0","0","0","0","0","1","0","0","12-23-2014","12-23-2015","1",,,,,"No","No","Yes","Master Development Agreement",,"No",,,,,,,,,,,,"-97.70110321","30.30060005"
"347","4011","Standard Pacific - SF - Section 1 (RMMA MDA)","Catellus Austin LLC","Catellus Austin LLC","4711 Page Street","78723","0219160816","9","Single Family","Ownership","Affordability Period Expired","1","1","0","0","0","0","0","0","0","0","0","1","0","0","12-19-2014","12-19-2015","1",,,,,"No","No","Yes","Master Development Agreement",,"No",,,,,,,,,,,,"-97.70110321","30.30060005"
"321","4015","Enclave at Estancia - Phase IV (Lennar Homes)","SLF III Onion Creek LP","Estancia Villas LLC","Multiple Addresses","78652","0449150901","5","Single Family","Ownership","Project Completed","47","0","0","0","0","0","0","0","0","0","0","0","0","0",,"12-30-3799","0",,,,,"No","No","No","PUD Development Agreement",,"No",,,,,,,,,,,,"-97.80865","30.12756"
"347","4017","Standard Pacific - SF - Section 1 (RMMA MDA)","Catellus Austin LLC","Catellus Austin LLC","4709 Page Street","78723","0219160817","9","Single Family","Ownership","Affordability Period Expired","1","1","0","0","0","0","0","0","0","0","0","1","0","0","02-05-2015","02-05-2016","1",,,,,"No","No","Yes","Master Development Agreement",,"No",,,,,,,,,,,,"-97.70120239","30.3006005"
"347","4018","Standard Pacific - SF - Section 1 (RMMA MDA)","Catellus Austin LLC","Catellus Austin LLC","4723 Page Street","78723","0219160818","9","Single Family","Ownership","Affordability Period Expired","1","1","0","0","0","0","0","0","0","0","0","1","0","0","12-05-2014","12-05-2015","1",,,,,"No","No","Yes","Master Development Agreement",,"No",,,,,,,,,,,,"-97.70120239","30.30080032"
"347","4019","Standard Pacific - SF - Section 1 (RMMA MDA)","Catellus Austin LLC","Catellus Austin LLC","4721 Page Street","78723","0219160819","9","Single Family","Ownership","Affordability Period Expired","1","1","0","0","0","0","0","0","0","0","0","1","0","0","12-11-2014","12-11-2015","1",,,,,"No","No","Yes","Master Development Agreement",,"No",,,,,,,,,,,,"-97.70110321","30.30080032"
"347","4020","Standard Pacific - SF - Section 1 (RMMA MDA)","Catellus Austin LLC","Catellus Austin LLC","4719 Page Street","78723","0219160819","9","Single Family","Ownership","Affordability Period Expired","1","1","0","0","0","0","0","0","0","0","0","1","0","0","11-21-2014","11-21-2015","1",,,,,"No","No","Yes","Master Development Agreement",,"No",,,,,,,,,,,,"-97.70110321","30.30080032"
"347","4021","Standard Pacific - SF - Section 1 (RMMA MDA)","Catellus Austin LLC","Catellus Austin LLC","4726 Berkman Drive","78723","0219160824","9","Single Family","Ownership","Affordability Period Expired","1","1","0","0","0","0","0","0","0","0","0","1","0","0","11-21-2014","11-21-2015","1",,,,,"No","No","Yes","Master Development Agreement",,"No",,,,,,,,,,,,"-97.70069885","30.30080032"
"347","4022","Standard Pacific - SF - Section 1 (RMMA MDA)","Catellus Austin LLC","Catellus Austin LLC","4728 Berkman Drive","78723","0219160824","9","Single Family","Ownership","Affordability Period Expired","1","1","0","0","0","0","0","0","0","0","0","1","0","0","12-05-2014","12-05-2015","1",,,,,"No","No","Yes","Master Development Agreement",,"No",,,,,,,,,,,,"-97.70069885","30.30080032"
"347","4023","Standard Pacific - SF - Section 1 (RMMA MDA)","Catellus Austin LLC","Catellus Austin LLC","4730 Berkman Drive","78723","0219160826","9","Single Family","Ownership","Affordability Period Expired","1","1","0","0","0","0","0","0","0","0","0","1","0","0","11-21-2014","11-21-2015","1",,,,,"No","No","Yes","Master Development Agreement",,"No",,,,,,,,,,,,"-97.70059967","30.30080032"
"347","4025","David Weekley - SF - Section 7 (RMMA MDA)","Catellus Austin LLC","Catellus Austin LLC","2705 Sorin Street","78723","0215162803","9","Single Family","Ownership","Affordability Period Expired","1","1","0","0","0","0","0","0","0","0","0","1","0","0","02-26-2015","02-26-2016","1",,,,,"No","No","Yes","Master Development Agreement",,"No",,,,,,,,,,,,"-97.6964035","30.29269981"
"347","4026","David Weekley - SF - Section 7 (RMMA MDA)","Catellus Austin LLC","Catellus Austin LLC","2707 Sorin Street","78723","0215162805","9","Single Family","Ownership","Affordability Period Expired","1","1","0","0","0","0","0","0","0","0","0","1","0","0","03-30-2015","03-30-2016","1",,,,,"No","No","Yes","Master Development Agreement",,"No",,,,,,,,,,,,"-97.69629669","30.29269981"
"347","4027","David Weekley - SF - Section 7 (RMMA MDA)","Catellus Austin LLC","Catellus Austin LLC","2709 Sorin Street","78723","0215162805","9","Single Family","Ownership","Affordability Period Expired","1","1","0","0","0","0","0","0","0","0","0","1","0","0","12-12-2015","12-12-2016","1",,,,,"No","No","Yes","Master Development Agreement",,"No",,,,,,,,,,,,"-97.69629669","30.29269981"
"347","4028","David Weekley - SF - Section 7 (RMMA MDA)","Catellus Austin LLC","Catellus Austin LLC","2711 Sorin Street","78723","0215162806","9","Single Family","Ownership","Affordability Period Expired","1","1","0","0","0","0","0","0","0","0","0","1","0","0","10-14-2015","10-14-2016","1",,,,,"No","No","Yes","Master Development Agreement",,"No",,,,,,,,,,,,"-97.69619751","30.29269981"
"347","4029","David Weekley - SF - Section 7 (RMMA MDA)","Catellus Austin LLC","Catellus Austin LLC","2713 Sorin Street","78723","0215162807","9","Single Family","Ownership","Affordability Period Expired","1","1","0","0","0","0","0","0","0","0","0","1","0","0","10-14-2015","10-14-2016","1",,,,,"No","No","Yes","Master Development Agreement",,"No",,,,,,,,,,,,"-97.69609833","30.29269981"
"347","4030","David Weekley - SF - Section 7 (RMMA MDA)","Catellus Austin LLC","Catellus Austin LLC","2715 Sorin Street","78723","0215162808","9","Single Family","Ownership","Affordability Period Expired","1","1","0","0","0","0","0","0","0","0","0","1","0","0","11-20-2015","11-20-2016","1",,,,,"No","No","Yes","Master Development Agreement",,"No",,,,,,,,,,,,"-97.69599915","30.29269981"
"347","4031","David Weekley - SF - Section 7 (RMMA MDA)","Catellus Austin LLC","Catellus Austin LLC","4004 Tilley Street","78723","0215180116","9","Single Family","Ownership","Affordability Period Expired","1","1","0","0","0","0","0","0","0","0","0","1","0","0","06-30-2015","06-30-2016","1",,,,,"No","No","Yes","Master Development Agreement",,"No",,,,,,,,,,,,"-97.69539642","30.29229927"
"347","4032","David Weekley - SF - Section 7 (RMMA MDA)","Catellus Austin LLC","Catellus Austin LLC","4007 Teaff Street","78723","0215180117","9","Single Family","Ownership","Affordability Period Expired","1","1","0","0","0","0","0","0","0","0","0","1","0","0","05-14-2015","05-14-2016","1",,,,,"No","No","Yes","Master Development Agreement",,"No",,,,,,,,,,,,"-97.69550323","30.29229927"
"347","4033","David Weekley - SF - Section 7 (RMMA MDA)","Catellus Austin LLC","Catellus Austin LLC","4005 Teaff Street","78723","0215180117","9","Single Family","Ownership","Affordability Period Expired","1","1","0","0","0","0","0","0","0","0","0","1","0","0","06-12-2015","06-12-2016","1",,,,,"No","No","Yes","Master Development Agreement",,"No",,,,,,,,,,,,"-97.69550323","30.29229927"
"347","4034","David Weekley - SF - Section 7 (RMMA MDA)","Catellus Austin LLC","Catellus Austin LLC","4003 Teaff Street","78723","0215180118","9","Single Family","Ownership","Affordability Period Expired","1","1","0","0","0","0","0","0","0","0","0","1","0","0","03-31-2015","03-31-2016","1",,,,,"No","No","Yes","Master Development Agreement",,"No",,,,,,,,,,,,"-97.695560242","30.29229927"
"347","4035","David Weekley - SF - Section 7 (RMMA MDA)","Catellus Austin LLC","Catellus Austin LLC","4013 Teaff Street","78723","0215180108","9","Single Family","Ownership","Affordability Period Expired","1","1","0","0","0","0","0","0","0","0","0","1","0","0","02-27-2015","02-27-2016","1",,,,,"No","No","Yes","Master Development Agreement",,"No",,,,,,,,,,,,"-97.69560242","30.29249954"
"347","4036","David Weekley - SF - Section 7 (RMMA MDA)","Catellus Austin LLC","Catellus Austin LLC","4009 Teaff Street","78723","0215180109","9","Single Family","Ownership","Affordability Period Expired","1","1","0","0","0","0","0","0","0","0","0","1","0","0","05-28-2015","05-28-2016","1",,,,,"No","No","Yes","Master Development Agreement",,"No",,,,,,,,,,,,"-97.69550323","30.29249954"
"347","4037","David Weekley - SF - Section 7 (RMMA MDA)","Catellus Austin LLC","Catellus Austin LLC","4008 Tilley Street","78723","0215180111","9","Single Family","Ownership","Affordability Period Expired","1","1","0","0","0","0","0","0","0","0","0","1","0","0","09-11-2015","09-11-2016","1",,,,,"No","No","Yes","Master Development Agreement",,"No",,,,,,,,,,,,"-97.69529724","30.29249954"
"347","4038","David Weekley - SF - Section 7 (RMMA MDA)","Catellus Austin LLC","Catellus Austin LLC","4002 Briones Street","78723","0215162715","9","Single Family","Ownership","Affordability Period Expired","1","1","0","0","0","0","0","0","0","0","0","1","0","0","07-24-2015","07-24-2016","1",,,,,"No","No","Yes","Master Development Agreement",,"No",,,,,,,,,,,,"-97.69668994","30.29220009"
"347","4039","David Weekley - SF - Section 7 (RMMA MDA)","Catellus Austin LLC","Catellus Austin LLC","4004 Briones Street","78723","0215162716","9","Single Family","Ownership","Affordability Period Expired","1","1","0","0","0","0","0","0","0","0","0","1","0","0","05-28-2015","05-28-2016","1",,,,,"No","No","Yes","Master Development Agreement",,"No",,,,,,,,,,,,"-97.6969986","30.29220009"
"347","4040","David Weekley - SF - Section 7 (RMMA MDA)","Catellus Austin LLC","Catellus Austin LLC","4007 Vaughan Street","78723","0215162717","9","Single Family","Ownership","Affordability Period Expired","1","1","0","0","0","0","0","0","0","0","0","1","0","0","05-26-2015","05-26-2016","1",,,,,"No","No","Yes","Master Development Agreement",,"No",,,,,,,,,,,,"-97.69709778","30.29220009"
"347","4041","David Weekley - SF - Section 7 (RMMA MDA)","Catellus Austin LLC","Catellus Austin LLC","4005 Vaughan Street","78723","0215162718","9","Single Family","Ownership","Affordability Period Expired","1","1","0","0","0","0","0","0","0","0","0","1","0","0","04-29-2015","04-29-2016","1",,,,,"No","No","Yes","Master Development Agreement",,"No",,,,,,,,,,,,"-97.69719696","30.29220009"
"347","4042","David Weekley - SF - Section 7 (RMMA MDA)","Catellus Austin LLC","Catellus Austin LLC","4011 Vaughan Street","78723","0215162708","9","Single Family","Ownership","Affordability Period Expired","1","1","0","0","0","0","0","0","0","0","0","1","0","0","05-01-2015","05-01-2016","1",,,,,"No","No","Yes","Master Development Agreement",,"No",,,,,,,,,,,,"-97.69719696","30.29249954"
"347","4043","David Weekley - SF - Section 7 (RMMA MDA)","Catellus Austin LLC","Catellus Austin LLC","4009 Vaughan Street","78723","0215162709","9","Single Family","Ownership","Affordability Period Expired","1","1","0","0","0","0","0","0","0","0","0","1","0","0","04-29-2015","04-29-2016","1",,,,,"No","No","Yes","Master Development Agreement",,"No",,,,,,,,,,,,"-97.69709778","30.29249954"
"347","4044","David Weekley - SF - Section 7 (RMMA MDA)","Catellus Austin LLC","Catellus Austin LLC","4006 Briones Street","78723","0215162710","9","Single Family","Ownership","Affordability Period Expired","1","1","0","0","0","0","0","0","0","0","0","1","0","0","05-15-2015","05-15-2016","1",,,,,"No","No","Yes","Master Development Agreement",,"No",,,,,,,,,,,,"-97.6969986","30.29249954"
"347","4045","David Weekley - SF - Section 7 (RMMA MDA)","Catellus Austin LLC","Catellus Austin LLC","4000 Teaff Street","78723","0215162819","9","Single Family","Ownership","Affordability Period Expired","1","1","0","0","0","0","0","0","0","0","0","1","0","0","11-19-2015","11-19-2016","1",,,,,"No","No","Yes","Master Development Agreement",,"No",,,,,,,,,,,,"-97.69599915","30.29220009"
"347","4050","David Weekley - SF - Section 7 (RMMA MDA)","Catellus Austin LLC","Catellus Austin LLC","4002 Teaff Street","78723","0215162819","9","Single Family","Ownership","Affordability Period Expired","1","1","0","0","0","0","0","0","0","0","0","1","0","0","11-19-2015","11-19-2016","1",,,,,"No","No","Yes","Master Development Agreement",,"No",,,,,,,,,,,,"-97.69599915","30.29220009"
"347","4051","David Weekley - SF - Section 7 (RMMA MDA)","Catellus Austin LLC","Catellus Austin LLC","4004 Teaff Street","78723","0215162821","9","Single Family","Ownership","Affordability Period Expired","1","1","0","0","0","0","0","0","0","0","0","1","0","0","11-24-2015","11-24-2016","1",,,,,"No","No","Yes","Master Development Agreement",,"No",,,,,,,,,,,,"-97.69609833","30.29220009"
"347","4052","David Weekley - SF - Section 7 (RMMA MDA)","Catellus Austin LLC","Catellus Austin LLC","4005 Briones Street","78723","0215162826","9","Single Family","Ownership","Affordability Period Expired","1","1","0","0","0","0","0","0","0","0","0","1","0","0","08-10-2015","08-10-2016","1",,,,,"No","No","Yes","Master Development Agreement",,"No",,,,,,,,,,,,"-97.69650269","30.29220009"
"347","4053","David Weekley - SF - Section 7 (RMMA MDA)","Catellus Austin LLC","Catellus Austin LLC","4003 Briones Street","78723","0215162826","9","Single Family","Ownership","Affordability Period Expired","1","1","0","0","0","0","0","0","0","0","0","1","0","0","08-06-2015","08-06-2016","1",,,,,"No","No","Yes","Master Development Agreement",,"No",,,,,,,,,,,,"-97.69650269","30.29220009"
"347","4054","David Weekley - SF - Section 7 (RMMA MDA)","Catellus Austin LLC","Catellus Austin LLC","4001 Briones Street","78723","0215162827","9","Single Family","Ownership","Affordability Period Expired","1","1","0","0","0","0","0","0","0","0","0","1","0","0","08-10-2015","08-10-2016","1",,,,,"No","No","Yes","Master Development Agreement",,"No",,,,,,,,,,,,"-97.69660187","30.29220009"
"347","4055","David Weekley - SF - Section 7 (RMMA MDA)","Catellus Austin LLC","Catellus Austin LLC","4019 Briones Street","78723","0215162809","9","Single Family","Ownership","Affordability Period Expired","1","1","0","0","0","0","0","0","0","0","0","1","0","0","08-14-2015","08-14-2016","1",,,,,"No","No","Yes","Master Development Agreement",,"No",,,,,,,,,,,,"-97.69660187","30.29249954"
"347","4056","David Weekley - SF - Section 7 (RMMA MDA)","Catellus Austin LLC","Catellus Austin LLC","4017 Briones Street","78723","0215162810","9","Single Family","Ownership","Affordability Period Expired","1","1","0","0","0","0","0","0","0","0","0","1","0","0","08-13-2015","08-13-2016","1",,,,,"No","No","Yes","Master Development Agreement",,"No",,,,,,,,,,,,"-97.69650269","30.29249954"
"347","4057","David Weekley - SF - Section 7 (RMMA MDA)","Catellus Austin LLC","Catellus Austin LLC","4015 Briones Street","78723","0215162810","9","Single Family","Ownership","Affordability Period Expired","1","1","0","0","0","0","0","0","0","0","0","1","0","0","08-14-2015","08-14-2016","1",,,,,"No","No","Yes","Master Development Agreement",,"No",,,,,,,,,,,,"-97.69650269","30.29249954"
"347","4058","David Weekley - SF - Section 7 (RMMA MDA)","Catellus Austin LLC","Catellus Austin LLC","4010 Teaff Street","78723","0215162815","9","Single Family","Ownership","Affordability Period Expired","1","1","0","0","0","0","0","0","0","0","0","1","0","0","03-09-2016","03-09-2017","1",,,,,"No","No","Yes","Master Development Agreement",,"No",,,,,,,,,,,,"-97.69609833","30.29249954"
"347","4059","David Weekley - SF - Section 7 (RMMA MDA)","Catellus Austin LLC","Catellus Austin LLC","4012 Teaff Street","78723","0215162815","9","Single Family","Ownership","Affordability Period Expired","1","1","0","0","0","0","0","0","0","0","0","1","0","0","04-26-2016","04-26-2017","1",,,,,"No","No","Yes","Master Development Agreement",,"No",,,,,,,,,,,,"-97.69609833","30.29249954"
"347","4060","David Weekley - SF - Section 7 (RMMA MDA)","Catellus Austin LLC","Catellus Austin LLC","4014 Teaff Street","78723","0215162817","9","Single Family","Ownership","Affordability Period Expired","1","1","0","0","0","0","0","0","0","0","0","1","0","0","03-22-2016","03-22-2017","1",,,,,"No","No","Yes","Master Development Agreement",,"No",,,,,,,,,,,,"-97.69599915","30.29249954"
"347","4061","David Weekley - SF - Section 7 (RMMA MDA)","Catellus Austin LLC","Catellus Austin LLC","2901 Zach Scott Street","78723","0217162338","9","Single Family","Ownership","Affordability Period Expired","1","1","0","0","0","0","0","0","0","0","0","1","0","0","02-24-2016","02-24-2017","1",,,,,"No","No","Yes","Master Development Agreement",,"No",,,,,,,,,,,,"-97.69619751","30.29430008"
"347","4062","David Weekley - SF - Section 7 (RMMA MDA)","Catellus Austin LLC","Catellus Austin LLC","2800 Moreno Street","78723","0217162330","9","Single Family","Ownership","Affordability Period Expired","1","1","0","0","0","0","0","0","0","0","0","1","0","0","03-23-2016","03-23-2017","1",,,,,"No","No","Yes","Master Development Agreement",,"No",,,,,,,,,,,,"-97.69619751","30.29380035"
"347","4063","David Weekley - SF - Section 7 (RMMA MDA)","Catellus Austin LLC","Catellus Austin LLC","2802 Moreno Street","78723","0217162332","9","Single Family","Ownership","Affordability Period Expired","1","1","0","0","0","0","0","0","0","0","0","1","0","0","03-15-2016","03-15-2017","1",,,,,"No","No","Yes","Master Development Agreement",,"No",,,,,,,,,,,,"-97.69619751","30.29389954"
"347","4064","David Weekley - SF - Section 7 (RMMA MDA)","Catellus Austin LLC","Catellus Austin LLC","2804 Moreno Street","78723","0217162332","9","Single Family","Ownership","Affordability Period Expired","1","1","0","0","0","0","0","0","0","0","0","1","0","0","03-15-2016","03-15-2017","1",,,,,"No","No","Yes","Master Development Agreement",,"No",,,,,,,,,,,,"-97.69619751","30.29389954"
"347","4065","David Weekley - SF - Section 7 (RMMA MDA)","Catellus Austin LLC","Catellus Austin LLC","2905 Zach Scott Street","78723","0217162336","9","Single Family","Ownership","Affordability Period Expired","1","1","0","0","0","0","0","0","0","0","0","1","0","0","02-23-2016","02-23-2017","1",,,,,"No","No","Yes","Master Development Agreement",,"No",,,,,,,,,,,,"-97.69619751","30.29420009"
"347","4066","David Weekley - SF - Section 7 (RMMA MDA)","Catellus Austin LLC","Catellus Austin LLC","2903 Zach Scott Street","78723","0217162338","9","Single Family","Ownership","Affordability Period Expired","1","1","0","0","0","0","0","0","0","0","0","1","0","0","02-24-2016","02-24-2017","1",,,,,"No","No","Yes","Master Development Agreement",,"No",,,,,,,,,,,,"-97.69619751","30.29430008"
"347","4067","David Weekley - SF - Section 7 (RMMA MDA)","Catellus Austin LLC","Catellus Austin LLC","2919 Zach Scott Street","78723","0217162340","9","Single Family","Ownership","Affordability Period Expired","1","1","0","0","0","0","0","0","0","0","0","1","0","0","01-15-2016","01-15-2017","1",,,,,"No","No","Yes","Master Development Agreement",,"No",,,,,,,,,,,,"-97.69589996","30.29430008"
"347","4068","David Weekley - SF - Section 7 (RMMA MDA)","Catellus Austin LLC","Catellus Austin LLC","2917 Zach Scott Street","78723","0217162340","9","Single Family","Ownership","Affordability Period Expired","1","1","0","0","0","0","0","0","0","0","0","1","0","0","01-26-2016","01-26-2017","1",,,,,"No","No","Yes","Master Development Agreement",,"No",,,,,,,,,,,,"-97.69589996","30.29430008"
"347","4069","David Weekley - SF - Section 7 (RMMA MDA)","Catellus Austin LLC","Catellus Austin LLC","2915 Zach Scott Street","78723","0217162342","9","Single Family","Ownership","Affordability Period Expired","1","1","0","0","0","0","0","0","0","0","0","1","0","0","01-13-2016","01-13-2017","1",,,,,"No","No","Yes","Master Development Agreement",,"No",,,,,,,,,,,,"-97.69589996","30.2942009"
"347","4070","David Weekley - SF - Section 7 (RMMA MDA)","Catellus Austin LLC","Catellus Austin LLC","2810 Moreno Street","78723","0217162346","9","Single Family","Ownership","Affordability Period Expired","1","1","0","0","0","0","0","0","0","0","0","1","0","0","04-29-2016","04-29-2017","1",,,,,"No","No","Yes","Master Development Agreement",,"No",,,,,,,,,,,,"-97.69589996","30.29389954"
"347","4071","David Weekley - SF - Section 7 (RMMA MDA)","Catellus Austin LLC","Catellus Austin LLC","2812 Moreno Street","78723","0217162346","9","Single Family","Ownership","Affordability Period Expired","1","1","0","0","0","0","0","0","0","0","0","1","0","0","04-08-2016","04-08-2017","1",,,,,"No","No","Yes","Master Development Agreement",,"No",,,,,,,,,,,,"-97.69589996","30.29389954"
"347","4072","David Weekley - SF - Section 7 (RMMA MDA)","Catellus Austin LLC","Catellus Austin LLC","2814 Moreno Street","78723","0217162348","9","Single Family","Ownership","Affordability Period Expired","1","1","0","0","0","0","0","0","0","0","0","1","0","0","04-22-2016","04-22-2017","1",,,,,"No","No","Yes","Master Development Agreement",,"No",,,,,,,,,,,,"-97.69589996","30.29380035"
"347","4073","Standard Pacific - SF - Section 7 (RMMA MDA)","Catellus Austin LLC","Catellus Austin LLC","2700 Moreno Street","78723","0217162311","9","Single Family","Ownership","Affordability Period Expired","1","1","0","0","0","0","0","0","0","0","0","1","0","0","03-31-2016","03-31-2017","1",,,,,"No","No","Yes","Master Development Agreement",,"No",,,,,,,,,,,,"-97.69680023","30.29380035"
"347","4074","Standard Pacific - SF - Section 7 (RMMA MDA)","Catellus Austin LLC","Catellus Austin LLC","2702 Moreno Street","78723","0217162311","9","Single Family","Ownership","Affordability Period Expired","1","1","0","0","0","0","0","0","0","0","0","1","0","0","03-31-2016","03-31-2017","1",,,,,"No","No","Yes","Master Development Agreement",,"No",,,,,,,,,,,,"-97.69680023","30.29380035"
"347","4075","Standard Pacific - SF - Section 7 (RMMA MDA)","Catellus Austin LLC","Catellus Austin LLC","2704 Moreno Street","78723","0217162320","9","Single Family","Ownership","Affordability Period Expired","1","1","0","0","0","0","0","0","0","0","0","1","0","0","03-28-2016","03-28-2017","1",,,,,"No","No","Yes","Master Development Agreement",,"No",,,,,,,,,,,,"-97.69680023","30.29389954"
"347","4076","Standard Pacific - SF - Section 7 (RMMA MDA)","Catellus Austin LLC","Catellus Austin LLC","2805 Zach Scott Street","78723","0217162318","9","Single Family","Ownership","Affordability Period Expired","1","1","0","0","0","0","0","0","0","0","0","1","0","0","03-29-2016","03-29-2017","1",,,,,"No","No","Yes","Master Development Agreement",,"No",,,,,,,,,,,,"-97.69680023","30.2942009"
"347","4077","Standard Pacific - SF - Section 7 (RMMA MDA)","Catellus Austin LLC","Catellus Austin LLC","2803 Zach Scott Street","78723","0217162318","9","Single Family","Ownership","Affordability Period Expired","1","1","0","0","0","0","0","0","0","0","0","1","0","0","03-29-2016","03-29-2017","1",,,,,"No","No","Yes","Master Development Agreement",,"No",,,,,,,,,,,,"-97.69680023","30.2942009"
"347","4078","Standard Pacific - SF - Section 7 (RMMA MDA)","Catellus Austin LLC","Catellus Austin LLC","2801 Zach Scott Street","78723","0217162319","9","Single Family","Ownership","Affordability Period Expired","1","1","0","0","0","0","0","0","0","0","0","1","0","0","03-30-2016","03-30-2017","1",,,,,"No","No","Yes","Master Development Agreement",,"No",,,,,,,,,,,,"-97.69680023","30.29430008"
"347","4079","Standard Pacific - SF - Section 7 (RMMA MDA)","Catellus Austin LLC","Catellus Austin LLC","2819 Zach Scott Street","78723","0217162321","9","Single Family","Ownership","Affordability Period Expired","1","1","0","0","0","0","0","0","0","0","0","1","0","0","03-30-2016","03-30-2017","1",,,,,"No","No","Yes","Master Development Agreement",,"No",,,,,,,,,,,,"-97.69650269","30.29430008"
"347","4080","Standard Pacific - SF - Section 7 (RMMA MDA)","Catellus Austin LLC","Catellus Austin LLC","2817 Zach Scott Street","78723","0217162323","9","Single Family","Ownership","Affordability Period Expired","1","1","0","0","0","0","0","0","0","0","0","1","0","0","03-30-2016","03-30-2017","1",,,,,"No","No","Yes","Master Development Agreement",,"No",,,,,,,,,,,,"-97.69650269","30.2942009"
"347","4081","Standard Pacific - SF - Section 7 (RMMA MDA)","Catellus Austin LLC","Catellus Austin LLC","2710 Moreno Street","78723","0217181425","9","Single Family","Ownership","Affordability Period Expired","1","1","0","0","0","0","0","0","0","0","0","1","0","0","03-29-2016","03-29-2017","1",,,,,"No","No","Yes","Master Development Agreement",,"No",,,,,,,,,,,,"-97.694035","30.29389954"
"347","4082","Standard Pacific - SF - Section 7 (RMMA MDA)","Catellus Austin LLC","Catellus Austin LLC","2712 Moreno Street","78723","0217162327","9","Single Family","Ownership","Affordability Period Expired","1","1","0","0","0","0","0","0","0","0","0","1","0","0","03-28-2016","03-28-2017","1",,,,,"No","No","Yes","Master Development Agreement",,"No",,,,,,,,,,,,"-97.6964035","30.29389954"
"347","4083","Standard Pacific - SF - Section 7 (RMMA MDA)","Catellus Austin LLC","Catellus Austin LLC","2714 Moreno Street","78723","0217162329","9","Single Family","Ownership","Affordability Period Expired","1","1","0","0","0","0","0","0","0","0","0","1","0","0","03-30-2016","03-30-2017","1",,,,,"No","No","Yes","Master Development Agreement",,"No",,,,,,,,,,,,"-97.6964035","30.29380035"
"347","4084","David Weekley - SF - Section 4 (RMMA MDA)","Catellus Austin LLC","Catellus Austin LLC","1940 Littlefield Street","78723","0217130719","9","Single Family","Ownership","Affordability Period Expired","1","1","0","0","0","0","0","0","0","0","0","1","0","0","07-15-2008","07-15-2009","1",,,,,"No","No","Yes","Master Development Agreement",,"No",,,,,,,,,,,,"-97.70549774","30.29369926"
"347","4085","David Weekley - SF - Section 4 (RMMA MDA)","Catellus Austin LLC","Catellus Austin LLC","1928 Littlefield Street","78723","0217130722","9","Single Family","Ownership","Affordability Period Expired","1","1","0","0","0","0","0","0","0","0","0","1","0","0","07-28-2008","07-28-2009","1",,,,,"No","No","Yes","Master Development Agreement",,"No",,,,,,,,,,,,"-97.7059021","30.29369926"
"347","4086","David Weekley - SF - Section 4 (RMMA MDA)","Catellus Austin LLC","Catellus Austin LLC","1920 Littlefield Street","78723","0217130724","9","Single Family","Ownership","Affordability Period Expired","1","1","0","0","0","0","0","0","0","0","0","1","0","0","07-31-2008","07-31-2009","1",,,,,"No","No","Yes","Master Development Agreement",,"No",,,,,,,,,,,,"-97.70610046","30.29369926"
"347","4087","David Weekley - SF - Section 4 (RMMA MDA)","Catellus Austin LLC","Catellus Austin LLC","1912 Littlefield Street","78723","0217130727","9","Single Family","Ownership","Affordability Period Expired","1","1","0","0","0","0","0","0","0","0","0","1","0","0","08-15-2008","08-15-2009","1",,,,,"No","No","Yes","Master Development Agreement",,"No",,,,,,,,,,,,"-97.70639801","30.29369926"
"347","4088","David Weekley - SF - Section 4 (RMMA MDA)","Catellus Austin LLC","Catellus Austin LLC","2012 McCloskey Street","78723","0215130203","9","Single Family","Ownership","Affordability Period Expired","1","1","0","0","0","0","0","0","0","0","0","1","0","0","04-17-2008","04-17-2009","1",,,,,"No","No","Yes","Master Development Agreement",,"No",,,,,,,,,,,,"-97.70459747","30.29299927"
"347","4089","David Weekley - SF - Section 4 (RMMA MDA)","Catellus Austin LLC","Catellus Austin LLC","2004 McCloskey Street","78723","0215130204","9","Single Family","Ownership","Affordability Period Expired","1","1","0","0","0","0","0","0","0","0","0","1","0","0","04-17-2008","04-17-2009","1",,,,,"No","No","Yes","Master Development Agreement",,"No",,,,,,,,,,,,"-97.70480347","30.29299927"
"347","4090","David Weekley - SF - Section 4 (RMMA MDA)","Catellus Austin LLC","Catellus Austin LLC","4109 Scales Street","78723","0215130307","9","Single Family","Ownership","Affordability Period Expired","1","1","0","0","0","0","0","0","0","0","0","1","0","0","08-14-2008","08-14-2009","1",,,,,"No","No","Yes","Master Development Agreement",,"No",,,,,,,,,,,,"-97.70410156","30.29319954"
"347","4091","David Weekley - SF - Section 4 (RMMA MDA)","Catellus Austin LLC","Catellus Austin LLC","4117 Scales Steet","78723","0217130901","9","Single Family","Ownership","Affordability Period Expired","1","1","0","0","0","0","0","0","0","0","0","1","0","0","08-28-2008","08-28-2009","1",,,,,"No","No","Yes","Master Development Agreement",,"No",,,,,,,,,,,,"-97.70410156","30.29339981"
"347","4092","David Weekley - SF - Section 4 (RMMA MDA)","Catellus Austin LLC","Catellus Austin LLC","4125 Scales Street","78723","0217130903","9","Single Family","Ownership","Affordability Period Expired","1","1","0","0","0","0","0","0","0","0","0","1","0","0","09-19-2008","09-19-2009","1",,,,,"No","No","Yes","Master Development Agreement",,"No",,,,,,,,,,,,"-97.70410156","30.29360008"
"347","4093","David Weekley - SF - Section 4 (RMMA MDA)","Catellus Austin LLC","Catellus Austin LLC","4133 Scales Street","78723","0217130905","9","Single Family","Ownership","Affordability Period Expired","1","1","0","0","0","0","0","0","0","0","0","1","0","0","12-02-2008","12-02-2009","1",,,,,"No","No","Yes","Master Development Agreement",,"No",,,,,,,,,,,,"-97.70410156","30.29380035"
"347","4094","David Weekley - SF - Section 4 (RMMA MDA)","Catellus Austin LLC","Catellus Austin LLC","1909 Littlefield Street","78723","0215130105","9","Single Family","Ownership","Affordability Period Expired","1","1","0","0","0","0","0","0","0","0","0","1","0","0","02-15-2008","02-15-2009","1",,,,,"No","No","Yes","Master Development Agreement",,"No",,,,,,,,,,,,"-97.70649719","30.29330063"
"347","4095","David Weekley - SF - Section 4 (RMMA MDA)","Catellus Austin LLC","Catellus Austin LLC","1921 Littlefield Street","78723","0215130109","9","Single Family","Ownership","Affordability Period Expired","1","1","0","0","0","0","0","0","0","0","0","1","0","0","03-31-2008","03-31-2009","1",,,,,"No","No","Yes","Master Development Agreement",,"No",,,,,,,,,,,,"-97.70610046","30.29330063"
"347","4096","David Weekley - SF - Section 4 (RMMA MDA)","Catellus Austin LLC","Catellus Austin LLC","1933 Littlefield Street","78723","0215130112","9","Single Family","Ownership","Affordability Period Expired","1","1","0","0","0","0","0","0","0","0","0","1","0","0","02-27-2008","02-27-2009","1",,,,,"No","No","Yes","Master Development Agreement",,"No",,,,,,,,,,,,"-97.70570374","30.29330063"
"347","4097","David Weekley - SF - Section 4 (RMMA MDA)","Catellus Austin LLC","Catellus Austin LLC","4112 Camacho Street","78723","0215130114","9","Single Family","Ownership","Affordability Period Expired","1","1","0","0","0","0","0","0","0","0","0","1","0","0","02-19-2008","02-19-2009","1",,,,,"No","No","Yes","Master Development Agreement",,"No",,,,,,,,,,,,"-97.70529938","30.29330063"
"347","4098","David Weekley - SF - Section 4 (RMMA MDA)","Catellus Austin LLC","Catellus Austin LLC","4104 Camacho Street","78723","0215130117","9","Single Family","Ownership","Affordability Period Expired","1","1","0","0","0","0","0","0","0","0","0","1","0","0","02-27-2008","02-27-2009","1",,,,,"No","No","Yes","Master Development Agreement",,"No",,,,,,,,,,,,"-97.70529938","30.29299927"
"347","4100","David Weekley - SF - Section 4 (RMMA MDA)","Catellus Austin LLC","Catellus Austin LLC","1936 McClosky Street","78723","0215130119","9","Single Family","Ownership","Affordability Period Expired","1","1","0","0","0","0","0","0","0","0","0","1","0","0","02-25-2008","02-25-2009","1",,,,,"No","No","Yes","Master Development Agreement",,"No",,,,,,,,,,,,"-97.70559692","30.29290009"
"347","4101","David Weekley - SF - Section 4 (RMMA MDA)","Catellus Austin LLC","Catellus Austin LLC","1920 McClosky Street","78723","0215130124","9","Single Family","Ownership","Affordability Period Expired","1","1","0","0","0","0","0","0","0","0","0","1","0","0","02-26-2008","02-26-2009","1",,,,,"No","No","Yes","Master Development Agreement",,"No",,,,,,,,,,,,"-97.70610046","30.29290009"
"347","4102","David Weekley - SF - Section 4 (RMMA MDA)","Catellus Austin LLC","Catellus Austin LLC","1908 McClosky Street","78723","0215130126","9","Single Family","Ownership","Affordability Period Expired","1","1","0","0","0","0","0","0","0","0","0","1","0","0","02-29-2008","03-01-2009","1",,,,,"No","No","Yes","Master Development Agreement",,"No",,,,,,,,,,,,"-97.70639801","30.29290009"
"347","4103","David Weekley - SF - Section 4 (RMMA MDA)","Catellus Austin LLC","Catellus Austin LLC","1909 McClosky Street","78723","0215130506","9","Single Family","Ownership","Affordability Period Expired","1","1","0","0","0","0","0","0","0","0","0","1","0","0","03-10-2008","03-10-2009","1",,,,,"No","No","Yes","Master Development Agreement",,"No",,,,,,,,,,,,"-97.70639801","30.29260063"
"347","4104","David Weekley - SF - Section 4 (RMMA MDA)","Catellus Austin LLC","Catellus Austin LLC","1921 McCloskey Street","78723","0215130509","9","Single Family","Ownership","Affordability Period Expired","1","1","0","0","0","0","0","0","0","0","0","1","0","0","04-10-2008","04-10-2009","1",,,,,"No","No","Yes","Master Development Agreement",,"No",,,,,,,,,,,,"-97.70660013","30.29260063"
"347","4105","David Weekley - SF - Section 4 (RMMA MDA)","Catellus Austin LLC","Catellus Austin LLC","1929 McCloskey Street","78723","0215130511","9","Single Family","Ownership","Affordability Period Expired","1","1","0","0","0","0","0","0","0","0","0","1","0","0","03-13-2008","03-13-2009","1",,,,,"No","No","Yes","Master Development Agreement",,"No",,,,,,,,,,,,"-97.70580292","30.29260063"
"347","4106","David Weekley - SF - Section 4 (RMMA MDA)","Catellus Austin LLC","Catellus Austin LLC","1937 McCloskey Street","78723","0215130513","9","Single Family","Ownership","Affordability Period Expired","1","1","0","0","0","0","0","0","0","0","0","1","0","0","03-14-2008","03-14-2009","1",,,,,"No","No","Yes","Master Development Agreement",,"No",,,,,,,,,,,,"-97.70559692","30.29260063"
"347","4107","David Weekley - SF - Section 4 (RMMA MDA)","Catellus Austin LLC","Catellus Austin LLC","3921 Sahm Street","78723","0215130513","9","Single Family","Ownership","Affordability Period Expired","1","1","0","0","0","0","0","0","0","0","0","1","0","0","03-20-2008","03-20-2009","1",,,,,"No","No","Yes","Master Development Agreement",,"No",,,,,,,,,,,,"-97.70559692","30.29260063"
"347","4108","David Weekley - SF - Section 4 (RMMA MDA)","Catellus Austin LLC","Catellus Austin LLC","3933 Sahm Street","78723","0215131013","9","Single Family","Ownership","Affordability Period Expired","1","1","0","0","0","0","0","0","0","0","0","1","0","0","04-14-2008","04-14-2009","1",,,,,"No","No","Yes","Master Development Agreement",,"No",,,,,,,,,,,,"-97.70400238","30.29120064"
"347","4109","David Weekley - SF - Section 4 (RMMA MDA)","Catellus Austin LLC","Catellus Austin LLC","3932 Cal Rodgers Street","78723","0215131016","9","Single Family","Ownership","Affordability Period Expired","1","1","0","0","0","0","0","0","0","0","0","1","0","0","05-02-2008","05-02-2009","1",,,,,"No","No","Yes","Master Development Agreement",,"No",,,,,,,,,,,,"-97.70359802","30.29120064"
"347","4110","David Weekley - SF - Section 4 (RMMA MDA)","Catellus Austin LLC","Catellus Austin LLC","3920 Cal Rodgers Street","78723","0215131019","9","Single Family","Ownership","Affordability Period Expired","1","1","0","0","0","0","0","0","0","0","0","1","0","0","04-29-2008","04-29-2009","1",,,,,"No","No","Yes","Master Development Agreement",,"No",,,,,,,,,,,,"-97.70359802","30.29089928"
"347","4111","David Weekley - SF - Section 4 (RMMA MDA)","Catellus Austin LLC","Catellus Austin LLC","3912 Cal Rodgers Street","78723","0215131021","9","Single Family","Ownership","Affordability Period Expired","1","1","0","0","0","0","0","0","0","0","0","1","0","0","09-30-2008","09-30-2009","1",,,,,"No","No","Yes","Master Development Agreement",,"No",,,,,,,,,,,,"-97.70359802","30.29070091"
"347","4112","David Weekley - SF - Section 4 (RMMA MDA)","Catellus Austin LLC","Catellus Austin LLC","3908 Cal Rodgers Street","78723","0215131022","9","Single Family","Ownership","Affordability Period Expired","1","1","0","0","0","0","0","0","0","0","0","1","0","0","10-21-2008","10-21-2009","1",,,,,"No","No","Yes","Master Development Agreement",,"No",,,,,,,,,,,,"-97.70359802","30.29059982"
"347","4113","David Weekley - SF - Section 4 (RMMA MDA)","Catellus Austin LLC","Catellus Austin LLC","3813 Cal Rodgers Street","78723","0215160504","9","Single Family","Ownership","Affordability Period Expired","1","1","0","0","0","0","0","0","0","0","0","1","0","0","06-16-2008","06-16-2009","1",,,,,"No","No","Yes","Master Development Agreement",,"No",,,,,,,,,,,,"-97.70320129","30.29030037"
"347","4114","David Weekley - SF - Section 4 (RMMA MDA)","Catellus Austin LLC","Catellus Austin LLC","3909 Cal Rodgers Street","78723","0215160507","9","Single Family","Ownership","Affordability Period Expired","1","1","0","0","0","0","0","0","0","0","0","1","0","0","06-16-2008","06-16-2009","1",,,,,"No","No","Yes","Master Development Agreement",,"No",,,,,,,,,,,,"-97.70320129","30.29059982"
"347","4115","David Weekley - SF - Section 4 (RMMA MDA)","Catellus Austin LLC","Catellus Austin LLC","3921 Cal Rodgers Street","78723","0215160510","9","Single Family","Ownership","Affordability Period Expired","1","1","0","0","0","0","0","0","0","0","0","1","0","0","06-05-2008","06-05-2009","1",,,,,"No","No","Yes","Master Development Agreement",,"No",,,,,,,,,,,,"-97.70320129","30.29089928"
"347","4116","David Weekley - SF - Section 4 (RMMA MDA)","Catellus Austin LLC","Catellus Austin LLC","2028 Zach Scott Street","78723","0217130509","9","Single Family","Ownership","Affordability Period Expired","1","1","0","0","0","0","0","0","0","0","0","1","0","0","06-27-2008","06-27-2009","1",,,,,"No","No","Yes","Master Development Agreement",,"No",,,,,,,,,,,,"-97.70449829","30.29439926"
"347","4117","David Weekley - SF - Section 4 (RMMA MDA)","Catellus Austin LLC","Catellus Austin LLC","2024 Zach Scott Street","78723","0217130509","9","Single Family","Ownership","Affordability Period Expired","1","1","0","0","0","0","0","0","0","0","0","1","0","0","09-15-2008","09-15-2009","1",,,,,"No","No","Yes","Master Development Agreement",,"No",,,,,,,,,,,,"-97.70449829","30.29439926"
"347","4118","David Weekley - SF - Section 4 (RMMA MDA)","Catellus Austin LLC","Catellus Austin LLC","2020 Zach Scott Street","78723","0217130510","9","Single Family","Ownership","Affordability Period Expired","1","1","0","0","0","0","0","0","0","0","0","1","0","0","06-30-2008","06-30-2009","1",,,,,"No","No","Yes","Master Development Agreement",,"No",,,,,,,,,,,,"-97.70459747","30.29439926"
"347","4119","David Weekley - SF - Section 4 (RMMA MDA)","Catellus Austin LLC","Catellus Austin LLC","2016 Zach Scott Street","78723","0217130511","9","Single Family","Ownership","Affordability Period Expired","1","1","0","0","0","0","0","0","0","0","0","1","0","0","06-27-2008","06-27-2009","1",,,,,"No","No","Yes","Master Development Agreement",,"No",,,,,,,,,,,,"-97.70469666","30.29439926"
"347","4120","David Weekley - SF - Section 4 (RMMA MDA)","Catellus Austin LLC","Catellus Austin LLC","2012 Zach Scott Street","78723","0217130513","9","Single Family","Ownership","Affordability Period Expired","1","1","0","0","0","0","0","0","0","0","0","1","0","0","06-25-2008","06-25-2009","1",,,,,"No","No","Yes","Master Development Agreement",,"No",,,,,,,,,,,,"-97.70480347","30.29439926"
"347","4121","David Weekley - SF - Section 4 (RMMA MDA)","Catellus Austin LLC","Catellus Austin LLC","2008 Zach Scott Street","78723","0217130513","9","Single Family","Ownership","Affordability Period Expired","1","1","0","0","0","0","0","0","0","0","0","1","0","0","06-23-2008","06-23-2009","1",,,,,"No","No","Yes","Master Development Agreement",,"No",,,,,,,,,,,,"-97.70480347","30.29439926"
"347","4122","David Weekley - SF - Section 4 (RMMA MDA)","Catellus Austin LLC","Catellus Austin LLC","2004 Zach Scott Street","78723","0217130514","9","Single Family","Ownership","Affordability Period Expired","1","1","0","0","0","0","0","0","0","0","0","1","0","0","06-23-2008","06-23-2009","1",,,,,"No","No","Yes","Master Development Agreement",,"No",,,,,,,,,,,,"-97.70490265","30.29439926"
"347","4123","David Weekley - SF - Section 4 (RMMA MDA)","Catellus Austin LLC","Catellus Austin LLC","2000 Zach Scott Street","78723","0217130515","9","Single Family","Ownership","Affordability Period Expired","1","1","0","0","0","0","0","0","0","0","0","1","0","0","10-15-2009","10-15-2010","1",,,,,"No","No","Yes","Master Development Agreement",,"No",,,,,,,,,,,,"-97.70500183","30.29439926"
"347","4124","David Weekley - SF - Section 4 (RMMA MDA)","Catellus Austin LLC","Catellus Austin LLC","2132 Zach Scott Street","78723","0217160306","9","Single Family","Ownership","Affordability Period Expired","1","1","0","0","0","0","0","0","0","0","0","1","0","0","09-19-2008","09-19-2009","1",,,,,"No","No","Yes","Master Development Agreement",,"No",,,,,,,,,,,,"-97.70290375","30.29439926"
"347","4125","David Weekley - SF - Section 4 (RMMA MDA)","Catellus Austin LLC","Catellus Austin LLC","2128 Zach Scott Street","78723","0217160306","9","Single Family","Ownership","Affordability Period Expired","1","1","0","0","0","0","0","0","0","0","0","1","0","0","09-25-2008","09-25-2009","1",,,,,"No","No","Yes","Master Development Agreement",,"No",,,,,,,,,,,,"-97.70290375","30.29439926"
"347","4126","David Weekley - SF - Section 4 (RMMA MDA)","Catellus Austin LLC","Catellus Austin LLC","2124 Zach Scott Street","78723","0217160307","9","Single Family","Ownership","Affordability Period Expired","1","1","0","0","0","0","0","0","0","0","0","1","0","0","09-12-2008","09-12-2009","1",,,,,"No","No","Yes","Master Development Agreement",,"No",,,,,,,,,,,,"-97.70300293","30.29439926"
"347","4127","David Weekley - SF - Section 4 (RMMA MDA)","Catellus Austin LLC","Catellus Austin LLC","2120 Zach Scott Street","78723","0217160308","9","Single Family","Ownership","Affordability Period Expired","1","1","0","0","0","0","0","0","0","0","0","1","0","0","09-15-2008","09-15-2009","1",,,,,"No","No","Yes","Master Development Agreement",,"No",,,,,,,,,,,,"-97.70310211","30.29439926"
"347","4128","David Weekley - SF - Section 4 (RMMA MDA)","Catellus Austin LLC","Catellus Austin LLC","2116 Zach Scott Street","78723","0217160309","9","Single Family","Ownership","Affordability Period Expired","1","1","0","0","0","0","0","0","0","0","0","1","0","0","09-22-2008","09-22-2009","1",,,,,"No","No","Yes","Master Development Agreement",,"No",,,,,,,,,,,,"-97.70320129","30.29439926"
"347","4129","David Weekley - SF - Section 4 (RMMA MDA)","Catellus Austin LLC","Catellus Austin LLC","2112 Zach Scott Street","78723","0217160311","9","Single Family","Ownership","Affordability Period Expired","1","1","0","0","0","0","0","0","0","0","0","1","0","0","12-08-2008","12-08-2009","1",,,,,"No","No","Yes","Master Development Agreement",,"No",,,,,,,,,,,,"-97.70330048","30.29439926"
"347","4130","David Weekley - SF - Section 4 (RMMA MDA)","Catellus Austin LLC","Catellus Austin LLC","2108 Zach Scott Street","78723","0217160311","9","Single Family","Ownership","Affordability Period Expired","1","1","0","0","0","0","0","0","0","0","0","1","0","0","04-23-2009","04-23-2010","1",,,,,"No","No","Yes","Master Development Agreement",,"No",,,,,,,,,,,,"-97.70330048","30.29439926"
"347","4131","David Weekley - SF - Section 4 (RMMA MDA)","Catellus Austin LLC","Catellus Austin LLC","2104 Zach Scott Street","78723","0217160312","9","Single Family","Ownership","Affordability Period Expired","1","1","0","0","0","0","0","0","0","0","0","1","0","0","09-18-2008","09-18-2009","1",,,,,"No","No","Yes","Master Development Agreement",,"No",,,,,,,,,,,,"-97.70339966","30.29439926"
"347","4132","David Weekley - SF - Section 4 (RMMA MDA)","Catellus Austin LLC","Catellus Austin LLC","2100 Zach Scott Street","78723","0217130601","9","Single Family","Ownership","Affordability Period Expired","1","1","0","0","0","0","0","0","0","0","0","1","0","0","09-04-2008","09-04-2009","1",,,,,"No","No","Yes","Master Development Agreement",,"No",,,,,,,,,,,,"-97.70349884","30.29439926"
"347","4133","David Weekley - SF - Section 4 (RMMA MDA)","Catellus Austin LLC","Catellus Austin LLC","2064 Zach Scott Street","78723","0217130603","9","Single Family","Ownership","Affordability Period Expired","1","1","0","0","0","0","0","0","0","0","0","1","0","0","09-02-2008","09-02-2009","1",,,,,"No","No","Yes","Master Development Agreement",,"No",,,,,,,,,,,,"-97.70359802","30.29439926"
"347","4134","David Weekley - SF - Section 4 (RMMA MDA)","Catellus Austin LLC","Catellus Austin LLC","2060 Zach Scott Street","78723","0217130604","9","Single Family","Ownership","Affordability Period Expired","1","1","0","0","0","0","0","0","0","0","0","1","0","0","08-26-2008","08-26-2009","1",,,,,"No","No","Yes","Master Development Agreement",,"No",,,,,,,,,,,,"-97.7036972","30.29439926"
"347","4135","David Weekley - SF - Section 4 (RMMA MDA)","Catellus Austin LLC","Catellus Austin LLC","2056 Zach Scott Street","78723","0217130604","9","Single Family","Ownership","Affordability Period Expired","1","1","0","0","0","0","0","0","0","0","0","1","0","0","09-12-2008","09-12-2009","1",,,,,"No","No","Yes","Master Development Agreement",,"No",,,,,,,,,,,,"-97.7036972","30.29439926"
"347","4136","David Weekley - SF - Section 4 (RMMA MDA)","Catellus Austin LLC","Catellus Austin LLC","2052 Zach Scott Street","78723","0217130605","9","Single Family","Ownership","Affordability Period Expired","1","1","0","0","0","0","0","0","0","0","0","1","0","0","08-29-2008","08-29-2009","1",,,,,"No","No","Yes","Master Development Agreement",,"No",,,,,,,,,,,,"-97.70379639","30.29439926"
"347","4137","David Weekley - SF - Section 4 (RMMA MDA)","Catellus Austin LLC","Catellus Austin LLC","2048 Zach Scott Street","78723","0217130607","9","Single Family","Ownership","Affordability Period Expired","1","1","0","0","0","0","0","0","0","0","0","1","0","0","03-05-2009","03-05-2010","1",,,,,"No","No","Yes","Master Development Agreement",,"No",,,,,,,,,,,,"-97.7039032","30.29439926"
"347","4138","David Weekley - SF - Section 4 (RMMA MDA)","Catellus Austin LLC","Catellus Austin LLC","2044 Zach Scott Street","78723","0217130608","9","Single Family","Ownership","Affordability Period Expired","1","1","0","0","0","0","0","0","0","0","0","1","0","0","10-30-2008","10-30-2009","1",,,,,"No","No","Yes","Master Development Agreement",,"No",,,,,,,,,,,,"-97.70400238","30.29439926"
"347","4139","David Weekley - SF - Section 4 (RMMA MDA)","Catellus Austin LLC","Catellus Austin LLC","2040 Zach Scott Street","78723","0348110211","9","Single Family","Ownership","Affordability Period Expired","1","1","0","0","0","0","0","0","0","0","0","1","0","0","07-29-2008","07-29-2009","1",,,,,"No","No","Yes","Master Development Agreement",,"No",,,,,,,,,,,,"-97.70400238","30.124882"
"347","4140","David Weekley - SF - Section 4 (RMMA MDA)","Catellus Austin LLC","Catellus Austin LLC","2036 Zach Scott Street","78723","0217130609","9","Single Family","Ownership","Affordability Period Expired","1","1","0","0","0","0","0","0","0","0","0","1","0","0","09-30-2008","09-30-2009","1",,,,,"No","No","Yes","Master Development Agreement",,"No",,,,,,,,,,,,"-97.70410156","30.29439926"
"347","4141","David Weekley - SF - Section 4 (RMMA MDA)","Catellus Austin LLC","Catellus Austin LLC","2032 Zach Scott Street","78723","0217130610","9","Single Family","Ownership","Affordability Period Expired","1","1","0","0","0","0","0","0","0","0","0","1","0","0","07-30-2008","07-30-2009","1",,,,,"No","No","Yes","Master Development Agreement",,"No",,,,,,,,,,,,"-97.70420074","30.29439926"
"347","4142","David Weekley - SF - Section 4 (RMMA MDA)","Catellus Austin LLC","Catellus Austin LLC","4152 Mattie Street","78723","0217160413","9","Single Family","Ownership","Affordability Period Expired","1","1","0","0","0","0","0","0","0","0","0","1","0","0","04-15-2009","04-15-2010","1",,,,,"No","No","Yes","Master Development Agreement",,"No",,,,,,,,,,,,"-97.70290375","30.293800035"
"347","4143","David Weekley - SF - Section 4 (RMMA MDA)","Catellus Austin LLC","Catellus Austin LLC","4148 Mattie Street","78723","0217160413","9","Single Family","Ownership","Affordability Period Expired","1","1","0","0","0","0","0","0","0","0","0","1","0","0","11-19-2008","11-19-2009","1",,,,,"No","No","Yes","Master Development Agreement",,"No",,,,,,,,,,,,"-97.70290375","30.29380035"
"347","4144","David Weekley - SF - Section 4 (RMMA MDA)","Catellus Austin LLC","Catellus Austin LLC","4144 Mattie Street","78723","0217160415","9","Single Family","Ownership","Affordability Period Expired","1","1","0","0","0","0","0","0","0","0","0","1","0","0","10-20-2008","10-20-2009","1",,,,,"No","No","Yes","Master Development Agreement",,"No",,,,,,,,,,,,"-97.70290375","30.29369926"
"347","4145","David Weekley - SF - Section 4 (RMMA MDA)","Catellus Austin LLC","Catellus Austin LLC","4140 Mattie Street","78723","0217160416","9","Single Family","Ownership","Affordability Period Expired","1","1","0","0","0","0","0","0","0","0","0","1","0","0","10-30-2008","10-30-2009","1",,,,,"No","No","Yes","Master Development Agreement",,"No",,,,,,,,,,,,"-97.70290375","30.29360008"
"347","4146","David Weekley - SF - Section 4 (RMMA MDA)","Catellus Austin LLC","Catellus Austin LLC","4136 Mattie Street","78723","0217160416","9","Single Family","Ownership","Affordability Period Expired","1","1","0","0","0","0","0","0","0","0","0","1","0","0","10-15-2008","10-15-2009","1",,,,,"No","No","Yes","Master Development Agreement",,"No",,,,,,,,,,,,"-97.70290375","30.29360008"
"347","4147","David Weekley - SF - Section 4 (RMMA MDA)","Catellus Austin LLC","Catellus Austin LLC","4132 Mattie Street","78723","0217160418","9","Single Family","Ownership","Affordability Period Expired","1","1","0","0","0","0","0","0","0","0","0","1","0","0","10-29-2008","10-29-2009","1",,,,,"No","No","Yes","Master Development Agreement",,"No",,,,,,,,,,,,"-97.70290375","30.2935009"
"347","4148","David Weekley - SF - Section 4 (RMMA MDA)","Catellus Austin LLC","Catellus Austin LLC","4128 Mattie Street","78723","0217160419","9","Single Family","Ownership","Affordability Period Expired","1","1","0","0","0","0","0","0","0","0","0","1","0","0","10-29-2008","10-29-2009","1",,,,,"No","No","Yes","Master Development Agreement",,"No",,,,,,,,,,,,"-97.70290375","30.29339981"
"347","4149","David Weekley - SF - Section 4 (RMMA MDA)","Catellus Austin LLC","Catellus Austin LLC","4124 Mattie Street","78723","0217160419","9","Single Family","Ownership","Affordability Period Expired","1","1","0","0","0","0","0","0","0","0","0","1","0","0","11-14-2008","11-14-2009","1",,,,,"No","No","Yes","Master Development Agreement",,"No",,,,,,,,,,,,"-97.70290375","30.29339981"
"347","4150","David Weekley - SF - Section 4 (RMMA MDA)","Catellus Austin LLC","Catellus Austin LLC","4120 Mattie Street","78723","0215160101","9","Single Family","Ownership","Affordability Period Expired","1","1","0","0","0","0","0","0","0","0","0","1","0","0","11-10-2008","11-10-2009","1",,,,,"No","No","Yes","Master Development Agreement",,"No",,,,,,,,,,,,"-97.70290375","30.29330063"
"347","4151","David Weekley - SF - Section 4 (RMMA MDA)","Catellus Austin LLC","Catellus Austin LLC","4116 Mattie Street","78723","0215160102","9","Single Family","Ownership","Affordability Period Expired","1","1","0","0","0","0","0","0","0","0","0","1","0","0","11-04-2008","11-04-2009","1",,,,,"No","No","Yes","Master Development Agreement",,"No",,,,,,,,,,,,"-97.70290375","30.29319954"
"347","4152","David Weekley - SF - Section 4 (RMMA MDA)","Catellus Austin LLC","Catellus Austin LLC","4112 Mattie Street","78723","0215160102","9","Single Family","Ownership","Affordability Period Expired","1","1","0","0","0","0","0","0","0","0","0","1","0","0","11-12-2008","11-12-2009","1",,,,,"No","No","Yes","Master Development Agreement",,"No",,,,,,,,,,,,"-97.70290375","30.29319954"
"347","4153","David Weekley - SF - Section 4 (RMMA MDA)","Catellus Austin LLC","Catellus Austin LLC","4108 Mattie Street","78723","0215160104","9","Single Family","Ownership","Affordability Period Expired","1","1","0","0","0","0","0","0","0","0","0","1","0","0","11-17-2008","11-17-2009","1",,,,,"No","No","Yes","Master Development Agreement",,"No",,,,,,,,,,,,"-97.70290375","30.29310036"
"347","4155","David Weekley - SF - Section 4 (RMMA MDA)","Catellus Austin LLC","Catellus Austin LLC","4104 Mattie Street","78723","0215160105","9","Single Family","Ownership","Affordability Period Expired","1","1","0","0","0","0","0","0","0","0","0","1","0","0","12-12-2008","12-12-2009","1",,,,,"No","No","Yes","Master Development Agreement",,"No",,,,,,,,,,,,"-97.70290375","30.29299927"
"347","4156","David Weekley - SF - Section 4 (RMMA MDA)","Catellus Austin LLC","Catellus Austin LLC","4100 Mattie Street","78723","0215160105","9","Single Family","Ownership","Affordability Period Expired","1","1","0","0","0","0","0","0","0","0","0","1","0","0","11-14-2008","11-14-2009","1",,,,,"No","No","Yes","Master Development Agreement",,"No",,,,,,,,,,,,"-97.70290375","30.29299927"
"347","4157","David Weekley - SF - Section 9 (RMMA MDA)","Catellus Austin LLC","Catellus Austin LLC","2600 Zach Scott Street","78723","0217162819","9","Single Family","Ownership","Affordability Period Expired","1","1","0","0","0","0","0","0","0","0","0","1","0","0","12-21-2016","12-21-2017","1",,,,,"No","No","Yes","Master Development Agreement",,"No",,,,,,,,,,,,"-97.69830322","30.29459953"
"347","4158","David Weekley - SF - Section 9 (RMMA MDA)","Catellus Austin LLC","Catellus Austin LLC","2602 Zach Scott Street","78723","0217162818","9","Single Family","Ownership","Affordability Period Expired","1","1","0","0","0","0","0","0","0","0","0","1","0","0","12-20-2016","12-20-2017","1",,,,,"No","No","Yes","Master Development Agreement",,"No",,,,,,,,,,,,"-97.69819641","30.29459953"
"347","4159","David Weekley - SF - Section 9 (RMMA MDA)","Catellus Austin LLC","Catellus Austin LLC","2604 Zach Scott Street","78723","0217162816","9","Single Family","Ownership","Affordability Period Expired","1","1","0","0","0","0","0","0","0","0","0","1","0","0","12-20-2016","12-20-2017","1",,,,,"No","No","Yes","Master Development Agreement",,"No",,,,,,,,,,,,"-97.69809723","30.29459953"
"347","4160","David Weekley - SF - Section 9 (RMMA MDA)","Catellus Austin LLC","Catellus Austin LLC","2606 Zach Scott Street","78723","0217162815","9","Single Family","Ownership","Affordability Period Expired","1","1","0","0","0","0","0","0","0","0","0","1","0","0","12-20-2016","12-20-2017","1",,,,,"No","No","Yes","Master Development Agreement",,"No",,,,,,,,,,,,"-97.69799805","30.29459953"
"347","4161","David Weekley - SF - Section 9 (RMMA MDA)","Catellus Austin LLC","Catellus Austin LLC","2608 Zach Scott Street","78723","0217162815","9","Single Family","Ownership","Affordability Period Expired","1","1","0","0","0","0","0","0","0","0","0","1","0","0","12-29-2016","12-29-2017","1",,,,,"No","No","Yes","Master Development Agreement",,"No",,,,,,,,,,,,"-97.69799805","30.29459953"
"347","4162","David Weekley - SF - Section 9 (RMMA MDA)","Catellus Austin LLC","Catellus Austin LLC","2610 Zach Scott Street","78723","0217162814","9","Single Family","Ownership","Affordability Period Expired","1","1","0","0","0","0","0","0","0","0","0","1","0","0","12-28-2016","12-28-2017","1",,,,,"No","No","Yes","Master Development Agreement",,"No",,,,,,,,,,,,"-97.69789886","30.29459953"
"347","4163","David Weekley - SF - Section 9 (RMMA MDA)","Catellus Austin LLC","Catellus Austin LLC","2612 Zach Scott Street","78723","0217162813","9","Single Family","Ownership","Affordability Period Expired","1","1","0","0","0","0","0","0","0","0","0","1","0","0","12-29-2016","12-29-2017","1",,,,,"No","No","Yes","Master Development Agreement",,"No",,,,,,,,,,,,"-97.69779968","30.29459953"
"347","4164","David Weekley - SF - Section 9 (RMMA MDA)","Catellus Austin LLC","Catellus Austin LLC","2614 Zach Scott Street","78723","0217162812","9","Single Family","Ownership","Affordability Period Expired","1","1","0","0","0","0","0","0","0","0","0","1","0","0","12-22-2016","12-22-2017","1",,,,,"No","No","Yes","Master Development Agreement",,"No",,,,,,,,,,,,"-97.6977005","30.29459953"
"347","4165","Meritage - SF - Section 5 (RMMA MDA)","Catellus Austin LLC","Catellus Austin LLC","4440 Camacho Street","78723","0217160713","9","Single Family","Ownership","Affordability Period Expired","1","1","0","0","0","0","0","0","0","0","0","1","0","0","11-21-2008","11-21-2009","1",,,,,"No","No","Yes","Master Development Agreement",,"No",,,,,,,,,,,,"-97.70120239","30.29579926"
"347","4166","Meritage - SF - Section 5 (RMMA MDA)","Catellus Austin LLC","Catellus Austin LLC","4424 Camacho Street","78723","0217160717","9","Single Family","Ownership","Affordability Period Expired","1","1","0","0","0","0","0","0","0","0","0","1","0","0","12-30-2008","12-30-2009","1",,,,,"No","No","Yes","Master Development Agreement",,"No",,,,,,,,,,,,"-97.7016983","30.29579926"
"347","4167","Meritage - SF - Section 5 (RMMA MDA)","Catellus Austin LLC","Catellus Austin LLC","4412 Camacho Street","78723","0217160721","9","Single Family","Ownership","Affordability Period Expired","1","1","0","0","0","0","0","0","0","0","0","1","0","0","02-20-2009","02-20-2010","1",,,,,"No","No","Yes","Master Development Agreement",,"No",,,,,,,,,,,,"-97.70210266","30.29579926"
"347","4168","Meritage - SF - Section 5 (RMMA MDA)","Catellus Austin LLC","Catellus Austin LLC","4425 Camacho Street","78723","0217160823","9","Single Family","Ownership","Affordability Period Expired","1","1","0","0","0","0","0","0","0","0","0","1","0","0","12-29-2008","12-29-2009","1",,,,,"No","No","Yes","Master Development Agreement",,"No",,,,,,,,,,,,"-97.70159912","30.2954998"
"347","4169","Meritage - SF - Section 5 (RMMA MDA)","Catellus Austin LLC","Catellus Austin LLC","4213 Threadgill Street","78723","0217160904","9","Single Family","Ownership","Affordability Period Expired","1","1","0","0","0","0","0","0","0","0","0","1","0","0","11-26-2008","11-26-2009","1",,,,,"No","No","Yes","Master Development Agreement",,"No",,,,,,,,,,,,"-97.70089722","30.2947998"
"347","4170","Meritage - SF - Section 5 (RMMA MDA)","Catellus Austin LLC","Catellus Austin LLC","4217 Threadgill Street","78723","0217160905","9","Single Family","Ownership","Affordability Period Expired","1","1","0","0","0","0","0","0","0","0","0","1","0","0","12-19-2008","12-19-2009","1",,,,,"No","No","Yes","Master Development Agreement",,"No",,,,,,,,,,,,"-97.70089722","30.29490089"
"347","4171","Meritage - SF - Section 5 (RMMA MDA)","Catellus Austin LLC","Catellus Austin LLC","4229 Threadgill Street","78723","0217160908","9","Single Family","Ownership","Affordability Period Expired","1","1","0","0","0","0","0","0","0","0","0","1","0","0","11-17-2008","11-17-2009","1",,,,,"No","No","Yes","Master Development Agreement",,"No",,,,,,,,,,,,"-97.70089722","30.29520035"
"347","4172","Meritage - SF - Section 5 (RMMA MDA)","Catellus Austin LLC","Catellus Austin LLC","4233 Threadgill Street","78723","0217160909","9","Single Family","Ownership","Affordability Period Expired","1","1","0","0","0","0","0","0","0","0","0","1","0","0","11-19-2008","11-19-2009","1",,,,,"No","No","Yes","Master Development Agreement",,"No",,,,,,,,,,,,"-97.70089722","30.29529953"
"347","4173","Meritage - SF - Section 5 (RMMA MDA)","Catellus Austin LLC","Catellus Austin LLC","2128 Emma Long Street","78723","0215161014","9","Single Family","Ownership","Affordability Period Expired","1","1","0","0","0","0","0","0","0","0","0","1","0","0","11-25-2008","11-25-2009","1",,,,,"No","No","Yes","Master Development Agreement",,"No",,,,,,,,,,,,"-97.70110321","30.29240036"
"347","4174","Meritage - SF - Section 5 (RMMA MDA)","Catellus Austin LLC","Catellus Austin LLC","2116 Emma Long Street","78723","0215161017","9","Single Family","Ownership","Affordability Period Expired","1","1","0","0","0","0","0","0","0","0","0","1","0","0","10-29-2008","10-29-2009","1",,,,,"No","No","Yes","Master Development Agreement",,"No",,,,,,,,,,,,"-97.70140076","30.29240036"
"347","4175","Meritage - SF - Section 5 (RMMA MDA)","Catellus Austin LLC","Catellus Austin LLC","4005 Threadgill Street","78723","0215161103","9","Single Family","Ownership","Affordability Period Expired","1","1","0","0","0","0","0","0","0","0","0","1","0","0","02-20-2009","02-20-2010","1",,,,,"No","No","Yes","Master Development Agreement",,"No",,,,,,,,,,,,"-97.70020294","30.29199982"
"347","4176","Meritage - SF - Section 5 (RMMA MDA)","Catellus Austin LLC","Catellus Austin LLC","4009 Threadgill Street","78723","0215161103","9","Single Family","Ownership","Affordability Period Expired","1","1","0","0","0","0","0","0","0","0","0","1","0","0","05-11-2009","05-11-2010","1",,,,,"No","No","Yes","Master Development Agreement",,"No",,,,,,,,,,,,"-97.70020294","30.29210091"
"347","4177","Meritage - SF - Section 5 (RMMA MDA)","Catellus Austin LLC","Catellus Austin LLC","4021 Threadgill Street","78723","0215161106","9","Single Family","Ownership","Affordability Period Expired","1","1","0","0","0","0","0","0","0","0","0","1","0","0","10-31-2008","10-31-2009","1",,,,,"No","No","Yes","Master Development Agreement",,"No",,,,,,,,,,,,"-97.70040131","30.29229927"
"347","4178","Meritage - SF - Section 5 (RMMA MDA)","Catellus Austin LLC","Catellus Austin LLC","4033 Threadgill Street","78723","0215161109","9","Single Family","Ownership","Affordability Period Expired","1","1","0","0","0","0","0","0","0","0","0","1","0","0","12-23-2008","12-23-2009","1",,,,,"No","No","Yes","Master Development Agreement",,"No",,,,,,,,,,,,"-97.70050049","30.29260063"
"347","4179","Meritage - SF - Section 5 (RMMA MDA)","Catellus Austin LLC","Catellus Austin LLC","3813 Hargis Street","78723","0215161407","9","Single Family","Ownership","Affordability Period Expired","1","1","0","0","0","0","0","0","0","0","0","1","0","0","02-27-2009","02-27-2010","1",,,,,"No","No","Yes","Master Development Agreement",,"No",,,,,,,,,,,,"-97.70159912","30.29050064"
"347","4180","Meritage - SF - Section 5 (RMMA MDA)","Catellus Austin LLC","Catellus Austin LLC","2117 Emma Long Street","78723","0215161207","9","Single Family","Ownership","Affordability Period Expired","1","1","0","0","0","0","0","0","0","0","0","1","0","0","10-28-2008","10-28-2009","1",,,,,"No","No","Yes","Master Development Agreement",,"No",,,,,,,,,,,,"-97.70140076","30.29210091"
"347","4181","Meritage - SF - Section 5 (RMMA MDA)","Catellus Austin LLC","Catellus Austin LLC","2133 Emma Long Street","78723","0215161211","9","Single Family","Ownership","Affordability Period Expired","1","1","0","0","0","0","0","0","0","0","0","1","0","0","12-19-2008","12-19-2009","1",,,,,"No","No","Yes","Master Development Agreement",,"No",,,,,,,,,,,,"-97.70089722","30.29210091"
"321","4185","Estancia Villas","SLF III Onion Creek LP","Estancia Villas LLC","1200 Estancia Parkway","78748","0448180602","5","Multifamily","Rental","Project Completed","312","31","0","0","0","0","0","0","31","0","0","0","0","0","06-19-2018","06-19-2058","40",,,,,"No","No","No","PUD Development Agreement",,"No",,,,,,,,,,,,"-97.806201","30.122932"
"392","4186","Austin Oaks PUD","Twelve Lakes LLC","Twelve Lakes LLC","3409 Executive Center Drive","78759","0241011102","10","Multifamily","Rental","Certified","250","27","0","0","0","0","0","0","27","0","0","0","0","0",,"12-30-1939","40",,,,,"No","No","No","PUD Development Agreement",,"No",,,,,,,,,,,,"-97.746676","30.360076"
"347","4187","Meritage - SF - Section 5 (RMMA MDA)","Catellus Austin LLC","Catellus Austin LLC","2137 Emma Long Street","78723","0215161212","9","Single Family","Ownership","Affordability Period Expired","1","1","0","0","0","0","0","0","0","0","0","1","0","0","11-26-2008","11-26-2009","1",,,,,"No","No","Yes","Master Development Agreement",,"No",,,,,,,,,,,,"-97.70079803","30.29210091"
"347","4188","Meritage - SF - Section 5 (RMMA MDA)","Catellus Austin LLC","Catellus Austin LLC","2208 Antone Street","78723","0215161216","9","Single Family","Ownership","Affordability Period Expired","1","1","0","0","0","0","0","0","0","0","0","1","0","0","11-20-2008","11-20-2009","1",,,,,"No","No","Yes","Master Development Agreement",,"No",,,,,,,,,,,,"-97.70069885","30.29170036"
"347","4189","Meritage - SF - Section 5 (RMMA MDA)","Catellus Austin LLC","Catellus Austin LLC","2204 Antone Street","78723","0215161217","9","Single Family","Ownership","Affordability Period Expired","1","1","0","0","0","0","0","0","0","0","0","1","0","0","06-01-2009","06-01-2010","1",,,,,"No","No","Yes","Master Development Agreement",,"No",,,,,,,,,,,,"-97.70079803","30.29170036"
"347","4190","Meritage - SF - Section 5 (RMMA MDA)","Catellus Austin LLC","Catellus Austin LLC","2140 Antone Street","78723","0215161220","9","Single Family","Ownership","Affordability Period Expired","1","1","0","0","0","0","0","0","0","0","0","1","0","0","12-22-2008","12-22-2009","1",,,,,"No","No","Yes","Master Development Agreement",,"No",,,,,,,,,,,,"-97.70120239","30.29170036"
"347","4191","Meritage - SF - Section 5 (RMMA MDA)","Catellus Austin LLC","Catellus Austin LLC","2132 Antone Street","78723","0215161222","9","Single Family","Ownership","Affordability Period Expired","1","1","0","0","0","0","0","0","0","0","0","1","0","0","04-24-2009","04-24-2010","1",,,,,"No","No","Yes","Master Development Agreement",,"No",,,,,,,,,,,,"-97.70140076","30.29170036"
"347","4192","Meritage - SF - Section 5 (RMMA MDA)","Catellus Austin LLC","Catellus Austin LLC","3908 Hargis Street","78723","0215161319","9","Single Family","Ownership","Affordability Period Expired","1","1","0","0","0","0","0","0","0","0","0","1","0","0","11-14-2008","11-14-2009","1",,,,,"No","No","Yes","Master Development Agreement",,"No",,,,,,,,,,,,"-97.70200348","30.29089928"
"347","4193","Meritage - SF - Section 5 (RMMA MDA)","Catellus Austin LLC","Catellus Austin LLC","3904 Hargis Street","78723","0215161320","9","Single Family","Ownership","Affordability Period Expired","1","1","0","0","0","0","0","0","0","0","0","1","0","0","10-21-2008","10-21-2009","1",,,,,"No","No","Yes","Master Development Agreement",,"No",,,,,,,,,,,,"-97.70200348","30.29080009"
"347","4194","Meritage - SF - Section 5 (RMMA MDA)","Catellus Austin LLC","Catellus Austin LLC","3816 Hargis Street","78723","0215161323","9","Single Family","Ownership","Affordability Period Expired","1","1","0","0","0","0","0","0","0","0","0","1","0","0","03-12-2009","03-12-2010","1",,,,,"No","No","Yes","Master Development Agreement",,"No",,,,,,,,,,,,"-97.70200348","30.29050064"
"347","4195","Meritage - SF - Section 5 (RMMA MDA)","Catellus Austin LLC","Catellus Austin LLC","3901 Hargis Street","78723","0215161410","9","Single Family","Ownership","Affordability Period Expired","1","1","0","0","0","0","0","0","0","0","0","1","0","0","12-18-2008","12-18-2009","1",,,,,"No","No","Yes","Master Development Agreement",,"No",,,,,,,,,,,,"-97.70159912","30.29080009"
"347","4196","Meritage - SF - Section 5 (RMMA MDA)","Catellus Austin LLC","Catellus Austin LLC","3909 Hargis Street","78723","0215161412","9","Single Family","Ownership","Affordability Period Expired","1","1","0","0","0","0","0","0","0","0","0","1","0","0","11-26-2008","11-26-2009","1",,,,,"No","No","Yes","Master Development Agreement",,"No",,,,,,,,,,,,"-97.70159912","30.29100037"
"347","4197","Meritage - SF - Section 5 (RMMA MDA)","Catellus Austin LLC","Catellus Austin LLC","3913 Hargis Street","78723","0215161413","9","Single Family","Ownership","Affordability Period Expired","1","1","0","0","0","0","0","0","0","0","0","1","0","0","03-30-2009","03-30-2010","1",,,,,"No","No","Yes","Master Development Agreement",,"No",,,,,,,,,,,,"-97.7016983","30.29109955"
"347","4198","Meritage - SF - Section 5 (RMMA MDA)","Catellus Austin LLC","Catellus Austin LLC","3908 Hermalinda Street","78723","0215161418","9","Single Family","Ownership","Affordability Period Expired","1","1","0","0","0","0","0","0","0","0","0","1","0","0","12-23-2008","12-23-2009","1",,,,,"No","No","Yes","Master Development Agreement",,"No",,,,,,,,,,,,"-97.70120239","30.29120064"
"347","4199","Meritage - SF - Section 5 (RMMA MDA)","Catellus Austin LLC","Catellus Austin LLC","3904 Hermalinda Street","78723","0215161418","9","Single Family","Ownership","Affordability Period Expired","1","1","0","0","0","0","0","0","0","0","0","1","0","0","12-12-2008","12-12-2009","1",,,,,"No","No","Yes","Master Development Agreement",,"No",,,,,,,,,,,,"-97.70120239","30.29109955"
"347","4200","Meritage - SF - Section 5 (RMMA MDA)","Catellus Austin LLC","Catellus Austin LLC","3820 Hermalinda Street","78723","0215161421","9","Single Family","Ownership","Affordability Period Expired","1","1","0","0","0","0","0","0","0","0","0","1","0","0","02-25-2009","02-25-2010","1",,,,,"No","No","Yes","Master Development Agreement",,"No",,,,,,,,,,,,"-97.70120239","30.29080009"
"347","4201","Meritage - SF - Section 5 (RMMA MDA)","Catellus Austin LLC","Catellus Austin LLC","3816 Hermalinda Street","78723","0215161422","9","Single Family","Ownership","Affordability Period Expired","1","1","0","0","0","0","0","0","0","0","0","1","0","0","03-30-2009","03-30-2010","1",,,,,"No","No","Yes","Master Development Agreement",,"No",,,,,,,,,,,,"-97.70120239","30.29070091"
"347","4203","Standard Pacific - SF - Section 5 (RMMA MDA)","Catellus Austin LLC","Catellus Austin LLC","2024 Simond Avenue Unit A","78723","0217161401","9","Single Family","Ownership","Affordability Period Expired","1","1","0","0","0","0","0","0","0","0","0","1","0","0","07-13-2012","07-13-2013","1",,,,,"No","No","Yes","Master Development Agreement",,"No",,,,,,,,,,,,"-97.7009964","30.29680061"
"347","4204","Standard Pacific - SF - Section 5 (RMMA MDA)","Catellus Austin LLC","Catellus Austin LLC","2024 Simond Avenue Unit C","78723","0217161401","9","Single Family","Ownership","Affordability Period Expired","1","1","0","0","0","0","0","0","0","0","0","1","0","0","07-13-2012","07-13-2013","1",,,,,"No","No","Yes","Master Development Agreement",,"No",,,,,,,,,,,,"-97.7009964","30.29680061"
"347","4205","Standard Pacific - SF - Section 5 (RMMA MDA)","Catellus Austin LLC","Catellus Austin LLC","2020 Simond Avenue Unit A","78723","0217161401","9","Single Family","Ownership","Affordability Period Expired","1","1","0","0","0","0","0","0","0","0","0","1","0","0","05-31-2012","05-31-2013","1",,,,,"No","No","Yes","Master Development Agreement",,"No",,,,,,,,,,,,"-97.70130157","30.29680061"
"347","4206","Standard Pacific - SF - Section 5 (RMMA MDA)","Catellus Austin LLC","Catellus Austin LLC","2020 Simond Avenue Unit C","78723","0217161401","9","Single Family","Ownership","Affordability Period Expired","1","1","0","0","0","0","0","0","0","0","0","1","0","0","05-31-2012","05-31-2013","1",,,,,"No","No","Yes","Master Development Agreement",,"No",,,,,,,,,,,,"-97.70130157","30.29680061"
"347","4207","Standard Pacific - SF - Section 5 (RMMA MDA)","Catellus Austin LLC","Catellus Austin LLC","2016 Simond Avenue Unit A","78723","0217161401","9","Single Family","Ownership","Affordability Period Expired","1","1","0","0","0","0","0","0","0","0","0","1","0","0","07-13-2012","07-13-2013","1",,,,,"No","No","Yes","Master Development Agreement",,"No",,,,,,,,,,,,"-97.70159912","30.29680061"
"347","4208","Standard Pacific - SF - Section 5 (RMMA MDA)","Catellus Austin LLC","Catellus Austin LLC","2016 Simond Avenue Unit C","78723","0217161401","9","Single Family","Ownership","Affordability Period Expired","1","1","0","0","0","0","0","0","0","0","0","1","0","0","05-22-2012","05-22-2013","1",,,,,"No","No","Yes","Master Development Agreement",,"No",,,,,,,,,,,,"-97.70159912","30.29680061"
"347","4209","Standard Pacific - SF - Section 5 (RMMA MDA)","Catellus Austin LLC","Catellus Austin LLC","2012 Simond Avenue Unit A","78723","0217161401","9","Single Family","Ownership","Affordability Period Expired","1","1","0","0","0","0","0","0","0","0","0","1","0","0","04-10-2012","04-10-2013","1",,,,,"No","No","Yes","Master Development Agreement",,"No",,,,,,,,,,,,"-97.70189667","30.29680061"
"347","4210","Standard Pacific - SF - Section 5 (RMMA MDA)","Catellus Austin LLC","Catellus Austin LLC","2012 Simond Avenue Unit C","78723","0217161401","9","Single Family","Ownership","Affordability Period Expired","1","1","0","0","0","0","0","0","0","0","0","1","0","0","04-27-2012","04-27-2013","1",,,,,"No","No","Yes","Master Development Agreement",,"No",,,,,,,,,,,,"-97.70189667","30.29680061"
"347","4211","Standard Pacific - SF - Section 5 (RMMA MDA)","Catellus Austin LLC","Catellus Austin LLC","2008 Simond Avenue Unit A","78723","0217161401","9","Single Family","Ownership","Affordability Period Expired","1","1","0","0","0","0","0","0","0","0","0","1","0","0","04-23-2012","04-23-2013","1",,,,,"No","No","Yes","Master Development Agreement",,"No",,,,,,,,,,,,"-97.70220184","30.29669952"
"347","4212","Standard Pacific - SF - Section 5 (RMMA MDA)","Catellus Austin LLC","Catellus Austin LLC","2008 Simond Avenue Unit C","78723","0217161401","9","Single Family","Ownership","Affordability Period Expired","1","1","0","0","0","0","0","0","0","0","0","1","0","0","08-01-2012","08-01-2013","1",,,,,"No","No","Yes","Master Development Agreement",,"No",,,,,,,,,,,,"-97.70220184","30.29669952"
"347","4213","Standard Pacific - SF - Section 5 (RMMA MDA)","Catellus Austin LLC","Catellus Austin LLC","2009 Simond Avenue Unit A","78723","0217161401","9","Single Family","Ownership","Affordability Period Expired","1","1","0","0","0","0","0","0","0","0","0","1","0","0","09-23-2011","09-23-2012","1",,,,,"No","No","Yes","Master Development Agreement",,"No",,,,,,,,,,,,"-97.70210266","30.2961998"
"347","4214","Standard Pacific - SF - Section 5 (RMMA MDA)","Catellus Austin LLC","Catellus Austin LLC","2009 Simond Avenue Unit C","78723","0217161401","9","Single Family","Ownership","Affordability Period Expired","1","1","0","0","0","0","0","0","0","0","0","1","0","0","09-23-2011","09-23-2012","1",,,,,"No","No","Yes","Master Development Agreement",,"No",,,,,,,,,,,,"-97.70210266","30.2961998"
"347","4215","Standard Pacific - SF - Section 5 (RMMA MDA)","Catellus Austin LLC","Catellus Austin LLC","2013 Simond Avenue Unit A","78723","0217161401","9","Single Family","Ownership","Affordability Period Expired","1","1","0","0","0","0","0","0","0","0","0","1","0","0","11-09-2011","11-09-2012","1",,,,,"No","No","Yes","Master Development Agreement",,"No",,,,,,,,,,,,"-97.70179749","30.2961998"
"347","4216","Standard Pacific - SF - Section 5 (RMMA MDA)","Catellus Austin LLC","Catellus Austin LLC","2013 Simond Avenue Unit C","78723","0217161401","9","Single Family","Ownership","Affordability Period Expired","1","1","0","0","0","0","0","0","0","0","0","1","0","0","11-09-2011","11-09-2012","1",,,,,"No","No","Yes","Master Development Agreement",,"No",,,,,,,,,,,,"-97.70179749","30.2961998"
"347","4217","Standard Pacific - SF - Section 5 (RMMA MDA)","Catellus Austin LLC","Catellus Austin LLC","2017 Simond Avenue Unit A","78723","0217161401","9","Single Family","Ownership","Affordability Period Expired","1","1","0","0","0","0","0","0","0","0","0","1","0","0","10-13-2011","10-13-2012","1",,,,,"No","No","Yes","Master Development Agreement",,"No",,,,,,,,,,,,"-97.7014994","30.29630089"
"347","4218","Standard Pacific - SF - Section 5 (RMMA MDA)","Catellus Austin LLC","Catellus Austin LLC","2017 Simond Avenue Unit C","78723","0217161401","9","Single Family","Ownership","Affordability Period Expired","1","1","0","0","0","0","0","0","0","0","0","1","0","0","11-21-2011","11-21-2012","1",,,,,"No","No","Yes","Master Development Agreement",,"No",,,,,,,,,,,,"-97.70149994","30.29630089"
"347","4219","Standard Pacific - SF - Section 5 (RMMA MDA)","Catellus Austin LLC","Catellus Austin LLC","2021 Simond Avenue Unit A","78723","0217161401","9","Single Family","Ownership","Affordability Period Expired","1","1","0","0","0","0","0","0","0","0","0","1","0","0","11-21-2011","11-21-2012","1",,,,,"No","No","Yes","Master Development Agreement",,"No",,,,,,,,,,,,"-97.70120239","30.29630089"
"347","4220","Standard Pacific - SF - Section 5 (RMMA MDA)","Catellus Austin LLC","Catellus Austin LLC","2021 Simond Avenue Unit C","78723","0217161401","9","Single Family","Ownership","Affordability Period Expired","1","1","0","0","0","0","0","0","0","0","0","1","0","0","11-21-2011","11-21-2012","1",,,,,"No","No","Yes","Master Development Agreement",,"No",,,,,,,,,,,,"-97.70120239","30.29630089"
"347","4221","Standard Pacific - SF - Section 5 (RMMA MDA)","Catellus Austin LLC","Catellus Austin LLC","2025 Simond Avenue Unit A","78723","0217161401","9","Single Family","Ownership","Affordability Period Expired","1","1","0","0","0","0","0","0","0","0","0","1","0","0","08-29-2014","08-29-2015","1",,,,,"No","No","Yes","Master Development Agreement",,"No",,,,,,,,,,,,"-97.7009964","30.29630089"
"347","4222","Standard Pacific - SF - Section 5 (RMMA MDA)","Catellus Austin LLC","Catellus Austin LLC","2025 Simond Avenue Unit C","78723","0217161401","9","Single Family","Ownership","Affordability Period Expired","1","1","0","0","0","0","0","0","0","0","0","1","0","0","11-21-2011","11-21-2012","1",,,,,"No","No","Yes","Master Development Agreement",,"No",,,,,,,,,,,,"-97.7009964","30.29630089"
"347","4223","Standard Pacific - SF - Section 5 (RMMA MDA)","Catellus Austin LLC","Catellus Austin LLC","4306 Berkman Drive Unit A","78723","0217161401","9","Single Family","Ownership","Affordability Period Expired","1","1","0","0","0","0","0","0","0","0","0","1","0","0","09-06-2012","09-06-2013","1",,,,,"No","No","Yes","Master Development Agreement",,"No",,,,,,,,,,,,"-97.70059967","30.2961998"
"347","4224","Standard Pacific - SF - Section 5 (RMMA MDA)","Catellus Austin LLC","Catellus Austin LLC","4306 Berkman Drive Unit D","78723","0217161401","9","Single Family","Ownership","Affordability Period Expired","1","1","0","0","0","0","0","0","0","0","0","1","0","0","09-06-2012","09-06-2013","1",,,,,"No","No","Yes","Master Development Agreement",,"No",,,,,,,,,,,,"-97.70059967","30.2961998"
"347","4225","Standard Pacific - SF - Section 5 (RMMA MDA)","Catellus Austin LLC","Catellus Austin LLC","4306 Berkman Drive Unit E","78723","0217161401","9","Single Family","Ownership","Affordability Period Expired","1","1","0","0","0","0","0","0","0","0","0","1","0","0","09-06-2012","09-06-2013","1",,,,,"No","No","Yes","Master Development Agreement",,"No",,,,,,,,,,,,"-97.70059967","30.2961998"
"347","4226","Standard Pacific - SF - Section 5 (RMMA MDA)","Catellus Austin LLC","Catellus Austin LLC","4300 Berkman Drive Unit A","78723","0217161401","9","Single Family","Ownership","Affordability Period Expired","1","1","0","0","0","0","0","0","0","0","0","1","0","0","09-19-2012","09-19-2013","1",,,,,"No","No","Yes","Master Development Agreement",,"No",,,,,,,,,,,,"-97.70050049","30.29590034"
"347","4227","Standard Pacific - SF - Section 5 (RMMA MDA)","Catellus Austin LLC","Catellus Austin LLC","4300 Berkman Drive Unit D","78723","0217161401","9","Single Family","Ownership","Affordability Period Expired","1","1","0","0","0","0","0","0","0","0","0","1","0","0","09-19-2012","09-19-2013","1",,,,,"No","No","Yes","Master Development Agreement",,"No",,,,,,,,,,,,"-97.70050049","30.29590034"
"347","4230","Standard Pacific - SF - Section 5 (RMMA MDA)","Catellus Austin LLC","Catellus Austin LLC","4300 Berkman Drive Unit E","78723","0217161401","9","Single Family","Ownership","Affordability Period Expired","1","1","0","0","0","0","0","0","0","0","0","1","0","0","09-19-2012","09-19-2013","1",,,,,"No","No","Yes","Master Development Agreement",,"No",,,,,,,,,,,,"-97.70050049","30.29590034"
"347","4231","David Weekley - SF - Section 5 (RMMA MDA)","Catellus Austin LLC","Catellus Austin LLC","2228 Zach Scott Street","78723","0217160215","9","Single Family","Ownership","Affordability Period Expired","1","1","0","0","0","0","0","0","0","0","0","1","0","0","05-15-2009","05-15-2010","1",,,,,"No","No","Yes","Master Development Agreement",,"No",,,,,,,,,,,,"-97.70200348","30.29439926"
"347","4232","David Weekley - SF - Section 5 (RMMA MDA)","Catellus Austin LLC","Catellus Austin LLC","2224 Zach Scott Street","78723","0217160216","9","Single Family","Ownership","Affordability Period Expired","1","1","0","0","0","0","0","0","0","0","0","1","0","0","05-29-2009","05-29-2010","1",,,,,"No","No","Yes","Master Development Agreement",,"No",,,,,,,,,,,,"-97.70210266","30.29439926"
"347","4233","David Weekley - SF - Section 5 (RMMA MDA)","Catellus Austin LLC","Catellus Austin LLC","2220 Zach Scott Street","78723","0217160218","9","Single Family","Ownership","Affordability Period Expired","1","1","0","0","0","0","0","0","0","0","0","1","0","0","04-22-2009","04-22-2010","1",,,,,"No","No","Yes","Master Development Agreement",,"No",,,,,,,,,,,,"-97.70220184","30.29439926"
"347","4234","David Weekley - SF - Section 5 (RMMA MDA)","Catellus Austin LLC","Catellus Austin LLC","2216 Zach Scott Street","78723","0217160219","9","Single Family","Ownership","Affordability Period Expired","1","1","0","0","0","0","0","0","0","0","0","1","0","0","05-04-2009","05-04-2010","1",,,,,"No","No","Yes","Master Development Agreement",,"No",,,,,,,,,,,,"-97.70230103","30.29439926"
"347","4235","David Weekley - SF - Section 5 (RMMA MDA)","Catellus Austin LLC","Catellus Austin LLC","2212 Zach Scott Street","78723","0217160219","9","Single Family","Ownership","Affordability Period Expired","1","1","0","0","0","0","0","0","0","0","0","1","0","0","04-15-2009","04-15-2010","1",,,,,"No","No","Yes","Master Development Agreement",,"No",,,,,,,,,,,,"-97.70230103","30.29439926"
"347","4236","David Weekley - SF - Section 5 (RMMA MDA)","Catellus Austin LLC","Catellus Austin LLC","2208 Zach Scott Street","78723","0217160220","9","Single Family","Ownership","Affordability Period Expired","1","1","0","0","0","0","0","0","0","0","0","1","0","0","03-13-2009","03-13-2010","1",,,,,"No","No","Yes","Master Development Agreement",,"No",,,,,,,,,,,,"-97.70240021","30.29439926"
"347","4237","David Weekley - SF - Section 5 (RMMA MDA)","Catellus Austin LLC","Catellus Austin LLC","2204 Zach Scott Street","78723","0217160221","9","Single Family","Ownership","Affordability Period Expired","1","1","0","0","0","0","0","0","0","0","0","1","0","0","03-20-2009","03-20-2010","1",,,,,"No","No","Yes","Master Development Agreement",,"No",,,,,,,,,,,,"-97.70249939","30.29439926"
"347","4238","David Weekley - SF - Section 5 (RMMA MDA)","Catellus Austin LLC","Catellus Austin LLC","2200 Zach Scott Street","78723","0217160222","9","Single Family","Ownership","Affordability Period Expired","1","1","0","0","0","0","0","0","0","0","0","1","0","0","03-12-2009","03-12-2010","1",,,,,"No","No","Yes","Master Development Agreement",,"No",,,,,,,,,,,,"-97.70259857","30.29439926"
"347","4239","David Weekley - SF - Section 5 (RMMA MDA)","Catellus Austin LLC","Catellus Austin LLC","2260 Zach Scott Street","78723","0217160801","9","Single Family","Ownership","Affordability Period Expired","1","1","0","0","0","0","0","0","0","0","0","1","0","0","07-27-2009","07-27-2010","1",,,,,"No","No","Yes","Master Development Agreement",,"No",,,,,,,,,,,,"-97.70120239","30.29450035"
"347","4240","David Weekley - SF - Section 5 (RMMA MDA)","Catellus Austin LLC","Catellus Austin LLC","2256 Zach Scott Street","78723","0217160803","9","Single Family","Ownership","Affordability Period Expired","1","1","0","0","0","0","0","0","0","0","0","1","0","0","08-14-2009","08-14-2010","1",,,,,"No","No","Yes","Master Development Agreement",,"No",,,,,,,,,,,,"-97.70130157","30.29450035"
"347","4241","David Weekley - SF - Section 5 (RMMA MDA)","Catellus Austin LLC","Catellus Austin LLC","2252 Zach Scott Street","78723","0217160804","9","Single Family","Ownership","Affordability Period Expired","1","1","0","0","0","0","0","0","0","0","0","1","0","0","07-31-2009","07-31-2010","1",,,,,"No","No","Yes","Master Development Agreement",,"No",,,,,,,,,,,,"-97.70140076","30.29450035"
"347","4242","David Weekley - SF - Section 5 (RMMA MDA)","Catellus Austin LLC","Catellus Austin LLC","2248 Zach Scott Street","78723","0217160804","9","Single Family","Ownership","Affordability Period Expired","1","1","0","0","0","0","0","0","0","0","0","1","0","0","10-29-2009","10-29-2010","1",,,,,"No","No","Yes","Master Development Agreement",,"No",,,,,,,,,,,,"-97.70140076","30.29450035"
"347","4243","David Weekley - SF - Section 5 (RMMA MDA)","Catellus Austin LLC","Catellus Austin LLC","2244 Zach Scott Street","78723","0217160805","9","Single Family","Ownership","Affordability Period Expired","1","1","0","0","0","0","0","0","0","0","0","1","0","0","06-22-2009","06-22-2010","1",,,,,"No","No","Yes","Master Development Agreement",,"No",,,,,,,,,,,,"-97.70149994","30.29450035"
"347","4244","David Weekley - SF - Section 5 (RMMA MDA)","Catellus Austin LLC","Catellus Austin LLC","2240 Zach Scott Street","78723","0217160806","9","Single Family","Ownership","Affordability Period Expired","1","1","0","0","0","0","0","0","0","0","0","1","0","0","06-29-2009","06-29-2010","1",,,,,"No","No","Yes","Master Development Agreement",,"No",,,,,,,,,,,,"-97.70159912","30.29450035"
"347","4245","David Weekley - SF - Section 5 (RMMA MDA)","Catellus Austin LLC","Catellus Austin LLC","2236 Zach Scott Street","78723","0217160808","9","Single Family","Ownership","Affordability Period Expired","1","1","0","0","0","0","0","0","0","0","0","1","0","0","06-26-2009","06-26-2010","1",,,,,"No","No","Yes","Master Development Agreement",,"No",,,,,,,,,,,,"-97.7016983","30.29439926"
"347","4246","David Weekley - SF - Section 5 (RMMA MDA)","Catellus Austin LLC","Catellus Austin LLC","2232 Zach Scott Street","78723","0217160808","9","Single Family","Ownership","Affordability Period Expired","1","1","0","0","0","0","0","0","0","0","0","1","0","0","06-24-2009","06-24-2010","1",,,,,"No","No","Yes","Master Development Agreement",,"No",,,,,,,,,,,,"-97.70179749","30.29439926"
"347","4247","David Weekley - SF - Section 5 (RMMA MDA)","Catellus Austin LLC","Catellus Austin LLC","4101 Mattie Street","78723","0215160704","9","Single Family","Ownership","Affordability Period Expired","1","1","0","0","0","0","0","0","0","0","0","1","0","0","07-22-2008","07-22-2009","1",,,,,"No","No","Yes","Master Development Agreement",,"No",,,,,,,,,,,,"-97.70240021","30.29299927"
"347","4248","David Weekley - SF - Section 5 (RMMA MDA)","Catellus Austin LLC","Catellus Austin LLC","4105 Mattie Street","78723","0215160706","9","Single Family","Ownership","Affordability Period Expired","1","1","0","0","0","0","0","0","0","0","0","1","0","0","01-26-2009","01-26-2010","1",,,,,"No","No","Yes","Master Development Agreement",,"No",,,,,,,,,,,,"-97.70240021","30.29310036"
"347","4249","David Weekley - SF - Section 5 (RMMA MDA)","Catellus Austin LLC","Catellus Austin LLC","4109 Mattie Street","78723","0215160706","9","Single Family","Ownership","Affordability Period Expired","1","1","0","0","0","0","0","0","0","0","0","1","0","0","03-02-2009","03-02-2010","1",,,,,"No","No","Yes","Master Development Agreement",,"No",,,,,,,,,,,,"-97.70240021","30.29310036"
"347","4250","David Weekley - SF - Section 5 (RMMA MDA)","Catellus Austin LLC","Catellus Austin LLC","4113 Mattie Street","78723","0215160708","9","Single Family","Ownership","Affordability Period Expired","1","1","0","0","0","0","0","0","0","0","0","1","0","0","02-27-2009","02-27-2010","1",,,,,"No","No","Yes","Master Development Agreement",,"No",,,,,,,,,,,,"-97.70240021","30.29319954"
"347","4251","David Weekley - SF - Section 5 (RMMA MDA)","Catellus Austin LLC","Catellus Austin LLC","4117 Mattie Street","78723","0215160708","9","Single Family","Ownership","Affordability Period Expired","1","1","0","0","0","0","0","0","0","0","0","1","0","0","01-26-2009","01-26-2010","1",,,,,"No","No","Yes","Master Development Agreement",,"No",,,,,,,,,,,,"-97.70249939","30.29319954"
"347","4252","David Weekley - SF - Section 5 (RMMA MDA)","Catellus Austin LLC","Catellus Austin LLC","4121 Mattie Street","78723","0215160709","9","Single Family","Ownership","Affordability Period Expired","1","1","0","0","0","0","0","0","0","0","0","1","0","0","01-20-2009","01-20-2010","1",,,,,"No","No","Yes","Master Development Agreement",,"No",,,,,,,,,,,,"-97.70240021","30.29330063"
"347","4253","David Weekley - SF - Section 5 (RMMA MDA)","Catellus Austin LLC","Catellus Austin LLC","4125 Mattie Street","78723","0217161002","9","Single Family","Ownership","Affordability Period Expired","1","1","0","0","0","0","0","0","0","0","0","1","0","0","01-15-2009","01-15-2010","1",,,,,"No","No","Yes","Master Development Agreement",,"No",,,,,,,,,,,,"-97.70249939","30.29339981"
"347","4254","David Weekley - SF - Section 5 (RMMA MDA)","Catellus Austin LLC","Catellus Austin LLC","4129 Mattie Street","78723","0217161002","9","Single Family","Ownership","Affordability Period Expired","1","1","0","0","0","0","0","0","0","0","0","1","0","0","02-13-2009","02-13-2010","1",,,,,"No","No","Yes","Master Development Agreement",,"No",,,,,,,,,,,,"-97.70240021","30.29339981"
"347","4255","David Weekley - SF - Section 5 (RMMA MDA)","Catellus Austin LLC","Catellus Austin LLC","4133 Mattie Street","78723","0217161003","9","Single Family","Ownership","Affordability Period Expired","1","1","0","0","0","0","0","0","0","0","0","1","0","0","02-12-2009","02-12-2010","1",,,,,"No","No","Yes","Master Development Agreement",,"No",,,,,,,,,,,,"-97.70249939","30.2935009"
"347","4256","David Weekley - SF - Section 5 (RMMA MDA)","Catellus Austin LLC","Catellus Austin LLC","4137 Mattie Street","78723","0217161005","9","Single Family","Ownership","Affordability Period Expired","1","1","0","0","0","0","0","0","0","0","0","1","0","0","02-20-2009","02-20-2010","1",,,,,"No","No","Yes","Master Development Agreement",,"No",,,,,,,,,,,,"-97.70249939","30.29360008"
"347","4257","David Weekley - SF - Section 5 (RMMA MDA)","Catellus Austin LLC","Catellus Austin LLC","4141 Mattie Street","78723","0217161005","9","Single Family","Ownership","Affordability Period Expired","1","1","0","0","0","0","0","0","0","0","0","1","0","0","02-27-2009","02-27-2010","1",,,,,"No","No","Yes","Master Development Agreement",,"No",,,,,,,,,,,,"-97.70249939","30.29360008"
"347","4258","David Weekley - SF - Section 5 (RMMA MDA)","Catellus Austin LLC","Catellus Austin LLC","4145 Mattie Street","78723","0217161006","9","Single Family","Ownership","Affordability Period Expired","1","1","0","0","0","0","0","0","0","0","0","1","0","0","02-20-2009","02-20-2010","1",,,,,"No","No","Yes","Master Development Agreement",,"No",,,,,,,,,,,,"-97.70249939","30.29369926"
"347","4259","David Weekley - SF - Section 5 (RMMA MDA)","Catellus Austin LLC","Catellus Austin LLC","4149 Mattie Street","78723","0217161008","9","Single Family","Ownership","Affordability Period Expired","1","1","0","0","0","0","0","0","0","0","0","1","0","0","02-05-2009","02-05-2010","1",,,,,"No","No","Yes","Master Development Agreement",,"No",,,,,,,,,,,,"-97.70249939","30.29380035"
"347","4260","David Weekley - SF - Section 5 (RMMA MDA)","Catellus Austin LLC","Catellus Austin LLC","4153 Mattie Street","78723","0217161008","9","Single Family","Ownership","Affordability Period Expired","1","1","0","0","0","0","0","0","0","0","0","1","0","0","03-13-2009","03-13-2010","1",,,,,"No","No","Yes","Master Development Agreement",,"No",,,,,,,,,,,,"-97.70249939","30.29380035"
"347","4261","David Weekley - SF - Section 5 (RMMA MDA)","Catellus Austin LLC","Catellus Austin LLC","2225 Antone Street","78723","0215161706","9","Single Family","Ownership","Affordability Period Expired","1","1","0","0","0","0","0","0","0","0","0","1","0","0","07-18-2011","07-18-2012","1",,,,,"No","No","Yes","Master Development Agreement",,"No",,,,,,,,,,,,"-97.70040131","30.29140091"
"347","4262","David Weekley - SF - Section 5 (RMMA MDA)","Catellus Austin LLC","Catellus Austin LLC","2221 Antone Street","78723","0215161705","9","Single Family","Ownership","Affordability Period Expired","1","1","0","0","0","0","0","0","0","0","0","1","0","0","06-30-2011","06-30-2012","1",,,,,"No","No","Yes","Master Development Agreement",,"No",,,,,,,,,,,,"-97.70050049","30.29140091"
"347","4263","David Weekley - SF - Section 5 (RMMA MDA)","Catellus Austin LLC","Catellus Austin LLC","2217 Antone Street","78723","0215161705","9","Single Family","Ownership","Affordability Period Expired","1","1","0","0","0","0","0","0","0","0","0","1","0","0","07-18-2011","07-18-2012","1",,,,,"No","No","Yes","Master Development Agreement",,"No",,,,,,,,,,,,"-97.70050049","30.29140091"
"347","4264","David Weekley - SF - Section 5 (RMMA MDA)","Catellus Austin LLC","Catellus Austin LLC","2213 Antone Street","78723","0215161704","9","Single Family","Ownership","Affordability Period Expired","1","1","0","0","0","0","0","0","0","0","0","1","0","0","04-15-2011","04-15-2012","1",,,,,"No","No","Yes","Master Development Agreement",,"No",,,,,,,,,,,,"-97.70059967","30.29140091"
"347","4265","David Weekley - SF - Section 5 (RMMA MDA)","Catellus Austin LLC","Catellus Austin LLC","2209 Antone Street","78723","0215161703","9","Single Family","Ownership","Affordability Period Expired","1","1","0","0","0","0","0","0","0","0","0","1","0","0","05-17-2011","05-17-2012","1",,,,,"No","No","Yes","Master Development Agreement",,"No",,,,,,,,,,,,"-97.70069885","30.29140091"
"347","4266","David Weekley - SF - Section 5 (RMMA MDA)","Catellus Austin LLC","Catellus Austin LLC","2205 Antone Street","78723","0215161702","9","Single Family","Ownership","Affordability Period Expired","1","1","0","0","0","0","0","0","0","0","0","1","0","0","03-14-2011","03-14-2012","1",,,,,"No","No","Yes","Master Development Agreement",,"No",,,,,,,,,,,,"-97.70079803","30.29140091"
"347","4267","David Weekley - SF - Section 5 (RMMA MDA)","Catellus Austin LLC","Catellus Austin LLC","2201 Antone Street","78723","0215161701","9","Single Family","Ownership","Affordability Period Expired","1","1","0","0","0","0","0","0","0","0","0","1","0","0","02-28-2011","02-28-2012","1",,,,,"No","No","Yes","Master Development Agreement",,"No",,,,,,,,,,,,"-97.70089722","30.29140091"
"347","4268","David Weekley - SF - Section 5 (RMMA MDA)","Catellus Austin LLC","Catellus Austin LLC","3900 Threadgill Street #30","78723","0215161811","9","Single Family","Ownership","Affordability Period Expired","1","1","0","0","0","0","0","0","0","0","0","1","0","0","03-30-2011","03-30-2012","1",,,,,"No","No","Yes","Master Development Agreement",,"No",,,,,,,,,,,,"-97.70030212","30.29089928"
"347","4269","David Weekley - SF - Section 5 (RMMA MDA)","Catellus Austin LLC","Catellus Austin LLC","3900 Threadgill Street #28","78723","0215161811","9","Single Family","Ownership","Affordability Period Expired","1","1","0","0","0","0","0","0","0","0","0","1","0","0","03-30-2011","03-30-2012","1",,,,,"No","No","Yes","Master Development Agreement",,"No",,,,,,,,,,,,"-97.70030212","30.29089928"
"347","4270","David Weekley - SF - Section 5 (RMMA MDA)","Catellus Austin LLC","Catellus Austin LLC","3900 Threadgill Street #24","78723","0215161811","9","Single Family","Ownership","Affordability Period Expired","1","1","0","0","0","0","0","0","0","0","0","1","0","0","05-18-2011","05-18-2012","1",,,,,"No","No","Yes","Master Development Agreement",,"No",,,,,,,,,,,,"-97.70030212","30.29089928"
"347","4271","David Weekley - SF - Section 5 (RMMA MDA)","Catellus Austin LLC","Catellus Austin LLC","3900 Threadgill Street #29","78723","0215161811","9","Single Family","Ownership","Affordability Period Expired","1","1","0","0","0","0","0","0","0","0","0","1","0","0","03-30-2011","03-30-2012","1",,,,,"No","No","Yes","Master Development Agreement",,"No",,,,,,,,,,,,"-97.70030212","30.29089928"
"347","4272","David Weekley - SF - Section 5 (RMMA MDA)","Catellus Austin LLC","Catellus Austin LLC","3900 Threadgill Street #27","78723","0215161811","9","Single Family","Ownership","Affordability Period Expired","1","1","0","0","0","0","0","0","0","0","0","1","0","0","04-08-2011","04-08-2012","1",,,,,"No","No","Yes","Master Development Agreement",,"No",,,,,,,,,,,,"-97.70030212","30.29089928"
"347","4273","David Weekley - SF - Section 5 (RMMA MDA)","Catellus Austin LLC","Catellus Austin LLC","3900 Threadgill Street #25","78723","0215161811","9","Single Family","Ownership","Affordability Period Expired","1","1","0","0","0","0","0","0","0","0","0","1","0","0","11-15-2011","11-15-2012","1",,,,,"No","No","Yes","Master Development Agreement",,"No",,,,,,,,,,,,"-97.70030212","30.29089928"
"347","4274","David Weekley - SF - Section 5 (RMMA MDA)","Catellus Austin LLC","Catellus Austin LLC","3900 Threadgill Street #23","78723","0215161811","9","Single Family","Ownership","Affordability Period Expired","1","1","0","0","0","0","0","0","0","0","0","1","0","0","05-16-2011","05-16-2012","1",,,,,"No","No","Yes","Master Development Agreement",,"No",,,,,,,,,,,,"-97.70030212","30.29089928"
"347","4275","David Weekley - SF - Section 5 (RMMA MDA)","Catellus Austin LLC","Catellus Austin LLC","3900 Threadgill Street #19","78723","0215161811","9","Single Family","Ownership","Affordability Period Expired","1","1","0","0","0","0","0","0","0","0","0","1","0","0","06-30-2011","06-30-2012","1",,,,,"No","No","Yes","Master Development Agreement",,"No",,,,,,,,,,,,"-97.70030212","30.29089928"
"347","4276","David Weekley - SF - Section 5 (RMMA MDA)","Catellus Austin LLC","Catellus Austin LLC","3900 Threadgill Street #4","78723","0215161811","9","Single Family","Ownership","Affordability Period Expired","1","1","0","0","0","0","0","0","0","0","0","1","0","0","11-18-2011","11-18-2012","1",,,,,"No","No","Yes","Master Development Agreement",,"No",,,,,,,,,,,,"-97.70030212","30.29089928"
"347","4277","David Weekley - SF - Section 5 (RMMA MDA)","Catellus Austin LLC","Catellus Austin LLC","3900 Threadgill Street #6","78723","0215161811","9","Single Family","Ownership","Affordability Period Expired","1","1","0","0","0","0","0","0","0","0","0","1","0","0","11-15-2011","11-15-2012","1",,,,,"No","No","Yes","Master Development Agreement",,"No",,,,,,,,,,,,"-97.70030212","30.29089928"
"347","4278","David Weekley - SF - Section 5 (RMMA MDA)","Catellus Austin LLC","Catellus Austin LLC","3900 Threadgill Street #8","78723","0215161811","9","Single Family","Ownership","Affordability Period Expired","1","1","0","0","0","0","0","0","0","0","0","1","0","0","11-08-2011","11-08-2012","1",,,,,"No","No","Yes","Master Development Agreement",,"No",,,,,,,,,,,,"-97.70030212","30.29089928"
"347","4279","David Weekley - SF - Section 5 (RMMA MDA)","Catellus Austin LLC","Catellus Austin LLC","3900 Threadgill Street #10","78723","0215161811","9","Single Family","Ownership","Affordability Period Expired","1","1","0","0","0","0","0","0","0","0","0","1","0","0","10-13-2011","10-13-2012","1",,,,,"No","No","Yes","Master Development Agreement",,"No",,,,,,,,,,,,"-97.70030212","30.29089928"
"347","4280","David Weekley - SF - Section 5 (RMMA MDA)","Catellus Austin LLC","Catellus Austin LLC","3900 Threadgill Street #5","78723","0215161811","9","Single Family","Ownership","Affordability Period Expired","1","1","0","0","0","0","0","0","0","0","0","1","0","0","01-30-2012","01-30-2013","1",,,,,"No","No","Yes","Master Development Agreement",,"No",,,,,,,,,,,,"-97.70030212","30.29089928"
"347","4281","David Weekley - SF - Section 5 (RMMA MDA)","Catellus Austin LLC","Catellus Austin LLC","3900 Threadgill Street #3","78723","0215161811","9","Single Family","Ownership","Affordability Period Expired","1","1","0","0","0","0","0","0","0","0","0","1","0","0","01-30-2012","01-30-2013","1",,,,,"No","No","Yes","Master Development Agreement",,"No",,,,,,,,,,,,"-97.70030212","30.29089928"
"347","4282","David Weekley - SF - Section 5 (RMMA MDA)","Catellus Austin LLC","Catellus Austin LLC","2744 Tom Miller Street","78723","0215162002","9","Single Family","Ownership","Affordability Period Expired","1","1","0","0","0","0","0","0","0","0","0","1","0","0","01-30-2012","01-30-2013","1",,,,,"No","No","Yes","Master Development Agreement",,"No",,,,,,,,,,,,"-97.70030212","30.29019928"
"347","4283","David Weekley - SF - Section 5 (RMMA MDA)","Catellus Austin LLC","Catellus Austin LLC","2736 Tom Miller Street","78723","0215162004","9","Single Family","Ownership","Affordability Period Expired","1","1","0","0","0","0","0","0","0","0","0","1","0","0","11-15-2011","11-15-2012","1",,,,,"No","No","Yes","Master Development Agreement",,"No",,,,,,,,,,,,"-97.70050049","30.29019928"
"347","4284","David Weekley - SF - Section 5 (RMMA MDA)","Catellus Austin LLC","Catellus Austin LLC","2732 Tom Miller Street","78723","0215162005","9","Single Family","Ownership","Affordability Period Expired","1","1","0","0","0","0","0","0","0","0","0","1","0","0","10-06-2011","10-06-2012","1",,,,,"No","No","Yes","Master Development Agreement",,"No",,,,,,,,,,,,"-97.70059967","30.29019928"
"347","4285","Standard Pacific - SF - Section 6 (RMMA MDA)","Catellus Austin LLC","Catellus Austin LLC","4401 Mattie Street Unit A","78723","0217161401","9","Single Family","Ownership","Affordability Period Expired","1","1","0","0","0","0","0","0","0","0","0","1","0","0","12-30-2013","12-30-2014","1",,,,,"No","No","Yes","Master Development Agreement",,"No",,,,,,,,,,,,"-97.70249939","30.29680061"
"347","4286","Standard Pacific - SF - Section 6 (RMMA MDA)","Catellus Austin LLC","Catellus Austin LLC","4401 Mattie Street Unit B","78723","0217161401","9","Single Family","Ownership","Affordability Period Expired","1","1","0","0","0","0","0","0","0","0","0","1","0","0","01-24-2014","01-24-2015","1",,,,,"No","No","Yes","Master Development Agreement",,"No",,,,,,,,,,,,"-97.70249939","30.29680061"
"347","4287","Standard Pacific - SF - Section 6 (RMMA MDA)","Catellus Austin LLC","Catellus Austin LLC","4401 Mattie Street Unit C","78723","0217161401","9","Single Family","Ownership","Affordability Period Expired","1","1","0","0","0","0","0","0","0","0","0","1","0","0","02-04-2014","02-04-2015","1",,,,,"No","No","Yes","Master Development Agreement",,"No",,,,,,,,,,,,"-97.70249939","30.29680061"
"347","4288","Standard Pacific - SF - Section 6 (RMMA MDA)","Catellus Austin LLC","Catellus Austin LLC","4401 Mattie Street Unit D","78723","0217161401","9","Single Family","Ownership","Affordability Period Expired","1","1","0","0","0","0","0","0","0","0","0","1","0","0","01-22-2014","01-22-2015","1",,,,,"No","No","Yes","Master Development Agreement",,"No",,,,,,,,,,,,"-97.70249939","30.29680061"
"347","4289","Standard Pacific - SF - Section 6 (RMMA MDA)","Catellus Austin LLC","Catellus Austin LLC","4401 Mattie Street Unit E","78723","0217161401","9","Single Family","Ownership","Affordability Period Expired","1","1","0","0","0","0","0","0","0","0","0","1","0","0","12-30-2013","12-30-2014","1",,,,,"No","No","Yes","Master Development Agreement",,"No",,,,,,,,,,,,"-97.70249939","30.29680061"
"347","4290","Standard Pacific - SF - Section 6 (RMMA MDA)","Catellus Austin LLC","Catellus Austin LLC","4401 Mattie Street Unit F","78723","0217161401","9","Single Family","Ownership","Affordability Period Expired","1","1","0","0","0","0","0","0","0","0","0","1","0","0","12-30-2013","12-30-2014","1",,,,,"No","No","Yes","Master Development Agreement",,"No",,,,,,,,,,,,"-97.70249939","30.29680061"
"347","4291","Standard Pacific - SF - Section 6 (RMMA MDA)","Catellus Austin LLC","Catellus Austin LLC","4417 Mattie Street Unit A","78723","0217161401","9","Single Family","Ownership","Affordability Period Expired","1","1","0","0","0","0","0","0","0","0","0","1","0","0","02-27-2014","02-27-2015","1",,,,,"No","No","Yes","Master Development Agreement",,"No",,,,,,,,,,,,"-97.70249939","30.29710007"
"347","4292","Standard Pacific - SF - Section 6 (RMMA MDA)","Catellus Austin LLC","Catellus Austin LLC","4417 Mattie Street Unit B","78723","0217161401","9","Single Family","Ownership","Affordability Period Expired","1","1","0","0","0","0","0","0","0","0","0","1","0","0","01-31-2014","01-31-2015","1",,,,,"No","No","Yes","Master Development Agreement",,"No",,,,,,,,,,,,"-97.70249939","30.29710007"
"347","4293","Standard Pacific - SF - Section 6 (RMMA MDA)","Catellus Austin LLC","Catellus Austin LLC","4417 Mattie Street Unit C","78723","0217161401","9","Single Family","Ownership","Affordability Period Expired","1","1","0","0","0","0","0","0","0","0","0","1","0","0","01-31-2013","01-31-2014","1",,,,,"No","No","Yes","Master Development Agreement",,"No",,,,,,,,,,,,"-97.70249939","30.29710007"
"347","4294","Standard Pacific - SF - Section 6 (RMMA MDA)","Catellus Austin LLC","Catellus Austin LLC","4417 Mattie Street Unit D","78723","0217161401","9","Single Family","Ownership","Affordability Period Expired","1","1","0","0","0","0","0","0","0","0","0","1","0","0","02-28-2014","02-28-2015","1",,,,,"No","No","Yes","Master Development Agreement",,"No",,,,,,,,,,,,"-97.70249939","30.29710007"
"347","4295","Standard Pacific - SF - Section 6 (RMMA MDA)","Catellus Austin LLC","Catellus Austin LLC","4417 Mattie Street Unit E","78723","0217161401","9","Single Family","Ownership","Affordability Period Expired","1","1","0","0","0","0","0","0","0","0","0","1","0","0","02-20-2014","02-20-2015","1",,,,,"No","No","Yes","Master Development Agreement",,"No",,,,,,,,,,,,"-97.70249939","30.29710007"
"347","4296","Standard Pacific - SF - Section 6 (RMMA MDA)","Catellus Austin LLC","Catellus Austin LLC","4417 Mattie Street Unit F","78723","0217161401","9","Single Family","Ownership","Affordability Period Expired","1","1","0","0","0","0","0","0","0","0","0","1","0","0","01-31-2014","01-31-2015","1",,,,,"No","No","Yes","Master Development Agreement",,"No",,,,,,,,,,,,"-97.70249939","30.29710007"
"347","4297","Standard Pacific - SF - Section 6 (RMMA MDA)","Catellus Austin LLC","Catellus Austin LLC","4416 Berkman Drive Unit A","78723","0217161401","9","Single Family","Ownership","Affordability Period Expired","1","1","0","0","0","0","0","0","0","0","0","1","0","0","01-17-2014","01-17-2015","1",,,,,"No","No","Yes","Master Development Agreement",,"No",,,,,,,,,,,,"-97.70059967","30.29710007"
"347","4298","David Weekley - SF - Section 6 (RMMA MDA)","Catellus Austin LLC","Catellus Austin LLC","4416 Berkman Drive Unit B","78723","0217161401","9","Single Family","Ownership","Affordability Period Expired","1","1","0","0","0","0","0","0","0","0","0","1","0","0","01-09-2014","01-09-2015","1",,,,,"No","No","Yes","Master Development Agreement",,"No",,,,,,,,,,,,"-97.70059967","30.29710007"
"347","4299","Standard Pacific - SF - Section 6 (RMMA MDA)","Catellus Austin LLC","Catellus Austin LLC","4416 Berkman Drive Unit C","78723","0217161401","9","Single Family","Ownership","Affordability Period Expired","1","1","0","0","0","0","0","0","0","0","0","1","0","0","02-25-2014","02-25-2015","1",,,,,"No","No","Yes","Master Development Agreement",,"No",,,,,,,,,,,,"-97.70059967","30.29710007"
"347","4300","Standard Pacific - SF - Section 6 (RMMA MDA)","Catellus Austin LLC","Catellus Austin LLC","4416 Berkman Drive Unit D","78723","0217161401","9","Single Family","Ownership","Affordability Period Expired","1","1","0","0","0","0","0","0","0","0","0","1","0","0","01-09-2014","01-09-2015","1",,,,,"No","No","Yes","Master Development Agreement",,"No",,,,,,,,,,,,"-97.70059967","30.29710007"
"347","4301","Standard Pacific - SF - Section 6 (RMMA MDA)","Catellus Austin LLC","Catellus Austin LLC","4416 Berkman Drive Unit E","78723","0217161401","9","Single Family","Ownership","Affordability Period Expired","1","1","0","0","0","0","0","0","0","0","0","1","0","0","02-27-2014","02-27-2015","1",,,,,"No","No","Yes","Master Development Agreement",,"No",,,,,,,,,,,,"-97.70059967","30.29710007"
"347","4302","Standard Pacific - SF - Section 6 (RMMA MDA)","Catellus Austin LLC","Catellus Austin LLC","4416 Berkman Drive Unit F","78723","0217161401","9","Single Family","Ownership","Affordability Period Expired","1","1","0","0","0","0","0","0","0","0","0","1","0","0","01-09-2014","01-09-2015","1",,,,,"No","No","Yes","Master Development Agreement",,"No",,,,,,,,,,,,"-97.70059967","30.29710007"
"347","4303","Standard Pacific - SF - Section 6 (RMMA MDA)","Catellus Austin LLC","Catellus Austin LLC","4400 Berkman Drive Unit A","78723","0217161401","9","Single Family","Ownership","Affordability Period Expired","1","1","0","0","0","0","0","0","0","0","0","1","0","0","12-27-2013","12-27-2014","1",,,,,"No","No","Yes","Master Development Agreement",,"No",,,,,,,,,,,,"-97.70059967","30.2968998"
"347","4304","Standard Pacific - SF - Section 6 (RMMA MDA)","Catellus Austin LLC","Catellus Austin LLC","4400 Berkman Drive Unit B","78723","0217161401","9","Single Family","Ownership","Affordability Period Expired","1","1","0","0","0","0","0","0","0","0","0","1","0","0","01-21-2014","01-21-2015","1",,,,,"No","No","Yes","Master Development Agreement",,"No",,,,,,,,,,,,"-97.70059967","30.2968998"
"347","4305","Standard Pacific - SF - Section 6 (RMMA MDA)","Catellus Austin LLC","Catellus Austin LLC","4400 Berkman Drive Unit C","78723","0217161401","9","Single Family","Ownership","Affordability Period Expired","1","1","0","0","0","0","0","0","0","0","0","1","0","0","12-27-2013","12-27-2014","1",,,,,"No","No","Yes","Master Development Agreement",,"No",,,,,,,,,,,,"-97.70059967","30.2968998"
"347","4306","Standard Pacific - SF - Section 6 (RMMA MDA)","Catellus Austin LLC","Catellus Austin LLC","4400 Berkman Drive Unit D","78723","0217161401","9","Single Family","Ownership","Affordability Period Expired","1","1","0","0","0","0","0","0","0","0","0","1","0","0","12-20-2013","12-20-2014","1",,,,,"No","No","Yes","Master Development Agreement",,"No",,,,,,,,,,,,"-97.70059967","30.2968998"
"347","4307","Standard Pacific - SF - Section 6 (RMMA MDA)","Catellus Austin LLC","Catellus Austin LLC","4400 Berkman Drive Unit E","78723","0217161401","9","Single Family","Ownership","Affordability Period Expired","1","1","0","0","0","0","0","0","0","0","0","1","0","0","02-28-2014","02-28-2015","1",,,,,"No","No","Yes","Master Development Agreement",,"No",,,,,,,,,,,,"-97.70059967","30.2968998"
"347","4308","Standard Pacific - SF - Section 6 (RMMA MDA)","Catellus Austin LLC","Catellus Austin LLC","4400 Berkman Drive Unit F","78723","0217161401","9","Single Family","Ownership","Affordability Period Expired","1","1","0","0","0","0","0","0","0","0","0","1","0","0","01-10-2014","01-10-2015","1",,,,,"No","No","Yes","Master Development Agreement",,"No",,,,,,,,,,,,"-97.70059967","30.2968998"
"347","4309","Streetman - SF - Section 6 (RMMA MDA)","Catellus Austin LLC","Catellus Austin LLC","2001 Robert Browning Street","78723","0217161715","9","Single Family","Ownership","Affordability Period Expired","1","1","0","0","0","0","0","0","0","0","0","1","0","0","02-25-2013","02-25-2014","1",,,,,"No","No","Yes","Master Development Agreement",,"No",,,,,,,,,,,,"-97.70269775","30.29850006"
"347","4310","Streetman - SF - Section 6 (RMMA MDA)","Catellus Austin LLC","Catellus Austin LLC","2005 Robert Browning Street","78723","0217161716","9","Single Family","Ownership","Affordability Period Expired","1","1","0","0","0","0","0","0","0","0","0","1","0","0","09-06-2013","09-06-2014","1",,,,,"No","No","Yes","Master Development Agreement",,"No",,,,,,,,,,,,"-97.70259857","30.29850006"
"347","4311","Streetman - SF - Section 6 (RMMA MDA)","Catellus Austin LLC","Catellus Austin LLC","2009 Robert Browning Street","78723","0217161716","9","Single Family","Ownership","Affordability Period Expired","1","1","0","0","0","0","0","0","0","0","0","1","0","0","05-29-2013","05-29-2014","1",,,,,"No","No","Yes","Master Development Agreement",,"No",,,,,,,,,,,,"-97.70259857","30.29850006"
"347","4312","Streetman - SF - Section 6 (RMMA MDA)","Catellus Austin LLC","Catellus Austin LLC","2013 Robert Browning Street","78723","0217161718","9","Single Family","Ownership","Affordability Period Expired","1","1","0","0","0","0","0","0","0","0","0","1","0","0","04-15-2013","04-15-2014","1",,,,,"No","No","Yes","Master Development Agreement",,"No",,,,,,,,,,,,"-97.70249939","30.29850006"
"347","4313","Streetman - SF - Section 6 (RMMA MDA)","Catellus Austin LLC","Catellus Austin LLC","2017 Robert Browning Street","78723","0217161719","9","Single Family","Ownership","Affordability Period Expired","1","1","0","0","0","0","0","0","0","0","0","1","0","0","11-28-2013","11-28-2014","1",,,,,"No","No","Yes","Master Development Agreement",,"No",,,,,,,,,,,,"-97.70240021","30.29850006"
"347","4314","Streetman - SF - Section 6 (RMMA MDA)","Catellus Austin LLC","Catellus Austin LLC","2021 Robert Browning Street","78723","0217161720","9","Single Family","Ownership","Affordability Period Expired","1","1","0","0","0","0","0","0","0","0","0","1","0","0","02-27-2014","02-27-2015","1",,,,,"No","No","Yes","Master Development Agreement",,"No",,,,,,,,,,,,"-97.70230103","30.29850006"
"347","4315","Streetman - SF - Section 6 (RMMA MDA)","Catellus Austin LLC","Catellus Austin LLC","2025 Robert Browning Street","78723","0217161721","9","Single Family","Ownership","Affordability Period Expired","1","1","0","0","0","0","0","0","0","0","0","1","0","0","03-07-2014","03-07-2015","1",,,,,"No","No","Yes","Master Development Agreement",,"No",,,,,,,,,,,,"-97.70220184","30.29850006"
"347","4316","Streetman - SF - Section 6 (RMMA MDA)","Catellus Austin LLC","Catellus Austin LLC","2029 Robert Browning Street","78723","0217161722","9","Single Family","Ownership","Affordability Period Expired","1","1","0","0","0","0","0","0","0","0","0","1","0","0","11-28-2013","11-28-2014","1",,,,,"No","No","Yes","Master Development Agreement",,"No",,,,,,,,,,,,"-97.70210266","30.29850006"
"347","4317","Streetman - SF - Section 6 (RMMA MDA)","Catellus Austin LLC","Catellus Austin LLC","2117 Robert Browning Street","78723","0217161910","9","Single Family","Ownership","Affordability Period Expired","1","1","0","0","0","0","0","0","0","0","0","1","0","0","01-29-2014","01-29-2015","1",,,,,"No","No","Yes","Master Development Agreement",,"No",,,,,,,,,,,,"-97.70110321","30.29850006"
"347","4318","Streetman - SF - Section 6 (RMMA MDA)","Catellus Austin LLC","Catellus Austin LLC","2121 Robert Browning Street","78723","0217161911","9","Single Family","Ownership","Affordability Period Expired","1","1","0","0","0","0","0","0","0","0","0","1","0","0","02-03-2014","02-03-2015","1",,,,,"No","No","Yes","Master Development Agreement",,"No",,,,,,,,,,,,"-97.7009964","30.29850006"
"347","4319","Streetman - SF - Section 6 (RMMA MDA)","Catellus Austin LLC","Catellus Austin LLC","2125 Robert Browning Street","78723","0217161911","9","Single Family","Ownership","Affordability Period Expired","1","1","0","0","0","0","0","0","0","0","0","1","0","0","10-29-2013","10-29-2014","1",,,,,"No","No","Yes","Master Development Agreement",,"No",,,,,,,,,,,,"-97.700993","30.298497"
"347","4320","Streetman - SF - Section 6 (RMMA MDA)","Catellus Austin LLC","Catellus Austin LLC","2129 Robert Browning Street","78723","0217161912","9","Single Family","Ownership","Affordability Period Expired","1","1","0","0","0","0","0","0","0","0","0","1","0","0","02-27-2014","02-27-2015","1",,,,,"No","No","Yes","Master Development Agreement",,"No",,,,,,,,,,,,"-97.70089722","30.29850006"
"347","4321","Streetman - SF - Section 6 (RMMA MDA)","Catellus Austin LLC","Catellus Austin LLC","2144 Robert Browning Street","78723","0219160517","9","Single Family","Ownership","Affordability Period Expired","1","1","0","0","0","0","0","0","0","0","0","1","0","0","09-29-2014","09-29-2015","1",,,,,"No","No","Yes","Master Development Agreement",,"No",,,,,,,,,,,,"-97.70050049","30.29879951"
"347","4322","Streetman - SF - Section 6 (RMMA MDA)","Catellus Austin LLC","Catellus Austin LLC","2140 Robert Browning Street","78723","0219160518","9","Single Family","Ownership","Affordability Period Expired","1","1","0","0","0","0","0","0","0","0","0","1","0","0","09-26-2014","09-26-2015","1",,,,,"No","No","Yes","Master Development Agreement",,"No",,,,,,,,,,,,"-97.70059967","30.29879951"
"347","4323","Streetman - SF - Section 6 (RMMA MDA)","Catellus Austin LLC","Catellus Austin LLC","2136 Robert Browning Street","78723","0219160519","9","Single Family","Ownership","Affordability Period Expired","1","1","0","0","0","0","0","0","0","0","0","1","0","0","09-29-2014","09-29-2015","1",,,,,"No","No","Yes","Master Development Agreement",,"No",,,,,,,,,,,,"-97.70069885","30.29879951"
"347","4324","Streetman - SF - Section 6 (RMMA MDA)","Catellus Austin LLC","Catellus Austin LLC","2132 Robert Browning Street","78723","0219160520","9","Single Family","Ownership","Affordability Period Expired","1","1","0","0","0","0","0","0","0","0","0","1","0","0","09-29-2014","09-29-2015","1",,,,,"No","No","Yes","Master Development Agreement",,"No",,,,,,,,,,,,"-97.70079803","30.29879951"
"347","4325","Streetman - SF - Section 6 (RMMA MDA)","Catellus Austin LLC","Catellus Austin LLC","2128 Robert Browning Street","78723","0219160521","9","Single Family","Ownership","Affordability Period Expired","1","1","0","0","0","0","0","0","0","0","0","1","0","0","08-15-2014","08-15-2015","1",,,,,"No","No","Yes","Master Development Agreement",,"No",,,,,,,,,,,,"-97.70089722","30.29879951"
"347","4326","Streetman - SF - Section 6 (RMMA MDA)","Catellus Austin LLC","Catellus Austin LLC","2124 Robert Browning Street","78723","0219160523","9","Single Family","Ownership","Affordability Period Expired","1","1","0","0","0","0","0","0","0","0","0","1","0","0","08-22-2014","08-22-2015","1",,,,,"No","No","Yes","Master Development Agreement",,"No",,,,,,,,,,,,"-97.7009964","30.29879951"
"347","4327","Streetman - SF - Section 6 (RMMA MDA)","Catellus Austin LLC","Catellus Austin LLC","2120 Robert Browning Street","78723","0219160523","9","Single Family","Ownership","Affordability Period Expired","1","1","0","0","0","0","0","0","0","0","0","1","0","0","07-31-2014","07-31-2015","1",,,,,"No","No","Yes","Master Development Agreement",,"No",,,,,,,,,,,,"-97.7009964","30.29879951"
"347","4328","Streetman - SF - Section 6 (RMMA MDA)","Catellus Austin LLC","Catellus Austin LLC","2116 Robert Browning Street","78723","0219160524","9","Single Family","Ownership","Affordability Period Expired","1","1","0","0","0","0","0","0","0","0","0","1","0","0","08-01-2014","08-01-2015","1",,,,,"No","No","Yes","Master Development Agreement",,"No",,,,,,,,,,,,"-97.70110321","30.29879951"
"347","4329","Streetman - SF - Section 6 (RMMA MDA)","Catellus Austin LLC","Catellus Austin LLC","2028 Robert Browning Street","78723","0217161502","9","Single Family","Ownership","Affordability Period Expired","1","1","0","0","0","0","0","0","0","0","0","1","0","0","05-27-2014","05-27-2015","1",,,,,"No","No","Yes","Master Development Agreement",,"No",,,,,,,,,,,,"-97.70220184","30.29879951"
"347","4330","Streetman - SF - Section 6 (RMMA MDA)","Catellus Austin LLC","Catellus Austin LLC","2024 Robert Browning Street","78723","0217161502","9","Single Family","Ownership","Affordability Period Expired","1","1","0","0","0","0","0","0","0","0","0","1","0","0","05-30-2014","05-30-2015","1",,,,,"No","No","Yes","Master Development Agreement",,"No",,,,,,,,,,,,"-97.70220184","30.29879951"
"347","4331","Streetman - SF - Section 6 (RMMA MDA)","Catellus Austin LLC","Catellus Austin LLC","2020 Robert Browning Street","78723","0217161503","9","Single Family","Ownership","Affordability Period Expired","1","1","0","0","0","0","0","0","0","0","0","1","0","0","06-20-2014","06-20-2015","1",,,,,"No","No","Yes","Master Development Agreement",,"No",,,,,,,,,,,,"-97.70230103","30.29879951"
"347","4332","Streetman - SF - Section 6 (RMMA MDA)","Catellus Austin LLC","Catellus Austin LLC","2016 Robert Browning Street","78723","0217161504","9","Single Family","Ownership","Affordability Period Expired","1","1","0","0","0","0","0","0","0","0","0","1","0","0","05-30-2014","05-30-2015","1",,,,,"No","No","Yes","Master Development Agreement",,"No",,,,,,,,,,,,"-97.70240021","30.29879951"
"347","4344","Streetman - SF - Section 6 (RMMA MDA)","Catellus Austin LLC","Catellus Austin LLC","2012 Robert Browning Street","78723","0217161505","9","Single Family","Ownership","Affordability Period Expired","1","1","0","0","0","0","0","0","0","0","0","1","0","0","04-15-2014","04-15-2015","1",,,,,"No","No","Yes","Master Development Agreement",,"No",,,,,,,,,,,,"-97.70249939","30.29879951"
"347","4345","Streetman - SF - Section 6 (RMMA MDA)","Catellus Austin LLC","Catellus Austin LLC","2008 Robert Browning Street","78723","0217161507","9","Single Family","Ownership","Affordability Period Expired","1","1","0","0","0","0","0","0","0","0","0","1","0","0","05-12-2014","05-12-2015","1",,,,,"No","No","Yes","Master Development Agreement",,"No",,,,,,,,,,,,"-97.70259857","30.29879951"
"347","4346","Streetman - SF - Section 6 (RMMA MDA)","Catellus Austin LLC","Catellus Austin LLC","2004 Robert Browning Street","78723","0217161507","9","Single Family","Ownership","Affordability Period Expired","1","1","0","0","0","0","0","0","0","0","0","1","0","0","04-30-2014","04-30-2015","1",,,,,"No","No","Yes","Master Development Agreement",,"No",,,,,,,,,,,,"-97.70259857","30.29879951"
"347","4347","Streetman - SF - Section 6 (RMMA MDA)","Catellus Austin LLC","Catellus Austin LLC","2000 Robert Browning Street","78723","0217161508","9","Single Family","Ownership","Affordability Period Expired","1","1","0","0","0","0","0","0","0","0","0","1","0","0","04-30-2014","04-30-2015","1",,,,,"No","No","Yes","Master Development Agreement",,"No",,,,,,,,,,,,"-97.70269775","30.29879951"
"347","4348","Streetman - SF - Section 6 (RMMA MDA)","Catellus Austin LLC","Catellus Austin LLC","4608 Page Street","78723","0219160428","9","Single Family","Ownership","Affordability Period Expired","1","1","0","0","0","0","0","0","0","0","0","1","0","0","12-12-2014","12-12-2015","1",,,,,"No","No","Yes","Master Development Agreement",,"No",,,,,,,,,,,,"-97.70140076","30.29910088"
"347","4349","Streetman - SF - Section 6 (RMMA MDA)","Catellus Austin LLC","Catellus Austin LLC","4616 Page Street","78723","0219160427","9","Single Family","Ownership","Affordability Period Expired","1","1","0","0","0","0","0","0","0","0","0","1","0","0","12-12-2014","12-12-2015","1",,,,,"No","No","Yes","Master Development Agreement",,"No",,,,,,,,,,,,"-97.70140076","30.29920006"
"347","4350","Streetman - SF - Section 6 (RMMA MDA)","Catellus Austin LLC","Catellus Austin LLC","4609 Ruiz Street","78723","0219160424","9","Single Family","Ownership","Affordability Period Expired","1","1","0","0","0","0","0","0","0","0","0","1","0","0","12-23-2014","12-23-2015","1",,,,,"No","No","Yes","Master Development Agreement",,"No",,,,,,,,,,,,"-97.70189667","30.29910088"
"347","4351","Streetman - SF - Section 6 (RMMA MDA)","Catellus Austin LLC","Catellus Austin LLC","4617 Ruiz Street","78723","0219160424","9","Single Family","Ownership","Affordability Period Expired","1","1","0","0","0","0","0","0","0","0","0","1","0","0","12-23-2014","12-23-2015","1",,,,,"No","No","Yes","Master Development Agreement",,"No",,,,,,,,,,,,"-97.70189667","30.29920006"
"347","4352","David Weekley - SF - Section 6 (RMMA MDA)","Catellus Austin LLC","Catellus Austin LLC","2108 McBee Street","78723","0217161802","9","Single Family","Ownership","Affordability Period Expired","1","1","0","0","0","0","0","0","0","0","0","1","0","0","04-24-2013","04-24-2014","1",,,,,"No","No","Yes","Master Development Agreement",,"No",,,,,,,,,,,,"-97.70140076","30.29750061"
"347","4353","David Weekley - SF - Section 6 (RMMA MDA)","Catellus Austin LLC","Catellus Austin LLC","2104 McBee Street","78723","0217161803","9","Single Family","Ownership","Affordability Period Expired","1","1","0","0","0","0","0","0","0","0","0","1","0","0","05-15-2013","05-15-2014","1",,,,,"No","No","Yes","Master Development Agreement",,"No",,,,,,,,,,,,"-97.70149994","30.29750061"
"347","4354","David Weekley - SF - Section 6 (RMMA MDA)","Catellus Austin LLC","Catellus Austin LLC","2100 McBee Street","78723","0217161804","9","Single Family","Ownership","Affordability Period Expired","1","1","0","0","0","0","0","0","0","0","0","1","0","0","03-15-2013","03-15-2014","1",,,,,"No","No","Yes","Master Development Agreement",,"No",,,,,,,,,,,,"-97.70159912","30.29750061"
"347","4355","David Weekley - SF - Section 6 (RMMA MDA)","Catellus Austin LLC","Catellus Austin LLC","2028 McBee Street","78723","0217161805","9","Single Family","Ownership","Affordability Period Expired","1","1","0","0","0","0","0","0","0","0","0","1","0","0","12-28-2012","12-28-2013","1",,,,,"No","No","Yes","Master Development Agreement",,"No",,,,,,,,,,,,"-97.7016983","30.29750061"
"347","4356","David Weekley - SF - Section 6 (RMMA MDA)","Catellus Austin LLC","Catellus Austin LLC","2024 McBee Street","78723","0217161806","9","Single Family","Ownership","Affordability Period Expired","1","1","0","0","0","0","0","0","0","0","0","1","0","0","01-24-2013","01-24-2014","1",,,,,"No","No","Yes","Master Development Agreement",,"No",,,,,,,,,,,,"-97.70179749","30.29750061"
"347","4358","David Weekley - SF - Section 6 (RMMA MDA)","Catellus Austin LLC","Catellus Austin LLC","4516 Page Street","78723","0217161810","9","Single Family","Ownership","Affordability Period Expired","1","1","0","0","0","0","0","0","0","0","0","1","0","0","04-23-2013","04-23-2014","1",,,,,"No","No","Yes","Master Development Agreement",,"No",,,,,,,,,,,,"-97.70149994","30.29770088"
"347","4359","David Weekley - SF - Section 6 (RMMA MDA)","Catellus Austin LLC","Catellus Austin LLC","4517 Ruiz Street","78723","0217161812","9","Single Family","Ownership","Affordability Period Expired","1","1","0","0","0","0","0","0","0","0","0","1","0","0","02-15-2013","02-15-2014","1",,,,,"No","No","Yes","Master Development Agreement",,"No",,,,,,,,,,,,"-97.7016983","30.29770088"
"347","4360","David Weekley - SF - Section 6 (RMMA MDA)","Catellus Austin LLC","Catellus Austin LLC","4525 Ruiz Street","78723","0217161817","9","Single Family","Ownership","Affordability Period Expired","1","1","0","0","0","0","0","0","0","0","0","1","0","0","02-22-2013","02-22-2014","1",,,,,"No","No","Yes","Master Development Agreement",,"No",,,,,,,,,,,,"-97.70179749","30.29800034"
"347","4361","David Weekley - SF - Section 6 (RMMA MDA)","Catellus Austin LLC","Catellus Austin LLC","4524 Page Street","78723","0217161819","9","Single Family","Ownership","Affordability Period Expired","1","1","0","0","0","0","0","0","0","0","0","1","0","0","03-15-2013","03-15-2014","1",,,,,"No","No","Yes","Master Development Agreement",,"No",,,,,,,,,,,,"-97.70159912","30.29800034"
"347","4362","David Weekley - SF - Section 6 (RMMA MDA)","Catellus Austin LLC","Catellus Austin LLC","4532 Page Street","78723","0217161822","9","Single Family","Ownership","Affordability Period Expired","1","1","0","0","0","0","0","0","0","0","0","1","0","0","04-26-2013","04-26-2014","1",,,,,"No","No","Yes","Master Development Agreement",,"No",,,,,,,,,,,,"-97.70140076","30.29800034"
"347","4363","David Weekley - SF - Section 6 (RMMA MDA)","Catellus Austin LLC","Catellus Austin LLC","4624 Page Street","78723","0219160417","9","Single Family","Ownership","Affordability Period Expired","1","1","0","0","0","0","0","0","0","0","0","1","0","0","06-26-2013","06-26-2014","1",,,,,"No","No","Yes","Master Development Agreement",,"No",,,,,,,,,,,,"-97.70149994","30.29929924"
"347","4364","David Weekley - SF - Section 6 (RMMA MDA)","Catellus Austin LLC","Catellus Austin LLC","4632 Page Street","78723","0219160420","9","Single Family","Ownership","Affordability Period Expired","1","1","0","0","0","0","0","0","0","0","0","1","0","0","11-20-2013","11-20-2014","1",,,,,"No","No","Yes","Master Development Agreement",,"No",,,,,,,,,,,,"-97.7016983","30.29929924"
"347","4365","David Weekley - SF - Section 6 (RMMA MDA)","Catellus Austin LLC","Catellus Austin LLC","4625 Ruiz Street","78723","0219160421","9","Single Family","Ownership","Affordability Period Expired","1","1","0","0","0","0","0","0","0","0","0","1","0","0","03-31-2014","03-31-2015","1",,,,,"No","No","Yes","Master Development Agreement",,"No",,,,,,,,,,,,"-97.70179749","30.29929924"
"347","4366","David Weekley - SF - Section 6 (RMMA MDA)","Catellus Austin LLC","Catellus Austin LLC","4633 Ruiz Street","78723","0219160411","9","Single Family","Ownership","Affordability Period Expired","1","1","0","0","0","0","0","0","0","0","0","1","0","0","12-20-2013","12-20-2014","1",,,,,"No","No","Yes","Master Development Agreement",,"No",,,,,,,,,,,,"-97.7016983","30.2996006"
"347","4367","David Weekley - SF - Section 6 (RMMA MDA)","Catellus Austin LLC","Catellus Austin LLC","4640 Page Street","78723","0219160412","9","Single Family","Ownership","Affordability Period Expired","1","1","0","0","0","0","0","0","0","0","0","1","0","0","11-08-2013","11-08-2014","1",,,,,"No","No","Yes","Master Development Agreement",,"No",,,,,,,,,,,,"-97.70159912","30.2996006"
"347","4368","David Weekley - SF - Section 6 (RMMA MDA)","Catellus Austin LLC","Catellus Austin LLC","2109 Philomena Street","78723","0219160303","9","Single Family","Ownership","Affordability Period Expired","1","1","0","0","0","0","0","0","0","0","0","1","0","0","07-15-2013","07-15-2014","1",,,,,"No","No","Yes","Master Development Agreement",,"No",,,,,,,,,,,,"-97.70149994","30.29990005"
"347","4369","David Weekley - SF - Section 6 (RMMA MDA)","Catellus Austin LLC","Catellus Austin LLC","2105 Philomena Street","78723","0219160405","9","Single Family","Ownership","Affordability Period Expired","1","1","0","0","0","0","0","0","0","0","0","1","0","0","09-30-2013","09-30-2014","1",,,,,"No","No","Yes","Master Development Agreement",,"No",,,,,,,,,,,,"-97.70159912","30.29980087"
"347","4370","David Weekley - SF - Section 6 (RMMA MDA)","Catellus Austin LLC","Catellus Austin LLC","2101 Philomena Street","78723","0219160404","9","Single Family","Ownership","Affordability Period Expired","1","1","0","0","0","0","0","0","0","0","0","1","0","0","11-14-2013","11-14-2014","1",,,,,"No","No","Yes","Master Development Agreement",,"No",,,,,,,,,,,,"-97.7016983","30.29980087"
"347","4372","David Weekley - SF - Section 6 (RMMA MDA)","Catellus Austin LLC","Catellus Austin LLC","2041 Philomena Street","78723","0219160403","9","Single Family","Ownership","Affordability Period Expired","1","1","0","0","0","0","0","0","0","0","0","1","0","0","02-28-2014","02-28-2015","1",,,,,"No","No","Yes","Master Development Agreement",,"No",,,,,,,,,,,,"-97.70179749","30.29980087"
"347","4373","David Weekley - SF - Section 6 (RMMA MDA)","Catellus Austin LLC","Catellus Austin LLC","2037 Philomena Street","78723","0219160403","9","Single Family","Ownership","Affordability Period Expired","1","1","0","0","0","0","0","0","0","0","0","1","0","0","04-04-2014","04-04-2015","1",,,,,"No","No","Yes","Master Development Agreement",,"No",,,,,,,,,,,,"-97.70179749","30.29980087"
"347","4374","David Weekley - SF - Section 6 (RMMA MDA)","Catellus Austin LLC","Catellus Austin LLC","2001 Philomena Street","78723","0219160301","9","Single Family","Ownership","Affordability Period Expired","1","1","0","0","0","0","0","0","0","0","0","1","0","0","12-30-2013","12-30-2014","1",,,,,"No","No","Yes","Master Development Agreement",,"No",,,,,,,,,,,,"-97.70279694","30.29980087"
"347","4375","David Weekley - SF - Section 6 (RMMA MDA)","Catellus Austin LLC","Catellus Austin LLC","2005 Philomena Street","78723","0219160302","9","Single Family","Ownership","Affordability Period Expired","1","1","0","0","0","0","0","0","0","0","0","1","0","0","12-30-2013","12-30-2014","1",,,,,"No","No","Yes","Master Development Agreement",,"No",,,,,,,,,,,,"-97.70269775","30.29980087"
"347","4376","David Weekley - SF - Section 6 (RMMA MDA)","Catellus Austin LLC","Catellus Austin LLC","2009 Philomena Street","78723","0219160303","9","Single Family","Ownership","Affordability Period Expired","1","1","0","0","0","0","0","0","0","0","0","1","0","0","12-30-2013","12-30-2014","1",,,,,"No","No","Yes","Master Development Agreement",,"No",,,,,,,,,,,,"-97.70259857","30.29980087"
"347","4377","David Weekley - SF - Section 6 (RMMA MDA)","Catellus Austin LLC","Catellus Austin LLC","2013 Philomena Street","78723","0219160304","9","Single Family","Ownership","Affordability Period Expired","1","1","0","0","0","0","0","0","0","0","0","1","0","0","12-30-2013","12-30-2014","1",,,,,"No","No","Yes","Master Development Agreement",,"No",,,,,,,,,,,,"-97.70249939","30.29980087"
"347","4378","David Weekley - SF - Section 6 (RMMA MDA)","Catellus Austin LLC","Catellus Austin LLC","2017 Philomena Street","78723","0219160305","9","Single Family","Ownership","Affordability Period Expired","1","1","0","0","0","0","0","0","0","0","0","1","0","0","12-20-2013","12-20-2014","1",,,,,"No","No","Yes","Master Development Agreement",,"No",,,,,,,,,,,,"-97.70240021","30.29980087"
"347","4379","David Weekley - SF - Section 6 (RMMA MDA)","Catellus Austin LLC","Catellus Austin LLC","2021 Philomena Street","78723","0219160306","9","Single Family","Ownership","Affordability Period Expired","1","1","0","0","0","0","0","0","0","0","0","1","0","0","11-26-2013","11-26-2014","1",,,,,"No","No","Yes","Master Development Agreement",,"No",,,,,,,,,,,,"-97.70230103","30.29980087"
"347","4380","David Weekley - SF - Section 6 (RMMA MDA)","Catellus Austin LLC","Catellus Austin LLC","2025 Philomena Street","78723","0219160306","9","Single Family","Ownership","Affordability Period Expired","1","1","0","0","0","0","0","0","0","0","0","1","0","0","11-26-2013","11-26-2014","1",,,,,"No","No","Yes","Master Development Agreement",,"No",,,,,,,,,,,,"-97.70230103","30.29980087"
"347","4381","David Weekley - SF - Section 6 (RMMA MDA)","Catellus Austin LLC","Catellus Austin LLC","2029 Philomena Street","78723","0219160308","9","Single Family","Ownership","Affordability Period Expired","1","1","0","0","0","0","0","0","0","0","0","1","0","0","11-26-2013","11-26-2014","1",,,,,"No","No","Yes","Master Development Agreement",,"No",,,,,,,,,,,,"-97.70220184","30.29980087"
"347","4382","David Weekley - SF - Section 6 (RMMA MDA)","Catellus Austin LLC","Catellus Austin LLC","2117 Philomena Street","78723","0219160501","9","Single Family","Ownership","Affordability Period Expired","1","1","0","0","0","0","0","0","0","0","0","1","0","0","09-27-2013","09-27-2014","1",,,,,"No","No","Yes","Master Development Agreement",,"No",,,,,,,,,,,,"-97.70120239","30.29990005"
"347","4383","David Weekley - SF - Section 6 (RMMA MDA)","Catellus Austin LLC","Catellus Austin LLC","2121 Philomena Street","78723","0219160502","9","Single Family","Ownership","Affordability Period Expired","1","1","0","0","0","0","0","0","0","0","0","1","0","0","12-27-2013","12-27-2014","1",,,,,"No","No","Yes","Master Development Agreement",,"No",,,,,,,,,,,,"-97.70110321","30.29990005"
"347","4384","David Weekley - SF - Section 6 (RMMA MDA)","Catellus Austin LLC","Catellus Austin LLC","2125 Philomena Street","78723","0219160503","9","Single Family","Ownership","Affordability Period Expired","1","1","0","0","0","0","0","0","0","0","0","1","0","0","09-27-2013","09-27-2014","1",,,,,"No","No","Yes","Master Development Agreement",,"No",,,,,,,,,,,,"-97.7009964","30.29990005"
"347","4385","David Weekley - SF - Section 6 (RMMA MDA)","Catellus Austin LLC","Catellus Austin LLC","2129 Philomena Street","78723","0219160504","9","Single Family","Ownership","Affordability Period Expired","1","1","0","0","0","0","0","0","0","0","0","1","0","0","11-26-2013","11-26-2014","1",,,,,"No","No","Yes","Master Development Agreement",,"No",,,,,,,,,,,,"-97.70089722","30.29990005"
"347","4386","David Weekley - SF - Section 6 (RMMA MDA)","Catellus Austin LLC","Catellus Austin LLC","2133 Philomena Street","78723","0219160505","9","Single Family","Ownership","Affordability Period Expired","1","1","0","0","0","0","0","0","0","0","0","1","0","0","11-01-2013","11-01-2014","1",,,,,"No","No","Yes","Master Development Agreement",,"No",,,,,,,,,,,,"-97.70079803","30.29990005"
"347","4387","David Weekley - SF - Section 6 (RMMA MDA)","Catellus Austin LLC","Catellus Austin LLC","2137 Philomena Street","78723","0217161915","9","Single Family","Ownership","Affordability Period Expired","1","1","0","0","0","0","0","0","0","0","0","1","0","0","11-08-2013","11-08-2014","1",,,,,"No","No","Yes","Master Development Agreement",,"No",,,,,,,,,,,,"-97.70069885","30.29990005"
"347","4388","David Weekley - SF - Section 6 (RMMA MDA)","Catellus Austin LLC","Catellus Austin LLC","2141 Philomena Street","78723","0217161916","9","Single Family","Ownership","Affordability Period Expired","1","1","0","0","0","0","0","0","0","0","0","1","0","0","11-01-2013","11-01-2014","1",,,,,"No","No","Yes","Master Development Agreement",,"No",,,,,,,,,,,,"-97.70069885","30.29990005"
"347","4389","David Weekley - SF - Section 6 (RMMA MDA)","Catellus Austin LLC","Catellus Austin LLC","2145 Philomena Street","78723","0217161917","9","Single Family","Ownership","Affordability Period Expired","1","1","0","0","0","0","0","0","0","0","0","1","0","0","11-01-2013","11-01-2014","1",,,,,"No","No","Yes","Master Development Agreement",,"No",,,,,,,,,,,,"-97.70059967","30.29990005"
"347","4396","Streetman - SF - Section 4 (RMMA MDA)","Catellus Austin LLC","Catellus Austin LLC","4217 Camacho Street","78723","0217130519","9","Single Family","Ownership","Project Completed","39","0","0","0","0","0","0","0","0","0","0","0","0","0",,"12-30-3799","0",,,,,"No","No","Yes","Master Development Agreement",,"No",,,,,,,,,,,,"-97.70480347","30.29509926"
"347","4397","Standard Pacific - SF - Section 5 (RMMA MDA)","Catellus Austin LLC","Catellus Austin LLC","2704 Tom Miller Street","78723","0215161404","9","Single Family","Ownership","Project Completed","49","0","0","0","0","0","0","0","0","0","0","0","0","0",,"12-30-3799","0",,,,,"No","No","Yes","Master Development Agreement",,"No",,,,,,,,,,,,"-97.70149994","30.29010001"
"347","4398","Standard Pacific - SF - Section 6 (RMMA MDA)","Catellus Austin LLC","Catellus Austin LLC","4416 Berkman Drive Unit B","78723","0217161401","9","Single Family","Ownership","Affordability Period Expired","1","1","0","0","0","0","0","0","0","0","0","1","0","0","01-09-2014","01-09-2015","1",,,,,"No","No","Yes","Master Development Agreement",,"No",,,,,,,,,,,,"-97.70059967","30.29710007"
"347","4399","Standard Pacific - SF - Section 7 (RMMA MDA)","Catellus Austin LLC","Catellus Austin LLC","2815 Zach Scott Street","78723","0217162323","9","Single Family","Ownership","Affordability Period Expired","1","1","0","0","0","0","0","0","0","0","0","1","0","0","03-29-2016","03-29-2017","1",,,,,"No","No","Yes","Master Development Agreement",,"No",,,,,,,,,,,,"-97.69650269","30.2942009"
"347","4400","David Weekley - SF - Section 7 (RMMA MDA)","Catellus Austin LLC","Catellus Austin LLC","2703 Sorin Street","78723","0215162802","9","Single Family","Ownership","Affordability Period Expired","1","1","0","0","0","0","0","0","0","0","0","1","0","0","02-25-2015","02-25-2016","1",,,,,"No","No","Yes","Master Development Agreement",,"No",,,,,,,,,,,,"-97.69650269","30.29269981"
"321","4404","The Park at Estancia","SLF III Onion Creek LP","Estancia Villas LLC","820 Camino Vaquero Parkway","78652","0448180217","5","Multifamily","Rental","Project Completed","320","32","0","0","0","0","0","0","32","0","0","0","0","0","12-19-2019","12-19-2059","40",,,,,"No","No","No","PUD Development Agreement",,"No",,,,,,,,,,,,"-97.80470248","30.12426713"
"130","4405","1141 Shady Lane Mixed Use","ThinkEast Austin MGT","ThinkEast Austin MGT","1141 Shady Lane","78721","0204190405","3","Multifamily","Rental","Project Completed","3","2","0","0","0","0","0","0","1","0","0","1","0","0","08-10-2021","08-10-2031","10",,,,,"No","No","Yes","PUD Development Agreement",,"No",,,,,,,,,,,,"-97.690803","30.262632"
"404","4408","AMLI on 2nd","City of Austin","Amli Residential","421 W 3rd Street","78701","0205010101","9","Multifamily","Rental","Affordability Period Expired","231","12","0","0","0","0","0","0","0","0","0","12","0","0","11-09-2007","11-09-2022","15",,,,,"No","No","No","Ground Lease",,"No",,,,,,,,,,,,"-97.748074","30.266143"
"301","4412","Colony Park (PUD)","Austin Housing Finance Corporation","Austin Housing Finance Corporation","Loyola Ln","78724","0218310513","1","Single Family","Ownership","Certified","824","165","0","0","0","0","0","0","0","0","0","165","0","0",,"12-30-1998","99",,,,,"No","No","Yes","PUD Development Agreement",,"No",,,,,,,,,,,,"-97.633418","30.295864"
"420","4475","Orchard Plaza","1209 East Apartments/Yellow 52 Investments","Unknown","1127 E 52nd Street","78723","0221130230","4","Multifamily","Rental","Project Completed","0","0","0","0","0","0","0","0","0","0","0","0","0","0",,"12-30-1914","15",,,,,"No","No","No","Voluntary Restriction",,"No",,,,,,,,,,,,"-97.707725","30.30916"
"420","4476","Orchard Plaza","1209 East Apartments/Yellow 52 Investments","Unknown","1205 E 52nd Street","78723","0221130231","4","Multifamily","Rental","Project Completed","0","0","0","0","0","0","0","0","0","0","0","0","0","0",,"12-30-1914","15",,,,,"No","No","No","Voluntary Restriction",,"No",,,,,,,,,,,,"-97.707429","30.30906"
"420","4477","1209 East Apartments","1209 East Apartments/Yellow 52 Investments","Unknown","1209 E 52nd Street","78723","0221130240","4","Multifamily","Rental","Project Completed","6","6","0","0","0","0","0","0","6","0","0","0","0","0","12-16-2017","12-16-2032","15",,,,,"No","No","No","Voluntary Restriction",,"No",,,,,,,,,,,,"-97.707158","30.308847"
"420","4478","Yellowstone Apartments","1209 East Apartments/Yellow 52 Investments","Unknown","1215 E 52nd Street","78723","0221130237","4","Multifamily","Rental","Project Completed","16","16","0","0","0","0","0","0","16","0","0","0","0","0","12-16-2017","12-16-2032","15",,,,,"No","No","No","Voluntary Restriction",,"No",,,,,,,,,,,,"-97.706658","30.30867"
"420","4479","1109 E 52nd Street","1209 East Apartments/Yellow 52 Investments","Unknown","1109 E 52nd Street","78723","0221130246","4","Non-Residential","Ownership","Project Completed","0","0","0","0","0","0","0","0","0","0","0","0","0","0",,"12-30-1914","15",,,,,"No","No","No","Voluntary Restriction",,"No",,,,,,,,,,,,"-97.708704","30.309465"
"420","4480","1126 E 51st Street","1209 East Apartments/Yellow 52 Investments","Unknown","1126 E 51st Street","78723","0221130234","4","Non-Residential","Ownership","Project Completed","0","0","0","0","0","0","0","0","0","0","0","0","0","0",,"12-30-3799","0",,,,,"No","No","No","Voluntary Restriction",,"No",,,,,,,,,,,,"-97.70808","30.308716"
"420","4481","1200 E 51st Street","1209 East Apartments/Yellow 52 Investments","Unknown","1200 E 51st Street","78723","0221130222","4","Non-Residential","Ownership","Project Completed","0","0","0","0","0","0","0","0","0","0","0","0","0","0",,"12-30-3799","0",,,,,"No","No","No","Voluntary Restriction",,"No",,,,,,,,,,,,"-97.70788","30.30853"
"321","4536","Enclave at Estancia - Phase III (Lennar Homes)","SLF III Onion Creek LP","Estancia Villas LLC","Multiple Addresses","78748","0449150901","5","Single Family","Ownership","Project Completed","81","0","0","0","0","0","0","0","0","0","0","0","0","0",,"12-30-3799","0",,,,,"No","No","No","PUD Development Agreement",,"No",,,,,,,,,,,,"-97.807296","30.124392"
"321","4537","Enclave at Estancia - Phase II (Lennar Homes)","SLF III Onion Creek LP","Estancia Villas LLC","Multiple Addresses","78748","0449150901","5","Single Family","Ownership","Project Completed","83","0","0","0","0","0","0","0","0","0","0","0","0","0",,"12-30-3799","0",,,,,"No","No","No","PUD Development Agreement",,"No",,,,,,,,,,,,"-97.807296","30.124392"
"321","4538","Enclave at Estancia - Phase I (Lennar Homes)","SLF III Onion Creek LP","Estancia Villas LLC","Multiple Addresses","78748","0449150901","5","Single Family","Ownership","Project Completed","75","0","0","0","0","0","0","0","0","0","0","0","0","0",,"12-30-3799","0",,,,,"No","No","No","PUD Development Agreement",,"No",,,,,,,,,,,,"-97.807296","30.124392"
"431","4548","Davenport Ranch West (PUD)","Brandywine Acquisition Partners LP","360 Development LLC","800 N CAPITAL OF TEXAS HIGHWAY SB (multiple addresses)","78746","0126270509","10","Single Family","Ownership","Project Completed","46","3","0","0","0","0","0","0","3","0","0","0","0","0","04-03-2024","04-03-2123","99",,,,,"No","No","No","PUD Development Agreement",,"No",,,,,,,,,,,,"-97.811745","30.329657"
"347","4550","David Weekley - SF - Section 10 (RMMA MDA)","Catellus Austin LLC","Catellus Austin LLC","4322 Stromqust Street","78723","0217163719","9","Single Family","Ownership","Project Completed","1","0","0","0","0","0","0","0","0","0","0","0","0","0",,"12-30-3799","0",,,,,"No","No","Yes","Master Development Agreement",,"No",,,,,,,,,,,,"-97.696767","30.295077"
"347","4552","David Weekley - SF - Section 10 (RMMA MDA)","Catellus Austin LLC","Catellus Austin LLC","4320 Stromqust Street","78723","0217163720","9","Single Family","Ownership","Project Completed","1","0","0","0","0","0","0","0","0","0","0","0","0","0",,"12-30-3799","0",,,,,"No","No","Yes","Master Development Agreement",,"No",,,,,,,,,,,,"-97.696767","30.295077"
"347","4553","David Weekley - SF - Section 10 (RMMA MDA)","Catellus Austin LLC","Catellus Austin LLC","4318 Stromqust Street","78723","0217163721","9","Single Family","Ownership","Project Completed","1","0","0","0","0","0","0","0","0","0","0","0","0","0",,"12-30-3799","0",,,,,"No","No","Yes","Master Development Agreement",,"No",,,,,,,,,,,,"-97.696767","30.295077"
"347","4554","David Weekley - SF - Section 10 (RMMA MDA)","Catellus Austin LLC","Catellus Austin LLC","4316 Stromquist Street","78723","0217163722","9","Single Family","Ownership","Project Completed","1","0","0","0","0","0","0","0","0","0","0","0","0","0",,"12-30-3799","0",,,,,"No","No","Yes","Master Development Agreement",,"No",,,,,,,,,,,,"-97.696767","30.295077"
"347","4555","David Weekley - SF - Section 10 (RMMA MDA)","Catellus Austin LLC","Catellus Austin LLC","4314 Stromquist Street","78723","0217163723","9","Single Family","Ownership","Project Completed","1","0","0","0","0","0","0","0","0","0","0","0","0","0",,"12-30-3799","0",,,,,"No","No","Yes","Master Development Agreement",,"No",,,,,,,,,,,,"-97.696767","30.295077"
"347","4556","David Weekley - SF - Section 10 (RMMA MDA)","Catellus Austin LLC","Catellus Austin LLC","4312 Stromquist Street","78723","0217163724","9","Single Family","Ownership","Project Completed","1","0","0","0","0","0","0","0","0","0","0","0","0","0",,"12-30-3799","0",,,,,"No","No","Yes","Master Development Agreement",,"No",,,,,,,,,,,,"-97.696767","30.295077"
"347","4557","David Weekley - SF - Section 10 (RMMA MDA)","Catellus Austin LLC","Catellus Austin LLC","4310 Stromquist Street","78723","0217163725","9","Single Family","Ownership","Project Completed","1","0","0","0","0","0","0","0","0","0","0","0","0","0",,"12-30-3799","0",,,,,"No","No","Yes","Master Development Agreement",,"No",,,,,,,,,,,,"-97.696767","30.295077"
"347","4558","David Weekley - SF - Section 10 (RMMA MDA)","Catellus Austin LLC","Catellus Austin LLC","4308 Stromquist Street","78723","0217163726","9","Single Family","Ownership","Project Completed","1","0","0","0","0","0","0","0","0","0","0","0","0","0",,"12-30-3799","0",,,,,"No","No","Yes","Master Development Agreement",,"No",,,,,,,,,,,,"-97.696767","30.295077"
"347","4559","David Weekley - SF - Section 10 (RMMA MDA)","Catellus Austin LLC","Catellus Austin LLC","4309 Stromquist Street","78723","0217163608","9","Single Family","Ownership","Affordability Period Expired","1","1","0","0","0","0","0","0","0","0","0","0","0","1","05-06-2019","05-06-2020","1",,,,,"No","No","Yes","Master Development Agreement",,"No",,,,,,,,,,,,"-97.696659","30.29477"
"347","4560","David Weekley - SF - Section 10 (RMMA MDA)","Catellus Austin LLC","Catellus Austin LLC","4311 Stromquist Street","78723","0217163609","9","Single Family","Ownership","Affordability Period Expired","1","1","0","0","0","0","0","0","0","0","0","1","0","0","05-14-2019","05-14-2020","1",,,,,"No","No","Yes","Master Development Agreement",,"No",,,,,,,,,,,,"-97.696606","30.294772"
"347","4561","David Weekley - SF - Section 10 (RMMA MDA)","Catellus Austin LLC","Catellus Austin LLC","4313 Stromquist Street","78723","0217163610","9","Single Family","Ownership","Affordability Period Expired","1","1","0","0","0","0","0","0","0","0","0","1","0","0","04-05-2019","04-05-2020","1",,,,,"No","No","Yes","Master Development Agreement",,"No",,,,,,,,,,,,"-97.696558","30.294776"
"347","4562","David Weekley - SF - Section 10 (RMMA MDA)","Catellus Austin LLC","Catellus Austin LLC","4315 Stromquist Street","78723","0217163611","9","Single Family","Ownership","Affordability Period Expired","1","1","0","0","0","0","0","0","0","0","0","0","0","1","03-28-2019","03-28-2020","1",,,,,"No","No","Yes","Master Development Agreement",,"No",,,,,,,,,,,,"-97.696504","30.294775"
"347","4563","David Weekley - SF - Section 10 (RMMA MDA)","Catellus Austin LLC","Catellus Austin LLC","4319 Stromquist Street","78723","0217163614","9","Single Family","Ownership","Affordability Period Expired","1","1","0","0","0","0","0","0","0","0","0","0","0","1","05-17-2019","05-17-2020","1",,,,,"No","No","Yes","Master Development Agreement",,"No",,,,,,,,,,,,"-97.696509","30.294951"
"347","4564","David Weekley - SF - Section 10 (RMMA MDA)","Catellus Austin LLC","Catellus Austin LLC","4321 Stromquist Street","78723","0217163615","9","Single Family","Ownership","Affordability Period Expired","1","1","0","0","0","0","0","0","0","0","0","1","0","0","05-14-2019","05-14-2020","1",,,,,"No","No","Yes","Master Development Agreement",,"No",,,,,,,,,,,,"-97.696559","30.294952"
"347","4565","David Weekley - SF - Section 10 (RMMA MDA)","Catellus Austin LLC","Catellus Austin LLC","4323 Stromquist Street","78723","0217163616","9","Single Family","Ownership","Affordability Period Expired","1","1","0","0","0","0","0","0","0","0","0","1","0","0","05-21-2019","05-21-2020","1",,,,,"No","No","Yes","Master Development Agreement",,"No",,,,,,,,,,,,"-97.69661","30.294956"
"347","4566","David Weekley - SF - Section 10 (RMMA MDA)","Catellus Austin LLC","Catellus Austin LLC","4325 Stromquist Street","78723","0217163617","9","Single Family","Ownership","Affordability Period Expired","1","1","0","0","0","0","0","0","0","0","0","0","0","1","05-31-2019","05-31-2020","1",,,,,"No","No","Yes","Master Development Agreement",,"No",,,,,,,,,,,,"-97.696667","30.294954"
"347","4567","David Weekley - SF - Section 10 (RMMA MDA)","Catellus Austin LLC","Catellus Austin LLC","4327 Stromquist Street","78723","0217163618","9","Single Family","Ownership","Affordability Period Expired","1","1","0","0","0","0","0","0","0","0","0","0","0","1","06-14-2019","06-14-2020","1",,,,,"No","No","Yes","Master Development Agreement",,"No",,,,,,,,,,,,"-97.696672","30.295128"
"347","4568","David Weekley - SF - Section 10 (RMMA MDA)","Catellus Austin LLC","Catellus Austin LLC","4329 Stromquist Street","78723","0217163619","9","Single Family","Ownership","Affordability Period Expired","1","1","0","0","0","0","0","0","0","0","0","1","0","0","06-14-2019","06-14-2020","1",,,,,"No","No","Yes","Master Development Agreement",,"No",,,,,,,,,,,,"-97.696621","30.295124"
"347","4570","David Weekley - SF - Section 10 (RMMA MDA)","Catellus Austin LLC","Catellus Austin LLC","4333 Stromquist Street","78723","0217163621","9","Single Family","Ownership","Affordability Period Expired","1","1","0","0","0","0","0","0","0","0","0","0","0","1","06-21-2019","06-21-2020","1",,,,,"No","No","Yes","Master Development Agreement",,"No",,,,,,,,,,,,"-97.696523","30.29513"
"347","4571","David Weekley - SF - Section 10 (RMMA MDA)","Catellus Austin LLC","Catellus Austin LLC","4337 Strongquist Street","78723","0217163624","9","Single Family","Ownership","Affordability Period Expired","1","1","0","0","0","0","0","0","0","0","0","0","0","1","08-22-2019","08-22-2020","1",,,,,"No","No","Yes","Master Development Agreement",,"No",,,,,,,,,,,,"-97.696522","30.295295"
"347","4572","David Weekley - SF - Section 10 (RMMA MDA)","Catellus Austin LLC","Catellus Austin LLC","4339 Stromquist Street","78723","0217163625","9","Single Family","Ownership","Affordability Period Expired","1","1","0","0","0","0","0","0","0","0","0","1","0","0","08-22-2019","08-22-2020","1",,,,,"No","No","Yes","Master Development Agreement",,"No",,,,,,,,,,,,"-97.696578","30.295307"
"347","4573","David Weekley - SF - Section 10 (RMMA MDA)","Catellus Austin LLC","Catellus Austin LLC","4341 Stromquist","78723","0217163626","9","Single Family","Ownership","Affordability Period Expired","1","1","0","0","0","0","0","0","0","0","0","1","0","0","08-20-2019","08-20-2020","1",,,,,"No","No","Yes","Master Development Agreement",,"No",,,,,,,,,,,,"-97.696626","30.295311"
"347","4574","David Weekley - SF - Section 10 (RMMA MDA)","Catellus Austin LLC","Catellus Austin LLC","4343 Stromquist Street","78723","0217163627","9","Single Family","Ownership","Affordability Period Expired","1","1","0","0","0","0","0","0","0","0","0","0","0","1","08-20-2019","08-20-2020","1",,,,,"No","No","Yes","Master Development Agreement",,"No",,,,,,,,,,,,"-97.696683","30.295307"
"347","4575","David Weekley - SF - Section 10 (RMMA MDA)","Catellus Austin LLC","Catellus Austin LLC","4314 Attra Street","78723","0217163646","9","Single Family","Ownership","Affordability Period Expired","1","1","0","0","0","0","0","0","0","0","0","0","0","1","03-22-2019","03-22-2020","1",,,,,"No","No","Yes","Master Development Agreement",,"No",,,,,,,,,,,,"-97.696241","30.294783"
"347","4576","David Weekley - SF - Section 10 (RMMA MDA)","Catellus Austin LLC","Catellus Austin LLC","4312 Attra Street","78723","0217163648","9","Single Family","Ownership","Affordability Period Expired","1","1","0","0","0","0","0","0","0","0","0","1","0","0","03-28-2019","03-28-2020","1",,,,,"No","No","Yes","Master Development Agreement",,"No",,,,,,,,,,,,"-97.696184","30.294779"
"347","4577","David Weekley - SF - Section 10 (RMMA MDA)","Catellus Austin LLC","Catellus Austin LLC","4310 Attra Street","78723","0217163649","9","Single Family","Ownership","Affordability Period Expired","1","1","0","0","0","0","0","0","0","0","0","1","0","0","03-28-2019","03-28-2020","1",,,,,"No","No","Yes","Master Development Agreement",,"No",,,,,,,,,,,,"-97.696136","30.294781"
"347","4578","David Weekley - SF - Section 10 (RMMA MDA)","Catellus Austin LLC","Catellus Austin LLC","4308 Attra Street","78723","0217163651","9","Single Family","Ownership","Affordability Period Expired","1","1","0","0","0","0","0","0","0","0","0","0","0","1","04-03-2019","04-03-2020","1",,,,,"No","No","Yes","Master Development Agreement",,"No",,,,,,,,,,,,"-97.696082","30.294777"
"347","4579","David Weekley - SF - Section 10 (RMMA MDA)","Catellus Austin LLC","Catellus Austin LLC","4324 Attra Street","78723","0217163642","9","Single Family","Ownership","Affordability Period Expired","1","1","0","0","0","0","0","0","0","0","0","0","0","1","04-15-2019","04-15-2020","1",,,,,"No","No","Yes","Master Development Agreement",,"No",,,,,,,,,,,,"-97.69609","30.294959"
"480","4626","The Community First Village - Ph 2","Community First! Village","Community First! Village","9301 Hog Eye Road","78724","0213400401","1","Single Family","Rental","Project Completed","209","42","0","0","0","0","0","42","0","0","0","0","0","0","12-31-2015","12-31-2055","40",,,,,"No","No","No","Voluntary Restriction",,"No",,,,,,,,,,,,"-97.6233","30.28218"
"347","4627","David Weekley - SF - Section 10 (RMMA MDA)","Catellus Austin LLC","Catellus Austin LLC","4322 Attra Street","78723","0217163643","9","Single Family","Ownership","Affordability Period Expired","1","1","0","0","0","0","0","0","0","0","0","1","0","0","04-16-2019","04-16-2020","1",,,,,"No","No","Yes","Master Development Agreement",,"No",,,,,,,,,,,,"-97.696135","30.294954"
"347","4628","David Weekley - SF - Section 10 (RMMA MDA)","Catellus Austin LLC","Catellus Austin LLC","4320 Attra Street","78723","0217163644","9","Single Family","Ownership","Affordability Period Expired","1","1","0","0","0","0","0","0","0","0","0","1","0","0","04-17-2019","04-17-2020","1",,,,,"No","No","Yes","Master Development Agreement",,"No",,,,,,,,,,,,"-97.696179","30.294958"
"347","4629","David Weekley - SF - Section 10 (RMMA MDA)","Catellus Austin LLC","Catellus Austin LLC","4318 Attra Street","78723","0217163646","9","Single Family","Ownership","Affordability Period Expired","1","1","0","0","0","0","0","0","0","0","0","0","0","1","03-26-2019","03-26-2020","1",,,,,"No","No","Yes","Master Development Agreement",,"No",,,,,,,,,,,,"-97.696245","30.294968"
"347","4630","David Weekley  - SF - Section 10 (RMMA MDA)","Catellus Austin LLC","Catellus Austin LLC","4332 Attra Street","78732","0217163638","9","Single Family","Ownership","Affordability Period Expired","1","1","0","0","0","0","0","0","0","0","0","0","0","1","05-10-2019","05-10-2020","1",,,,,"No","No","Yes","Master Development Agreement",,"No",,,,,,,,,,,,"-97.696247","30.295127"
"347","4631","David Weekley - SF - Section 10 (RMMA MDA)","Catellus Austin LLC","Catellus Austin LLC","4330 Attra Street","78723","0217163639","9","Single Family","Ownership","Affordability Period Expired","1","1","0","0","0","0","0","0","0","0","0","1","0","0","05-10-2019","05-10-2020","1",,,,,"No","No","Yes","Master Development Agreement",,"No",,,,,,,,,,,,"-97.696193","30.295134"
"347","4632","David Weekley - SF - Section 10 (RMMA MDA)","Catellus Austin LLC","Catellus Austin LLC","4328 Attra Street","78723","0217163640","9","Single Family","Ownership","Affordability Period Expired","1","1","0","0","0","0","0","0","0","0","0","1","0","0","06-07-2019","06-07-2020","1",,,,,"No","No","Yes","Master Development Agreement",,"No",,,,,,,,,,,,"-97.696146","30.295133"
"347","4633","David Weekley - SF - Section 10 (RMMA MDA)","Catellus Austin LLC","Catellus Austin LLC","4326 Attra Street","78723","0217163641","9","Single Family","Ownership","Project Completed","1","1","0","0","0","0","0","0","0","0","0","0","0","1","06-07-2019","06-07-2020","1",,,,,"No","No","Yes","Master Development Agreement",,"No",,,,,,,,,,,,"-97.696088","30.295138"
"347","4634","David Weekley - SF - Section 10 (RMMA MDA)","Catellus Austin LLC","Catellus Austin LLC","4342 Attra Street","78723","0217163632","9","Single Family","Ownership","Affordability Period Expired","1","1","0","0","0","0","0","0","0","0","0","0","0","1","08-15-2019","08-15-2020","1",,,,,"No","No","Yes","Master Development Agreement",,"No",,,,,,,,,,,,"-97.696093","30.295317"
"347","4635","David Weekley - SF - Section 10 (RMMA MDA)","Catellus Austin LLC","Catellus Austin LLC","4340 Attra Street","78723","0217163633","9","Single Family","Ownership","Affordability Period Expired","1","1","0","0","0","0","0","0","0","0","0","1","0","0","08-20-2019","08-20-2020","1",,,,,"No","No","Yes","Master Development Agreement",,"No",,,,,,,,,,,,"-97.69615","30.295312"
"347","4636","David Weekley - SF - Section 10 (RMMA MDA)","Catellus Austin LLC","Catellus Austin LLC","4338 Attra Street","78723","0217163634","9","Single Family","Ownership","Affordability Period Expired","1","1","0","0","0","0","0","0","0","0","0","1","0","0","07-30-2019","07-30-2020","1",,,,,"No","No","Yes","Master Development Agreement",,"No",,,,,,,,,,,,"-97.696195","30.295313"
"347","4637","David Weekley - SF - Section 10 (RMMA MDA)","Catellus Austin LLC","Catellus Austin LLC","4336 Attra Street","78723","0217163635","9","Single Family","Ownership","Affordability Period Expired","1","1","0","0","0","0","0","0","0","0","0","0","0","1","07-30-2019","07-30-2020","1",,,,,"No","No","Yes","Master Development Agreement",,"No",,,,,,,,,,,,"-97.696249","30.295309"
"347","4638","David Weekley - SF - Section 10 (RMMA MDA)","Catellus Austin LLC","Catellus Austin LLC","2710 Zach Scott Street","78723","0217163702","9","Single Family","Ownership","Affordability Period Expired","1","1","0","0","0","0","0","0","0","0","0","1","0","0","11-13-2018","11-13-2019","1",,,,,"No","No","Yes","Master Development Agreement",,"No",,,,,,,,,,,,"-97.696985","30.294567"
"347","4639","David Weekley - SF - Section 10 (RMMA MDA)","Catellus Austin LLC","Catellus Austin LLC","2702 Zach Scott Street","78723","0217163706","9","Single Family","Ownership","Affordability Period Expired","1","1","0","0","0","0","0","0","0","0","0","1","0","0","11-13-2018","11-13-2019","1",,,,,"No","No","Yes","Master Development Agreement",,"No",,,,,,,,,,,,"-97.697359","30.294558"
"347","4640","David Weekley - SF - Section 10 (RMMA MDA)","Catellus Austin LLC","Catellus Austin LLC","2810 Zach Scott Street","78723","0217163602","9","Single Family","Ownership","Affordability Period Expired","1","1","0","0","0","0","0","0","0","0","0","1","0","0","12-26-2018","12-26-2019","1",,,,,"No","No","Yes","Master Development Agreement",,"No",,,,,,,,,,,,"-97.696177","30.294576"
"347","4641","David Weekley - SF - Section 10 (RMMA MDA)","Catellus Austin LLC","Catellus Austin LLC","2802 Zach Scott Street","78723","0217163602","9","Single Family","Ownership","Affordability Period Expired","1","1","0","0","0","0","0","0","0","0","0","1","0","0","11-21-2018","11-21-2019","1",,,,,"No","No","Yes","Master Development Agreement",,"No",,,,,,,,,,,,"-97.696516","30.294566"
"347","4642","David Weekley - SF - Section 10 (RMMA MDA)","Catellus Austin LLC","Catellus Austin LLC","2904 Zach Scott Street","78723","0217181005","9","Single Family","Ownership","Affordability Period Expired","1","1","0","0","0","0","0","0","0","0","0","1","0","0","01-24-2019","01-24-2020","1",,,,,"No","No","Yes","Master Development Agreement",,"No",,,,,,,,,,,,"-97.695657","30.294576"
"347","4643","David Weekley - SF - Section 10 (RMMA MDA)","Catellus Austin LLC","Catellus Austin LLC","2712 Zach Scott Street","78723","0217163701","9","Single Family","Ownership","Project Completed","1","0","0","0","0","0","0","0","0","0","0","0","0","0",,"12-30-3799","0",,,,,"No","No","Yes","Master Development Agreement",,"No",,,,,,,,,,,,"-97.696895","30.29457"
"347","4645","David Weekley - SF - Section 10 (RMMA MDA)","Catellus Austin LLC","Catellus Austin LLC","2708 Zach Scott Street","78723","0217163703","9","Single Family","Ownership","Project Completed","1","0","0","0","0","0","0","0","0","0","0","0","0","0",,"12-30-3799","0",,,,,"No","No","Yes","Master Development Agreement",,"No",,,,,,,,,,,,"-97.697068","30.294565"
"347","4646","David Weekley - SF - Section 10 (RMMA MDA)","Catellus Austin LLC","Catellus Austin LLC","2706 Zach Scott Street","78723","0217163704","9","Single Family","Ownership","Project Completed","1","0","0","0","0","0","0","0","0","0","0","0","0","0",,"12-30-3799","0",,,,,"No","No","Yes","Master Development Agreement",,"No",,,,,,,,,,,,"-97.697161","30.294563"
"347","4647","David Weekley - SF - Section 10 (RMMA MDA)","Catellus Austin LLC","Catellus Austin LLC","2704 Zach Scott Street","78723","0217163705","9","Single Family","Ownership","Project Completed","1","0","0","0","0","0","0","0","0","0","0","0","0","0",,"12-30-3799","0",,,,,"No","No","Yes","Master Development Agreement",,"No",,,,,,,,,,,,"-97.697266","30.29456"
"347","4648","David Weekley - SF - Section 10 (RMMA MDA)","Catellus Austin LLC","Catellus Austin LLC","2700 Zach Scott Street","78723","0217163707","9","Single Family","Ownership","Project Completed","1","0","0","0","0","0","0","0","0","0","0","0","0","0",,"12-30-3799","0",,,,,"No","No","Yes","Master Development Agreement",,"No",,,,,,,,,,,,"-97.697449","30.294556"
"347","4649","David Weekley - SF - Section 10 (RMMA MDA)","Catellus Austin LLC","Catellus Austin LLC","2812 Zach Scott Street","78738","0217163601","9","Single Family","Ownership","Affordability Period Expired","1","0","0","0","0","0","0","0","0","0","0","0","0","0","01-10-2019","01-10-2020","1",,,,,"No","No","Yes","Master Development Agreement",,"No",,,,,,,,,,,,"-97.696084","30.29459"
"347","4651","David Weekley - SF - Section 10 (RMMA MDA)","Catellus Austin LLC","Catellus Austin LLC","2808 Zach Scott Street","78723","0217163603","9","Single Family","Ownership","Affordability Period Expired","1","0","0","0","0","0","0","0","0","0","0","0","0","0","12-12-2018","12-12-2019","1",,,,,"No","No","Yes","Master Development Agreement",,"No",,,,,,,,,,,,"-97.696268","30.294585"
"347","4652","David Weekley - SF - Section 10 (RMMA MDA)","Catellus Austin LLC","Catellus Austin LLC","2806 Zach Scott Street","78723","0217163604","9","Single Family","Ownership","Affordability Period Expired","1","0","0","0","0","0","0","0","0","0","0","0","0","0","02-13-2019","02-13-2020","1",,,,,"No","No","Yes","Master Development Agreement",,"No",,,,,,,,,,,,"-97.696373","30.294583"
"347","4653","David Weekley - SF - Section 10 (RMMA MDA)","Catellus Austin LLC","Catellus Austin LLC","2804 Zach Scott Street","78723","0217163605","9","Single Family","Ownership","Affordability Period Expired","1","0","0","0","0","0","0","0","0","0","0","0","0","0","11-27-2018","11-27-2019","1",,,,,"No","No","Yes","Master Development Agreement",,"No",,,,,,,,,,,,"-97.696466","30.29458"
"347","4654","David Weekley - SF - Section 10 (RMMA MDA)","Catellus Austin LLC","Catellus Austin LLC","2800 Zach Scott Street","78723","0217163607","9","Single Family","Ownership","Affordability Period Expired","1","0","0","0","0","0","0","0","0","0","0","0","0","0","12-12-2018","12-12-2019","1",,,,,"No","No","Yes","Master Development Agreement",,"No",,,,,,,,,,,,"-97.696639","30.294576"
"347","4655","David Weekley - SF - Section 10 (RMMA MDA)","Catellus Austin LLC","Catellus Austin LLC","2912 Zach Scott Street","78723","0217181001","9","Single Family","Ownership","Affordability Period Expired","1","0","0","0","0","0","0","0","0","0","0","0","0","0","04-05-2019","04-05-2020","1",,,,,"No","No","Yes","Master Development Agreement",,"No",,,,,,,,,,,,"-97.695273","30.29461"
"347","4656","David Weekley - SF - Section 10 (RMMA MDA)","Catellus Austin LLC","Catellus Austin LLC","2910 Zach Scott Street","78723","0217181002","9","Single Family","Ownership","Affordability Period Expired","1","0","0","0","0","0","0","0","0","0","0","0","0","0","03-20-2019","03-20-2020","1",,,,,"No","No","Yes","Master Development Agreement",,"No",,,,,,,,,,,,"-97.695364","30.294608"
"347","4657","David Weekley - SF - Section 10 (RMMA MDA)","Catellus Austin LLC","Catellus Austin LLC","2908 Zach Scott Street","78723","0217181003","9","Single Family","Ownership","Affordability Period Expired","1","0","0","0","0","0","0","0","0","0","0","0","0","0","04-30-2019","04-30-2020","1",,,,,"No","No","Yes","Master Development Agreement",,"No",,,,,,,,,,,,"-97.695457","30.294605"
"347","4658","David Weekley - SF - Section 10 (RMMA MDA)","Catellus Austin LLC","Catellus Austin LLC","2906 Zach Scott Street","78723","0217181004","9","Single Family","Ownership","Affordability Period Expired","1","0","0","0","0","0","0","0","0","0","0","0","0","0","04-03-2019","04-03-2020","1",,,,,"No","No","Yes","Master Development Agreement",,"No",,,,,,,,,,,,"-97.695562","30.294603"
"347","4659","David Weekley - SF - Section 10 (RMMA MDA)","Catellus Austin LLC","Catellus Austin LLC","2902 Zach Scott Street","78723","0217181006","9","Single Family","Ownership","Affordability Period Expired","1","0","0","0","0","0","0","0","0","0","0","0","0","0","01-22-2019","01-22-2020","1",,,,,"No","No","Yes","Master Development Agreement",,"No",,,,,,,,,,,,"-97.695738","30.294598"
"347","4661","David Weekley - SF - Section 10 (RMMA MDA)","Catellus Austin LLC","Catellus Austin LLC","2900 Zach Scott Street","78723","0217181007","9","Single Family","Ownership","Affordability Period Expired","1","0","0","0","0","0","0","0","0","0","0","0","0","0","03-19-2019","03-19-2020","1",,,,,"No","No","Yes","Master Development Agreement",,"No",,,,,,,,,,,,"-97.695828","30.294596"
"347","4662","David Weekley - SF - Section 10 (RMMA MDA)","Catellus Austin LLC","Catellus Austin LLC","4309 Vaughan Street","78723","0217163708","9","Single Family","Ownership","Affordability Period Expired","1","0","0","0","0","0","0","0","0","0","0","0","0","0","10-23-2018","10-23-2019","1",,,,,"No","No","Yes","Master Development Agreement",,"No",,,,,,,,,,,,"-97.697359","30.294759"
"347","4665","David Weekley - SF - Section 10 (RMMA MDA)","Catellus Austin LLC","Catellus Austin LLC","4311 Vaughan Street","78723","0217163709","9","Single Family","Ownership","Affordability Period Expired","1","0","0","0","0","0","0","0","0","0","0","0","0","0","12-17-2018","12-17-2019","1",,,,,"No","No","Yes","Master Development Agreement",,"No",,,,,,,,,,,,"-97.697362","30.294873"
"347","4670","David Weekley - SF - Section 10 (RMMA MDA)","Catellus Austin LLC","Catellus Austin LLC","4313 Vaughan Street","78723","0217163710","9","Single Family","Ownership","Affordability Period Expired","1","0","0","0","0","0","0","0","0","0","0","0","0","0","01-11-2019","01-11-2020","1",,,,,"No","No","Yes","Master Development Agreement",,"No",,,,,,,,,,,,"-97.697365","30.294975"
"347","4671","David Weekley - SF - Section 10 (RMMA MDA)","Catellus Austin LLC","Catellus Austin LLC","4315 Vaughan Street","78723","0217163711","9","Single Family","Ownership","Affordability Period Expired","1","0","0","0","0","0","0","0","0","0","0","0","0","0","10-10-2018","10-10-2019","1",,,,,"No","No","Yes","Master Development Agreement",,"No",,,,,,,,,,,,"-97.697368","30.295076"
"347","4672","David Weekley - SF - Section 10 (RMMA MDA)","Catellus Austin LLC","Catellus Austin LLC","4317 Vaughan Street","78723","0217163712","9","Single Family","Ownership","Affordability Period Expired","1","0","0","0","0","0","0","0","0","0","0","0","0","0","09-27-2018","09-27-2019","1",,,,,"No","No","Yes","Master Development Agreement",,"No",,,,,,,,,,,,"-97.697372","30.295178"
"347","4673","David Weekley - SF - Section 10 (RMMA MDA)","Catellus Austin LLC","Catellus Austin LLC","4319 Vaughan Street","78723","0217163713","9","Single Family","Ownership","Affordability Period Expired","1","0","0","0","0","0","0","0","0","0","0","0","0","0","12-28-2018","12-28-2019","1",,,,,"No","No","Yes","Master Development Agreement",,"No",,,,,,,,,,,,"-97.697376","30.295292"
"347","4676","David Weekley - SF - Section 10 (RMMA MDA)","Catellus Austin LLC","Catellus Austin LLC","4801 Camacho Street","78723","0217163714","9","Single Family","Ownership","Affordability Period Expired","1","0","0","0","0","0","0","0","0","0","0","0","0","0","02-11-2019","02-11-2020","1",,,,,"No","No","Yes","Master Development Agreement",,"No",,,,,,,,,,,,"-97.697801","30.295727"
"347","4677","David Weekley - SF - Section 10 (RMMA MDA)","Catellus Austin LLC","Catellus Austin LLC","4805 Camacho Street","78723",,"9","Single Family","Ownership","Affordability Period Expired","1","0","0","0","0","0","0","0","0","0","0","0","0","0","05-13-2019","05-13-2020","1",,,,,"No","No","Yes","Master Development Agreement",,"No",,,,,,,,,,,,"-97.697801","30.295727"
"347","4678","David Weekley - SF - Section 10 (RMMA MDA)","Catellus Austin LLC","Catellus Austin LLC","4807 Camacho Street","78723","0217163716","9","Single Family","Ownership","Affordability Period Expired","1","0","0","0","0","0","0","0","0","0","0","0","0","0","01-25-2019","01-25-2020","1",,,,,"No","No","Yes","Master Development Agreement",,"No",,,,,,,,,,,,"-97.697801","30.295727"
"347","4679","David Weekley - SF - Section 10 (RMMA MDA)","Catellus Austin LLC","Catellus Austin LLC","4809 Camacho Street","78723","0217163717","9","Single Family","Ownership","Affordability Period Expired","1","0","0","0","0","0","0","0","0","0","0","0","0","0","12-17-2018","12-17-2019","1",,,,,"No","No","Yes","Master Development Agreement",,"No",,,,,,,,,,,,"-97.697801","30.295727"
"347","4680","David Weekley - SF - Section 10 (RMMA MDA)","Catellus Austin LLC","Catellus Austin LLC","4811 Camacho Street","78723","0217163718","9","Single Family","Ownership","Affordability Period Expired","1","0","0","0","0","0","0","0","0","0","0","0","0","0","12-18-2018","12-18-2019","1",,,,,"No","No","Yes","Master Development Agreement",,"No",,,,,,,,,,,,"-97.697801","30.295727"
"347","4681","David Weekley - SF - Section 10 (RMMA MDA)","Catellus Austin LLC","Catellus Austin LLC","2517 Mc Bee Street","78723","0215130801","9","Single Family","Ownership","Affordability Period Expired","1","0","0","0","0","0","0","0","0","0","0","0","0","0","10-14-2019","10-14-2020","1",,,,,"No","No","Yes","Master Development Agreement",,"No",,,,,,,,,,,,"-97.704816","30.291582"
"347","4682","David Weekley - SF - Section 10 (RMMA MDA)","Catellus Austin LLC","Catellus Austin LLC","2519 McBeSte reet","78723","0217164008","9","Single Family","Ownership","Affordability Period Expired","1","0","0","0","0","0","0","0","0","0","0","0","0","0","09-13-2019","09-13-2020","1",,,,,"No","No","Yes","Master Development Agreement",,"No",,,,,,,,,,,,"-97.697853","30.297399"
"347","4683","David Weekley - SF - Section 10 (RMMA MDA)","Catellus Austin LLC","Catellus Austin LLC","2601 McBee Street","78723","0217164009","9","Single Family","Ownership","Affordability Period Expired","1","0","0","0","0","0","0","0","0","0","0","0","0","0","06-21-2019","06-21-2020","1",,,,,"No","No","Yes","Master Development Agreement",,"No",,,,,,,,,,,,"-97.697853","30.297399"
"347","4684","David Weekley - SF - Section 10 (RMMA MDA)","Catellus Austin LLC","Catellus Austin LLC","2603 McBee Street","78723","0217164010","9","Single Family","Ownership","Affordability Period Expired","1","0","0","0","0","0","0","0","0","0","0","0","0","0","11-21-2019","11-21-2020","1",,,,,"No","No","Yes","Master Development Agreement",,"No",,,,,,,,,,,,"-97.697853","30.297399"
"347","4689","David Weekley - SF - Section 10 (RMMA MDA)","Catellus Austin LLC","Catellus Austin LLC","2516 McBee Street","78723","0217164115","9","Single Family","Ownership","Affordability Period Expired","1","0","0","0","0","0","0","0","0","0","0","0","0","0","08-29-2019","08-29-2020","1",,,,,"No","No","Yes","Master Development Agreement",,"No",,,,,,,,,,,,"-97.697853","30.297399"
"347","4690","David Weekley - SF - Section 10 (RMMA MDA)","Catellus Austin LLC","Catellus Austin LLC","2514 McBee Street","78723","0217164116","9","Single Family","Ownership","Affordability Period Expired","1","0","0","0","0","0","0","0","0","0","0","0","0","0","07-25-2019","07-25-2020","1",,,,,"No","No","Yes","Master Development Agreement",,"No",,,,,,,,,,,,"-97.697853","30.297399"
"347","4691","David Weekley - SF - Section 10 (RMMA MDA)","Catellus Austin LLC","Catellus Austin LLC","2512 McBee Street","78723","0217164117","9","Single Family","Ownership","Affordability Period Expired","1","0","0","0","0","0","0","0","0","0","0","0","0","0","11-26-2019","11-26-2020","1",,,,,"No","No","Yes","Master Development Agreement",,"No",,,,,,,,,,,,"-97.697853","30.297399"
"347","4692","David Weekley - SF - Section 10 (RMMA MDA)","Catellus Austin LLC","Catellus Austin LLC","2510 McBee Street","78723","0217164118","9","Single Family","Ownership","Affordability Period Expired","1","0","0","0","0","0","0","0","0","0","0","0","0","0","08-14-2019","08-14-2020","1",,,,,"No","No","Yes","Master Development Agreement",,"No",,,,,,,,,,,,"-97.697853","30.297399"
"347","4693","David Weekley - SF - Section 10 (RMMA MDA)","Catellus Austin LLC","Catellus Austin LLC","2508 McBee Street","78723","0217164119","9","Single Family","Ownership","Affordability Period Expired","1","0","0","0","0","0","0","0","0","0","0","0","0","0","08-15-2019","08-15-2020","1",,,,,"No","No","Yes","Master Development Agreement",,"No",,,,,,,,,,,,"-97.697853","30.297399"
"347","4694","David Weekley - SF - Section 10 (RMMA MDA)","Catellus Austin LLC","Catellus Austin LLC","4904 Camacho Street","78723","0217163812","9","Single Family","Ownership","Affordability Period Expired","1","0","0","0","0","0","0","0","0","0","0","0","0","0","02-13-2019","02-13-2020","1",,,,,"No","No","Yes","Master Development Agreement",,"No",,,,,,,,,,,,"-97.697801","30.295727"
"347","4695","David Weekley - SF - Section 10 (RMMA MDA)","Catellus Austin LLC","Catellus Austin LLC","4900 Camacho Street","78723","0217163813","9","Single Family","Ownership","Affordability Period Expired","1","0","0","0","0","0","0","0","0","0","0","0","0","0","06-26-2019","06-26-2020","1",,,,,"No","No","Yes","Master Development Agreement",,"No",,,,,,,,,,,,"-97.697801","30.295727"
"347","4696","David Weekley - SF - Section 10 (RMMA MDA)","Catellus Austin LLC","Catellus Austin LLC","4818 Camacho Street","78723","0217163814","9","Single Family","Ownership","Affordability Period Expired","1","0","0","0","0","0","0","0","0","0","0","0","0","0","06-19-2019","06-19-2020","1",,,,,"No","No","Yes","Master Development Agreement",,"No",,,,,,,,,,,,"-97.697801","30.295727"
"347","4697","David Weekley - SF - Section 10 (RMMA MDA)","Catellus Austin LLC","Catellus Austin LLC","4814 Camacho Street","78723","0217163815","9","Single Family","Ownership","Affordability Period Expired","1","0","0","0","0","0","0","0","0","0","0","0","0","0","01-24-2019","01-24-2020","1",,,,,"No","No","Yes","Master Development Agreement",,"No",,,,,,,,,,,,"-97.697801","30.295727"
"347","4698","David Weekley - SF - Section 10 (RMMA MDA)","Catellus Austin LLC","Catellus Austin LLC","4810 Camacho Street","78723","0217163816","9","Single Family","Ownership","Affordability Period Expired","1","0","0","0","0","0","0","0","0","0","0","0","0","0","01-10-2019","01-10-2020","1",,,,,"No","No","Yes","Master Development Agreement",,"No",,,,,,,,,,,,"-97.697801","30.295727"
"347","4699","David Weekley - SF - Section 10 (RMMA MDA)","Catellus Austin LLC","Catellus Austin LLC","4715 Vaughan Street","78723","0219161701","9","Single Family","Ownership","Affordability Period Expired","1","1","0","0","0","0","0","0","0","0","0","1","0","0","02-03-2020","02-03-2021","1",,,,,"No","No","Yes","Master Development Agreement",,"No",,,,,,,,,,,,"-97.697868","30.295725"
"347","4700","David Weekley - SF - Section 10 (RMMA MDA)","Catellus Austin LLC","Catellus Austin LLC","4717 Vaughan Street","78723","0219161702","9","Single Family","Ownership","Affordability Period Expired","1","1","0","0","0","0","0","0","0","0","0","1","0","0","01-30-2020","01-30-2021","1",,,,,"No","No","Yes","Master Development Agreement",,"No",,,,,,,,,,,,"-97.697521","30.299539"
"347","4701","David Weekley - SF - Section 10 (RMMA MDA)","Catellus Austin LLC","Catellus Austin LLC","4719 Vaughan Street","78723","0219161703","9","Single Family","Ownership","Affordability Period Expired","1","1","0","0","0","0","0","0","0","0","0","1","0","0","01-30-2020","01-30-2021","1",,,,,"No","No","Yes","Master Development Agreement",,"No",,,,,,,,,,,,"-97.697523","30.299617"
"347","4702","David Weekley - SF - Section 10 (RMMA MDA)","Catellus Austin LLC","Catellus Austin LLC","4711 Vaughan Street","78723","0219161606","9","Single Family","Ownership","Affordability Period Expired","1","1","0","0","0","0","0","0","0","0","0","1","0","0","03-03-2020","03-03-2021","1",,,,,"No","No","Yes","Master Development Agreement",,"No",,,,,,,,,,,,"-97.69751","30.299218"
"347","4703","David Weekley - SF - Section 10 (RMMA MDA)","Catellus Austin LLC","Catellus Austin LLC","4709 Vaughan Street","78723","0219161605","9","Single Family","Ownership","Affordability Period Expired","1","1","0","0","0","0","0","0","0","0","0","1","0","0","03-04-2020","03-04-2021","1",,,,,"No","No","Yes","Master Development Agreement",,"No",,,,,,,,,,,,"-97.697508","30.299145"
"347","4705","David Weekley - SF - Section 10 (RMMA MDA)","Catellus Austin LLC","Catellus Austin LLC","4707 Vaughan Street","78723","0219161604","9","Single Family","Ownership","Affordability Period Expired","1","1","0","0","0","0","0","0","0","0","0","1","0","0","03-03-2020","03-03-2021","1",,,,,"No","No","Yes","Master Development Agreement",,"No",,,,,,,,,,,,"-97.697505","30.299073"
"347","4706","David Weekley - SF - Section 10 (RMMA MDA)","Catellus Austin LLC","Catellus Austin LLC","4701 Vaughan Street","78723","0219161601","9","Single Family","Ownership","Affordability Period Expired","1","1","0","0","0","0","0","0","0","0","0","1","0","0","02-24-2020","02-24-2021","1",,,,,"No","No","Yes","Master Development Agreement",,"No",,,,,,,,,,,,"-97.697498","30.298848"
"347","4707","David Weekley - SF - Section 10 (RMMA MDA)","Catellus Austin LLC","Catellus Austin LLC","4703 Vaughan Street","78723","0219161602","9","Single Family","Ownership","Affordability Period Expired","1","1","0","0","0","0","0","0","0","0","0","1","0","0","02-20-2020","02-20-2021","1",,,,,"No","No","Yes","Master Development Agreement",,"No",,,,,,,,,,,,"-97.6975","30.298921"
"347","4708","David Weekley - SF - Section 10 (RMMA MDA)","Catellus Austin LLC","Catellus Austin LLC","4705 Vaughan Street","78723","0219161603","9","Single Family","Ownership","Affordability Period Expired","1","1","0","0","0","0","0","0","0","0","0","1","0","0","02-24-2020","02-24-2021","1",,,,,"No","No","Yes","Master Development Agreement",,"No",,,,,,,,,,,,"-97.697502","30.298992"
"347","4709","David Weekley - SF - Section 10 (RMMA MDA)","Catellus Austin LLC","Catellus Austin LLC","2509 Robert Browning Street","78723","0217164207","9","Single Family","Ownership","Affordability Period Expired","1","1","0","0","0","0","0","0","0","0","0","1","0","0","11-27-2019","11-27-2020","1",,,,,"No","No","Yes","Master Development Agreement",,"No",,,,,,,,,,,,"-97.697234","30.298555"
"347","4710","David Weekley - SF - Section 10 (RMMA MDA)","Catellus Austin LLC","Catellus Austin LLC","2511 Robert Browning Street","78723","0217164208","9","Single Family","Ownership","Affordability Period Expired","1","1","0","0","0","0","0","0","0","0","0","1","0","0","11-27-2019","11-27-2020","1",,,,,"No","No","Yes","Master Development Agreement",,"No",,,,,,,,,,,,"-97.697158","30.298581"
"347","4711","David Weekley - SF - Section 10 (RMMA MDA)","Catellus Austin LLC","Catellus Austin LLC","2513 Robert Browning Street","78723","0217164209","9","Single Family","Ownership","Affordability Period Expired","1","1","0","0","0","0","0","0","0","0","0","1","0","0","12-16-2019","12-16-2020","1",,,,,"No","No","Yes","Master Development Agreement",,"No",,,,,,,,,,,,"-97.697088","30.298585"
"347","4712","David Weekley - SF - Section 10 (RMMA MDA)","Catellus Austin LLC","Catellus Austin LLC","2515 Robert Browning Street","78723","0217164210","9","Single Family","Ownership","Affordability Period Expired","1","1","0","0","0","0","0","0","0","0","0","1","0","0","12-17-2019","12-17-2020","1",,,,,"No","No","Yes","Master Development Agreement",,"No",,,,,,,,,,,,"-97.697006","30.298578"
"347","4713","David Weekley - SF - Section 10 (RMMA MDA)","Catellus Austin LLC","Catellus Austin LLC","2517 Robert Browning Street","78723","0217164211","9","Single Family","Ownership","Affordability Period Expired","1","1","0","0","0","0","0","0","0","0","0","1","0","0","11-07-2019","11-07-2020","1",,,,,"No","No","Yes","Master Development Agreement",,"No",,,,,,,,,,,,"-97.69692","30.298571"
"347","4714","David Weekley - SF - Section 10 (RMMA MDA)","Catellus Austin LLC","Catellus Austin LLC","2519 Robert Browning Street","78723","0217164212","9","Single Family","Ownership","Affordability Period Expired","1","1","0","0","0","0","0","0","0","0","0","1","0","0","10-25-2019","10-25-2020","1",,,,,"No","No","Yes","Master Development Agreement",,"No",,,,,,,,,,,,"-97.696838","30.298569"
"347","4722","David Weekley - SF - Section 10 (RMMA MDA)","Catellus Austin LLC","Catellus Austin LLC","2521 Robert Browning Street","78723","0217164213","9","Single Family","Ownership","Affordability Period Expired","1","1","0","0","0","0","0","0","0","0","0","1","0","0","10-24-2019","10-24-2020","1",,,,,"No","No","Yes","Master Development Agreement",,"No",,,,,,,,,,,,"-97.696768","30.298565"
"347","4723","David Weekley - SF - Section 10 (RMMA MDA)","Catellus Austin LLC","Catellus Austin LLC","2523 Robert Browning Street","78723","0217164214","9","Single Family","Ownership","Affordability Period Expired","1","1","0","0","0","0","0","0","0","0","0","1","0","0","10-29-2019","10-29-2020","1",,,,,"No","No","Yes","Master Development Agreement",,"No",,,,,,,,,,,,"-97.696683","30.298566"
"347","4725","David Weekley - SF - Section 10 (RMMA MDA)","Catellus Austin LLC","Catellus Austin LLC","2514 Robert browning Street","78723","0219161617","9","Single Family","Ownership","Affordability Period Expired","1","0","0","0","0","0","0","0","0","0","0","0","0","0","11-20-2019","11-20-2020","1",,,,,"No","No","Yes","Master Development Agreement",,"No",,,,,,,,,,,,"-97.699046","30.298702"
"347","4731","David Weekley - SF - Section 10 (RMMA MDA)","Catellus Austin LLC","Catellus Austin LLC","2512 Robert Browning Street","78723","0219161618","9","Single Family","Ownership","Affordability Period Expired","1","0","0","0","0","0","0","0","0","0","0","0","0","0","11-20-2019","11-20-2020","1",,,,,"No","No","Yes","Master Development Agreement",,"No",,,,,,,,,,,,"-97.699046","30.298702"
"347","4734","David Weekley - SF - Section 10 (RMMA MDA)","Catellus Austin LLC","Catellus Austin LLC","2510 Robert Browning Street","78723","0219161619","9","Single Family","Ownership","Affordability Period Expired","1","0","0","0","0","0","0","0","0","0","0","0","0","0","11-27-2019","11-27-2020","1",,,,,"No","No","Yes","Master Development Agreement",,"No",,,,,,,,,,,,"-97.699046","30.298702"
"347","4735","David Weekley - SF - Section 10 (RMMA MDA)","Catellus Austin LLC","Catellus Austin LLC","2508 Robert Browning Street","78723","0219161620","9","Single Family","Ownership","Affordability Period Expired","1","0","0","0","0","0","0","0","0","0","0","0","0","0","02-11-2019","02-11-2020","1",,,,,"No","No","Yes","Master Development Agreement",,"No",,,,,,,,,,,,"-97.699046","30.298702"
"347","4738","David Weekley - SF - Section 10 (RMMA MDA)","Catellus Austin LLC","Catellus Austin LLC","2509 Hernandez Street","78723","0217164401","9","Single Family","Ownership","Affordability Period Expired","1","0","0","0","0","0","0","0","0","0","0","0","0","0","12-26-2019","12-26-2020","1",,,,,"No","No","Yes","Master Development Agreement",,"No",,,,,,,,,,,,"-97.698955","30.297002"
"347","4740","David Weekley - SF - Section 10 (RMMA MDA)","Catellus Austin LLC","Catellus Austin LLC","2511 Hernandez Street","78723","0217164401","9","Single Family","Ownership","Affordability Period Expired","1","0","0","0","0","0","0","0","0","0","0","0","0","0","12-31-2019","12-31-2020","1",,,,,"No","No","Yes","Master Development Agreement",,"No",,,,,,,,,,,,"-97.698955","30.297002"
"347","4741","David Weekley - SF - Section 10 (RMMA MDA)","Catellus Austin LLC","Catellus Austin LLC","2513 Hernandez Street","78723","0217164401","9","Single Family","Ownership","Affordability Period Expired","1","0","0","0","0","0","0","0","0","0","0","0","0","0","01-03-2020","01-03-2021","1",,,,,"No","No","Yes","Master Development Agreement",,"No",,,,,,,,,,,,"-97.698955","30.297002"
"347","4742","David Weekley - SF - Section 10 (RMMA MDA)","Catellus Austin LLC","Catellus Austin LLC","2515 Hernandez Street","78723","0217164401","9","Single Family","Ownership","Affordability Period Expired","1","0","0","0","0","0","0","0","0","0","0","0","0","0","12-19-2019","12-19-2020","1",,,,,"No","No","Yes","Master Development Agreement",,"No",,,,,,,,,,,,"-97.698955","30.297002"
"347","4743","David Weekley - SF - Section 10 (RMMA MDA)","Catellus Austin LLC","Catellus Austin LLC","2508 Hernandez Street","78723","0217164401","9","Single Family","Ownership","Affordability Period Expired","1","0","0","0","0","0","0","0","0","0","0","0","0","0","10-30-2019","10-30-2020","1",,,,,"No","No","Yes","Master Development Agreement",,"No",,,,,,,,,,,,"-97.698955","30.297002"
"347","4744","David Weekley - SF - Section 10 (RMMA MDA)","Catellus Austin LLC","Catellus Austin LLC","2510 Hernandez Street","78723","0217164401","9","Single Family","Ownership","Affordability Period Expired","1","0","0","0","0","0","0","0","0","0","0","0","0","0","10-30-2019","10-30-2020","1",,,,,"No","No","Yes","Master Development Agreement",,"No",,,,,,,,,,,,"-97.698955","30.297002"
"347","4745","David Weekley - SF - Section 10 (RMMA MDA)","Catellus Austin LLC","Catellus Austin LLC","2512 Hernandez Street","78723","0217164401","9","Single Family","Ownership","Affordability Period Expired","1","0","0","0","0","0","0","0","0","0","0","0","0","0","10-30-2019","10-30-2020","1",,,,,"No","No","Yes","Master Development Agreement",,"No",,,,,,,,,,,,"-97.698955","30.297002"
"347","4747","David Weekley - SF - Section 10 (RMMA MDA)","Catellus Austin LLC","Catellus Austin LLC","2514 Hernandez Street","78723","0217164219","9","Single Family","Ownership","Affordability Period Expired","1","0","0","0","0","0","0","0","0","0","0","0","0","0","10-30-2019","10-30-2020","1",,,,,"No","No","Yes","Master Development Agreement",,"No",,,,,,,,,,,,"-97.698751","30.297038"
"347","4748","David Weekley - SF - Section 10 (RMMA MDA)","Catellus Austin LLC","Catellus Austin LLC","2516 Hernandez Street","78723","0217164218","9","Single Family","Ownership","Affordability Period Expired","1","0","0","0","0","0","0","0","0","0","0","0","0","0","02-13-2020","02-13-2021","1",,,,,"No","No","Yes","Master Development Agreement",,"No",,,,,,,,,,,,"-97.698751","30.297038"
"347","4749","David Weekley - SF - Section 10 (RMMA MDA)","Catellus Austin LLC","Catellus Austin LLC","2518 Hernandez Street","78723","0217164217","9","Single Family","Ownership","Affordability Period Expired","1","0","0","0","0","0","0","0","0","0","0","0","0","0","02-14-2020","02-14-2021","1",,,,,"No","No","Yes","Master Development Agreement",,"No",,,,,,,,,,,,"-97.698687","30.297058"
"347","4750","David Weekley - SF - Section 10 (RMMA MDA)","Catellus Austin LLC","Catellus Austin LLC","2520 Hernandez Street","78723","0217164215","9","Single Family","Ownership","Affordability Period Expired","1","0","0","0","0","0","0","0","0","0","0","0","0","0","02-13-2020","02-13-2021","1",,,,,"No","No","Yes","Master Development Agreement",,"No",,,,,,,,,,,,"-97.698687","30.297058"
"347","4751","David Weekley - SF - Section 10 (RMMA MDA)","Catellus Austin LLC","Catellus Austin LLC","2522 Hernandez Street","78723","0217164215","9","Single Family","Ownership","Affordability Period Expired","1","0","0","0","0","0","0","0","0","0","0","0","0","0","02-11-2020","02-11-2021","1",,,,,"No","No","Yes","Master Development Agreement",,"No",,,,,,,,,,,,"-97.698687","30.297058"
"347","4752","David Weekley - SF - Section 10 (RMMA MDA)","Catellus Austin LLC","Catellus Austin LLC","2509 Doc Reeves Street","78723","0217162917","9","Single Family","Ownership","Affordability Period Expired","1","0","0","0","0","0","0","0","0","0","0","0","0","0","02-28-2020","02-28-2021","1",,,,,"No","No","Yes","Master Development Agreement",,"No",,,,,,,,,,,,"-97.699172","30.296006"
"347","4753","David Weekley - SF - Section 10 (RMMA MDA)","Catellus Austin LLC","Catellus Austin LLC","2511 Doc Reeves Street","78723","0217162917","9","Single Family","Ownership","Affordability Period Expired","1","0","0","0","0","0","0","0","0","0","0","0","0","0","03-03-2020","03-03-2021","1",,,,,"No","No","Yes","Master Development Agreement",,"No",,,,,,,,,,,,"-97.699172","30.296006"
"347","4755","David Weekley - SF - Section 10 (RMMA MDA)","Catellus Austin LLC","Catellus Austin LLC","2513 Doc Reeves Street","78723","0217162917","9","Single Family","Ownership","Affordability Period Expired","1","0","0","0","0","0","0","0","0","0","0","0","0","0","03-04-2020","03-04-2021","1",,,,,"No","No","Yes","Master Development Agreement",,"No",,,,,,,,,,,,"-97.699172","30.296006"
"347","4756","David Weekley - SF - Section 10 (RMMA MDA)","Catellus Austin LLC","Catellus Austin LLC","2515 Doc Reeves Street","78723","0217162917","9","Single Family","Ownership","Affordability Period Expired","1","0","0","0","0","0","0","0","0","0","0","0","0","0","03-03-2020","03-03-2021","1",,,,,"No","No","Yes","Master Development Agreement",,"No",,,,,,,,,,,,"-97.699172","30.296006"
"347","4759","David Weekley - SF - Section 10 (RMMA MDA)","Catellus Austin LLC","Catellus Austin LLC","2517 Hernandez Street","78723","0217164111","9","Single Family","Ownership","Affordability Period Expired","1","0","0","0","0","0","0","0","0","0","0","0","0","0","09-13-2019","09-13-2020","1",,,,,"No","No","Yes","Master Development Agreement",,"No",,,,,,,,,,,,"-97.698687","30.297058"
"347","4760","David Weekley - SF - Section 10 (RMMA MDA)","Catellus Austin LLC","Catellus Austin LLC","2519 Hernandez Street","78723","0217164112","9","Single Family","Ownership","Affordability Period Expired","1","0","0","0","0","0","0","0","0","0","0","0","0","0","09-16-2019","09-16-2020","1",,,,,"No","No","Yes","Master Development Agreement",,"No",,,,,,,,,,,,"-97.698685","30.297058"
"347","4761","David Weekley - SF - Section 10 (RMMA MDA)","Catellus Austin LLC","Catellus Austin LLC","2521 Hernandez Street","78723","0217164113","9","Single Family","Ownership","Affordability Period Expired","1","0","0","0","0","0","0","0","0","0","0","0","0","0","09-16-2019","09-16-2020","1",,,,,"No","No","Yes","Master Development Agreement",,"No",,,,,,,,,,,,"-97.698687","30.297058"
"347","4762","David Weekley - SF - Section 10 (RMMA MDA)","Catellus Austin LLC","Catellus Austin LLC","2523 Hernandez Street","78723","0217164114","9","Single Family","Ownership","Affordability Period Expired","1","0","0","0","0","0","0","0","0","0","0","0","0","0","09-13-2019","09-13-2020","1",,,,,"No","No","Yes","Master Development Agreement",,"No",,,,,,,,,,,,"-97.698687","30.297058"
"347","4763","David Weekley - SF - Section 10 (RMMA MDA)","Catellus Austin LLC","Catellus Austin LLC","2514 Doc Reeves Street","78723","0219161718","9","Single Family","Ownership","Affordability Period Expired","1","0","0","0","0","0","0","0","0","0","0","0","0","0","12-26-2019","12-26-2020","1",,,,,"No","No","Yes","Master Development Agreement",,"No",,,,,,,,,,,,"-97.698687","30.297058"
"347","4764","David Weekley - SF - Section 10 (RMMA MDA)","Catellus Austin LLC","Catellus Austin LLC","2512 Doc Reeves Street","78723","0219161719","9","Single Family","Ownership","Affordability Period Expired","1","0","0","0","0","0","0","0","0","0","0","0","0","0","01-21-2020","01-21-2021","1",,,,,"No","No","Yes","Master Development Agreement",,"No",,,,,,,,,,,,"-97.698687","30.297058"
"347","4765","David Weekley - SF - Section 10 (RMMA MDA)","Catellus Austin LLC","Catellus Austin LLC","2510 Doc Reeves Street","78723","0219161720","9","Single Family","Ownership","Affordability Period Expired","1","0","0","0","0","0","0","0","0","0","0","0","0","0","01-17-2020","01-17-2021","1",,,,,"No","No","Yes","Master Development Agreement",,"No",,,,,,,,,,,,"-97.698687","30.297058"
"347","4766","David Weekley - SF - Section 10 (RMMA MDA)","Catellus Austin LLC","Catellus Austin LLC","2508 Doc Reeves Street","78723","0219161721","9","Single Family","Ownership","Affordability Period Expired","1","0","0","0","0","0","0","0","0","0","0","0","0","0","12-20-2019","12-20-2020","1",,,,,"No","No","Yes","Master Development Agreement",,"No",,,,,,,,,,,,"-97.698687","30.297058"
"347","5321","David Weekley - SF - Section 9 (RMMA MDA)","Catellus Austin LLC","Catellus Austin LLC","2502 Zach Scott Street","78723","0217162746","9","Single Family","Ownership","Affordability Period Expired","1","1","0","0","0","0","0","0","0","0","0","1","0","0","01-30-2017","01-30-2018","1",,,,,"No","No","Yes","Master Development Agreement",,"No",,,,,,,,,,,,"-97.699003","30.294515"
"347","5322","David Weekley - SF - Section 9 (RMMA MDA)","Catellus Austin LLC","Catellus Austin LLC","2506 Zach Scott Street","78723","0217162746","9","Single Family","Ownership","Affordability Period Expired","1","1","0","0","0","0","0","0","0","0","0","1","0","0","01-31-2017","01-31-2018","1",,,,,"No","No","Yes","Master Development Agreement",,"No",,,,,,,,,,,,"-97.699006","30.294522"
"347","5323","David Weekley - SF - Section 9 (RMMA MDA)","Catellus Austin LLC","Catellus Austin LLC","2504 Zach Scott Street","78723","0217162745","9","Single Family","Ownership","Affordability Period Expired","1","1","0","0","0","0","0","0","0","0","0","1","0","0","01-31-2017","01-31-2018","1",,,,,"No","No","Yes","Master Development Agreement",,"No",,,,,,,,,,,,"-97.698927","30.294513"
"347","5324","David Weekley - SF - Section 9 (RMMA MDA)","Catellus Austin LLC","Catellus Austin LLC","2500 Zach Scott Street","78723","0217162747","9","Single Family","Ownership","Affordability Period Expired","1","1","0","0","0","0","0","0","0","0","0","1","0","0","03-13-2017","03-13-2018","1",,,,,"No","No","Yes","Master Development Agreement",,"No",,,,,,,,,,,,"-97.699092","30.29451"
"347","5325","David Weekley - SF - Section 9 (RMMA MDA)","Catellus Austin LLC","Catellus Austin LLC","4320 Olenick Street","78723","0217162724","9","Single Family","Ownership","Affordability Period Expired","1","1","0","0","0","0","0","0","0","0","0","1","0","0","03-28-2017","03-28-2018","1",,,,,"No","No","Yes","Master Development Agreement",,"No",,,,,,,,,,,,"-97.698596","30.294908"
"347","5326","David Weekley - SF - Section 9 (RMMA MDA)","Catellus Austin LLC","Catellus Austin LLC","4318 Olenich Street","78723","0217162725","9","Single Family","Ownership","Affordability Period Expired","1","1","0","0","0","0","0","0","0","0","0","1","0","0","04-13-2017","04-13-2018","1",,,,,"No","No","Yes","Master Development Agreement",,"No",,,,,,,,,,,,"-97.698644","30.294913"
"347","5327","David Weekley - SF - Section 9 (RMMA MDA)","Catellus Austin LLC","Catellus Austin LLC","4319 Nitschke Street","78723","0217162730","9","Single Family","Ownership","Affordability Period Expired","1","1","0","0","0","0","0","0","0","0","0","1","0","0","05-04-2017","05-04-2018","1",,,,,"No","No","Yes","Master Development Agreement",,"No",,,,,,,,,,,,"-97.699023","30.294897"
"347","5328","David Weekley - SF - Section 9 (RMMA MDA)","Catellus Austin LLC","Catellus Austin LLC","4321 Nitschke Street","78723","0217162731","9","Single Family","Ownership","Affordability Period Expired","1","1","0","0","0","0","0","0","0","0","0","1","0","0","05-04-2017","05-04-2018","1",,,,,"No","No","Yes","Master Development Agreement",,"No",,,,,,,,,,,,"-97.699071","30.294896"
"347","5329","David Weekley - SF - Section 9 (RMMA MDA)","Catellus Austin LLC","Catellus Austin LLC","4313 Nitschke Street","78723","0217162735","9","Single Family","Ownership","Affordability Period Expired","1","1","0","0","0","0","0","0","0","0","0","1","0","0","05-17-2017","05-17-2018","1",,,,,"No","No","Yes","Master Development Agreement",,"No",,,,,,,,,,,,"-97.699038","30.294709"
"347","5330","David Weekley - SF - Section 9 (RMMA MDA)","Catellus Austin LLC","Catellus Austin LLC","4312 Olenick Street","78723","0217162621","9","Single Family","Ownership","Affordability Period Expired","1","1","0","0","0","0","0","0","0","0","0","1","0","0","05-23-2017","05-23-2018","1",,,,,"No","No","Yes","Master Development Agreement",,"No",,,,,,,,,,,,"-97.699467","30.295117"
"347","5331","David Weekley - SF - Section 9 (RMMA MDA)","Catellus Austin LLC","Catellus Austin LLC","4328 Olenick Street","78723","0217162720","9","Single Family","Ownership","Affordability Period Expired","1","1","0","0","0","0","0","0","0","0","0","1","0","0","05-26-2017","05-26-2018","1",,,,,"No","No","Yes","Master Development Agreement",,"No",,,,,,,,,,,,"-97.698649","30.295072"
"347","5332","David Weekley - SF - Section 9 (RMMA MDA)","Catellus Austin LLC","Catellus Austin LLC","4326 Olenick Street","78723","0217162721","9","Single Family","Ownership","Affordability Period Expired","1","1","0","0","0","0","0","0","0","0","0","1","0","0","06-07-2017","06-07-2018","1",,,,,"No","No","Yes","Master Development Agreement",,"No",,,,,,,,,,,,"-97.698601","30.295072"
"347","5333","David Weekley - SF - Section 9 (RMMA MDA)","Catellus Austin LLC","Catellus Austin LLC","4334 Olenick Street","78723","0217162707","9","Single Family","Ownership","Affordability Period Expired","1","1","0","0","0","0","0","0","0","0","0","1","0","0","06-15-2017","06-15-2018","1",,,,,"No","No","Yes","Master Development Agreement",,"No",,,,,,,,,,,,"-97.698656","30.295271"
"347","5334","David Weekley - SF - Section 9 (RMMA MDA)","Catellus Austin LLC","Catellus Austin LLC","4329 Nitschke Street","78723","0217162718","9","Single Family","Ownership","Affordability Period Expired","1","1","0","0","0","0","0","0","0","0","0","1","0","0","06-19-2017","06-19-2018","1",,,,,"No","No","Yes","Master Development Agreement",,"No",,,,,,,,,,,,"-97.698746","30.298161"
"347","5335","David Weekley - SF - Section 9 (RMMA MDA)","Catellus Austin LLC","Catellus Austin LLC","4336 Olenick Street","78723","0217162617","9","Single Family","Ownership","Affordability Period Expired","1","1","0","0","0","0","0","0","0","0","0","1","0","0","06-22-2017","06-22-2018","1",,,,,"No","No","Yes","Master Development Agreement",,"No",,,,,,,,,,,,"-97.699481","30.295541"
"347","5336","David Weekley - SF - Section 9 (RMMA MDA)","Catellus Austin LLC","Catellus Austin LLC","4327 Nitschke Street","78723","0217162715","9","Single Family","Ownership","Affordability Period Expired","1","1","0","0","0","0","0","0","0","0","0","1","0","0","06-23-2017","06-23-2018","1",,,,,"No","No","Yes","Master Development Agreement",,"No",,,,,,,,,,,,"-97.699133","30.295058"
"347","5337","David Weekley - SF - Section 9 (RMMA MDA)","Catellus Austin LLC","Catellus Austin LLC","4311 Nitschke Street","78723","0217162735","9","Single Family","Ownership","Affordability Period Expired","1","1","0","0","0","0","0","0","0","0","0","1","0","0","06-29-2017","06-29-2018","1",,,,,"No","No","Yes","Master Development Agreement",,"No",,,,,,,,,,,,"-97.699037","30.294704"
"347","5338","David Weekley - SF - Section 9 (RMMA MDA)","Catellus Austin LLC","Catellus Austin LLC","4310 Olenick Street","78723","0217162739","9","Single Family","Ownership","Affordability Period Expired","1","1","0","0","0","0","0","0","0","0","0","1","0","0","07-13-2017","07-13-2018","1",,,,,"No","No","Yes","Master Development Agreement",,"No",,,,,,,,,,,,"-97.698589","30.29471"
"347","5339","David Weekley - SF - Section 9 (RMMA MDA)","Catellus Austin LLC","Catellus Austin LLC","4337 Nitschke Street","78723","0217162710","9","Single Family","Ownership","Affordability Period Expired","1","1","0","0","0","0","0","0","0","0","0","1","0","0","07-25-2017","07-25-2018","1",,,,,"No","No","Yes","Master Development Agreement",,"No",,,,,,,,,,,,"-97.699051","30.295161"
"347","5340","David Weekley - SF - Section 9 (RMMA MDA)","Catellus Austin LLC","Catellus Austin LLC","4335 Nitschke Street","78723","0217162710","9","Single Family","Ownership","Affordability Period Expired","1","1","0","0","0","0","0","0","0","0","0","1","0","0","07-27-2017","07-27-2018","1",,,,,"No","No","Yes","Master Development Agreement",,"No",,,,,,,,,,,,"-97.699052","30.295161"
"347","5341","David Weekley - SF - Section 9 (RMMA MDA)","Catellus Austin LLC","Catellus Austin LLC","2405 Philomena Street","78744","0219161103","9","Single Family","Ownership","Affordability Period Expired","1","1","0","0","0","0","0","0","0","0","0","1","0","0","09-21-2017","09-21-2018","1",,,,,"No","No","Yes","Master Development Agreement",,"No",,,,,,,,,,,,"-97.698307","30.299975"
"347","5342","David Weekley - SF - Section 9 (RMMA MDA)","Catellus Austin LLC","Catellus Austin LLC","2401 Philomena Street","78723","0219161101","9","Single Family","Ownership","Affordability Period Expired","1","1","0","0","0","0","0","0","0","0","0","1","0","0","09-22-2017","09-22-2018","1",,,,,"No","No","Yes","Master Development Agreement",,"No",,,,,,,,,,,,"-97.698502","30.299985"
"347","5343","David Weekley - SF - Section 9 (RMMA MDA)","Catellus Austin LLC","Catellus Austin LLC","2203 Philomena Street","78723","0219160910","9","Single Family","Ownership","Affordability Period Expired","1","1","0","0","0","0","0","0","0","0","0","1","0","0","09-22-2017","09-22-2018","1",,,,,"No","No","Yes","Master Development Agreement",,"No",,,,,,,,,,,,"-97.700027","30.299894"
"347","5344","David Weekley - SF - Section 9 (RMMA MDA)","Catellus Austin LLC","Catellus Austin LLC","2407 Philomena Street","78723","0219161104","9","Single Family","Ownership","Affordability Period Expired","1","1","0","0","0","0","0","0","0","0","0","1","0","0","09-22-2017","09-22-2018","1",,,,,"No","No","Yes","Master Development Agreement",,"No",,,,,,,,,,,,"-97.698202","30.299981"
"347","5345","David Weekley - SF - Section 9 (RMMA MDA)","Catellus Austin LLC","Catellus Austin LLC","2205 Philomena Street","78723","0219160912","9","Single Family","Ownership","Affordability Period Expired","1","1","0","0","0","0","0","0","0","0","0","1","0","0","09-27-2017","09-27-2018","1",,,,,"No","No","Yes","Master Development Agreement",,"No",,,,,,,,,,,,"-97.699974","30.299932"
"347","5346","David Weekley - SF - Section 9 (RMMA MDA)","Catellus Austin LLC","Catellus Austin LLC","2201 Philomena Street","78723","0219160910","9","Single Family","Ownership","Affordability Period Expired","1","1","0","0","0","0","0","0","0","0","0","1","0","0","09-28-2017","09-28-2018","1",,,,,"No","No","Yes","Master Development Agreement",,"No",,,,,,,,,,,,"-97.70016","30.299916"
"347","5347","David Weekley - SF - Section 9 (RMMA MDA)","Catellus Austin LLC","Catellus Austin LLC","2403 Philomena Street","78723","0219161102","9","Single Family","Ownership","Affordability Period Expired","1","1","0","0","0","0","0","0","0","0","0","1","0","0","09-28-2017","09-28-2018","1",,,,,"No","No","Yes","Master Development Agreement",,"No",,,,,,,,,,,,"-97.698403","30.29999"
"347","5348","David Weekley - SF - Section 9 (RMMA MDA)","Catellus Austin LLC","Catellus Austin LLC","2207 Philomena Street","78723","0219160913","9","Single Family","Ownership","Affordability Period Expired","1","1","0","0","0","0","0","0","0","0","0","1","0","0","09-28-2017","09-28-2018","1",,,,,"No","No","Yes","Master Development Agreement",,"No",,,,,,,,,,,,"-97.699869","30.299937"
"347","5349","David Weekley - SF - Section 9 (RMMA MDA)","Catellus Austin LLC","Catellus Austin LLC","2209 Philomena Street","78723","0219160914","9","Single Family","Ownership","Affordability Period Expired","1","1","0","0","0","0","0","0","0","0","0","1","0","0","10-26-2017","10-26-2018","1",,,,,"No","No","Yes","Master Development Agreement",,"No",,,,,,,,,,,,"-97.699726","30.299898"
"347","5350","David Weekley - SF - Section 9 (RMMA MDA)","Catellus Austin LLC","Catellus Austin LLC","2301 Philomena Street","78723","0219161001","9","Single Family","Ownership","Affordability Period Expired","1","1","0","0","0","0","0","0","0","0","0","1","0","0","10-27-2017","10-27-2018","1",,,,,"No","No","Yes","Master Development Agreement",,"No",,,,,,,,,,,,"-97.699303","30.299946"
"347","5351","David Weekley - SF - Section 9 (RMMA MDA)","Catellus Austin LLC","Catellus Austin LLC","2307 Philomena Street","78723","0219161004","9","Single Family","Ownership","Affordability Period Expired","1","1","0","0","0","0","0","0","0","0","0","1","0","0","10-27-2017","10-27-2018","1",,,,,"No","No","Yes","Master Development Agreement",,"No",,,,,,,,,,,,"-97.698977","30.299948"
"347","5352","David Weekley - SF - Section 9 (RMMA MDA)","Catellus Austin LLC","Catellus Austin LLC","2211 Philomena Street","78723","0219160915","9","Single Family","Ownership","Affordability Period Expired","1","1","0","0","0","0","0","0","0","0","0","1","0","0","10-27-2017","10-27-2018","1",,,,,"No","No","Yes","Master Development Agreement",,"No",,,,,,,,,,,,"-97.699597","30.299935"
"347","5353","David Weekley - SF - Section 9 (RMMA MDA)","Catellus Austin LLC","Catellus Austin LLC","2213 Philomena Street","78723","0219160916","9","Single Family","Ownership","Affordability Period Expired","1","1","0","0","0","0","0","0","0","0","0","1","0","0","10-27-2017","10-27-2018","1",,,,,"No","No","Yes","Master Development Agreement",,"No",,,,,,,,,,,,"-97.699536","30.299905"
"347","5354","David Weekley - SF - Section 9 (RMMA MDA)","Catellus Austin LLC","Catellus Austin LLC","2303 Philomena Street","78723","0219161002","9","Single Family","Ownership","Affordability Period Expired","1","1","0","0","0","0","0","0","0","0","0","1","0","0","10-30-2017","10-30-2018","1",,,,,"No","No","Yes","Master Development Agreement",,"No",,,,,,,,,,,,"-97.699187","30.29987"
"347","5355","David Weekley - SF - Section 9 (RMMA MDA)","Catellus Austin LLC","Catellus Austin LLC","2305 Philomena Street","78723","0219161003","9","Single Family","Ownership","Affordability Period Expired","1","1","0","0","0","0","0","0","0","0","0","1","0","0","11-13-2017","11-13-2018","1",,,,,"No","No","Yes","Master Development Agreement",,"No",,,,,,,,,,,,"-97.699089","30.299957"
"347","5356","David Weekley - SF - Section 9 (RMMA MDA)","Catellus Austin LLC","Catellus Austin LLC","2309 Philomena Street","78723","0219161005","9","Single Family","Ownership","Affordability Period Expired","1","1","0","0","0","0","0","0","0","0","0","1","0","0","11-29-2017","11-29-2018","1",,,,,"No","No","Yes","Master Development Agreement",,"No",,,,,,,,,,,,"-97.698859","30.299964"
"347","5357","David Weekley - SF - Section 9 (RMMA MDA)","Catellus Austin LLC","Catellus Austin LLC","2311 Philomena Street","78723","0218170201","9","Single Family","Ownership","Affordability Period Expired","1","1","0","0","0","0","0","0","0","0","0","1","0","0","11-29-2017","11-29-2018","1",,,,,"No","No","Yes","Master Development Agreement",,"No",,,,,,,,,,,,"-97.695764","30.299968"
"347","5358","David Weekley - SF - Section 9 (RMMA MDA)","Catellus Austin LLC","Catellus Austin LLC","2313 Philomena Street","78723","0219161007","9","Single Family","Ownership","Affordability Period Expired","1","1","0","0","0","0","0","0","0","0","0","1","0","0","12-15-2017","12-15-2018","1",,,,,"No","No","Yes","Master Development Agreement",,"No",,,,,,,,,,,,"-97.698659","30.299968"
"347","5359","David Weekley - SF - Section 9 (RMMA MDA)","Catellus Austin LLC","Catellus Austin LLC","2411 Philomena Steet","78723","0219161106","9","Single Family","Ownership","Affordability Period Expired","1","1","0","0","0","0","0","0","0","0","0","1","0","0","01-26-2018","01-26-2019","1",,,,,"No","No","Yes","Master Development Agreement",,"No",,,,,,,,,,,,"-97.697994","30.299978"
"347","5360","David Weekley - SF - Section 9 (RMMA MDA)","Catellus Austin LLC","Catellus Austin LLC","2413 Philomena Street","78723","0219161107","9","Single Family","Ownership","Affordability Period Expired","1","1","0","0","0","0","0","0","0","0","0","1","0","0","01-31-2018","01-31-2019","1",,,,,"No","No","Yes","Master Development Agreement",,"No",,,,,,,,,,,,"-97.697886","30.299945"
"347","5361","David Weekley - SF - Section 9 (RMMA MDA)","Catellus Austin LLC","Catellus Austin LLC","2409 Philomena Street","78723","0219161105","9","Single Family","Ownership","Affordability Period Expired","1","1","0","0","0","0","0","0","0","0","0","1","0","0","02-01-2018","02-01-2019","1",,,,,"No","No","Yes","Master Development Agreement",,"No",,,,,,,,,,,,"-97.698105","30.299961"
"347","5362","AVI - SF - Section 7 (RMMA MDA)","Catellus Austin LLC","Catellus Austin LLC","Multiple Addresses","78723",,"9","Single Family","Ownership","Project Completed","17","0","0","0","0","0","0","0","0","0","0","0","0","0",,"12-30-3799","0",,,,,"No","No","Yes","Master Development Agreement",,"No",,,,,,,,,,,,"-97.697802","30.295735"
"347","5364","CalAtlantic - SF - Section 7 (RMMA MDA)","Catellus Austin LLC","Catellus Austin LLC","Multiple Addresses","78723",,"9","Single Family","Ownership","Project Completed","3","0","0","0","0","0","0","0","0","0","0","0","0","0",,"12-30-3799","0",,,,,"No","No","Yes","Master Development Agreement",,"No",,,,,,,,,,,,"-97.697802","30.295735"
"347","5365","CalAtlantic - SF - Section 9 (RMMA MDA)","Catellus Austin LLC","Catellus Austin LLC","Multiple Addresses","78723",,"9","Single Family","Ownership","Project Completed","61","0","0","0","0","0","0","0","0","0","0","0","0","0",,"12-30-3799","0",,,,,"No","No","Yes","Master Development Agreement",,"No",,,,,,,,,,,,"-97.697802","30.295735"
"347","5366","Centerra - SF - Section 9 (RMMA MDA)","Catellus Austin LLC","Catellus Austin LLC","Multiple Addresses","78723",,"9","Single Family","Ownership","Project Completed","10","0","0","0","0","0","0","0","0","0","0","0","0","0",,"12-30-3799","0",,,,,"No","No","Yes","Master Development Agreement",,"No",,,,,,,,,,,,"-97.697802","30.295735"
"347","5367","Wes Peoples - SF - Section 9 (RMMA MDA)","Catellus Austin LLC","Catellus Austin LLC","Multiple Addresses","78723",,"9","Single Family","Ownership","Project Completed","8","0","0","0","0","0","0","0","0","0","0","0","0","0",,"12-30-3799","0",,,,,"No","No","Yes","Master Development Agreement",,"No",,,,,,,,,,,,"-97.697802","30.295735"
"321","5368","Hills at Estancia Condominiums (MI Homes)","SLF III Onion Creek LP","Estancia Villas LLC","12902 Stanford Drive Unit 31","78748","0449151301","5","Single Family","Ownership","Project Completed","1","1","0","0","0","0","0","0","0","0","0","1","0","0","10-14-2022","10-14-2062","40",,,,,"No","No","No","PUD Development Agreement",,"No",,,,,,,,,,,,"-97.8105378","30.118147"
"368","5392","Whisper Valley PUD Pacesetter Homes - SF - Village 1 - Phase 1","Club Deal 120 Whisper Valley L.P.","Club Deal 120 Whisper Valley L.P.","Multiple Addresses","78653","0217620201","1","Single Family","Ownership","Under Construction","116","0","0","0","0","0","0","0","0","0","0","0","0","0",,"12-30-3799","0",,,,,"No","No","No","PUD Development Agreement",,"No",,,,,,,,,,,,"-97.556562","30.29413"
"368","5393","AVI - SF - Village 1 - Phase 1 (Whisper Valley PUD)","Club Deal 120 Whisper Valley L.P.","Club Deal 120 Whisper Valley L.P.","Multiple Addresses","78653","0217620201","1","Single Family","Ownership","Under Construction","50","0","0","0","0","0","0","0","0","0","0","0","0","0",,"12-30-3799","0",,,,,"No","No","No","PUD Development Agreement",,"No",,,,,,,,,,,,"-97.556652","30.29413"
"368","5394","Village 1 - Phase 1 (Whisper Valley PUD)","Club Deal 120 Whisper Valley L.P.","Club Deal 120 Whisper Valley L.P.","Multiple Addresses","78653","0217620201","1","Single Family","Ownership","Certified","71","0","0","0","0","0","0","0","0","0","0","0","0","0",,"12-30-3799","0",,,,,"No","No","No","PUD Development Agreement",,"No",,,,,,,,,,,,"-97.556652","30.29413"
"368","5395","Village 1 - Phase 2 (Whisper Valley PUD)","Club Deal 120 Whisper Valley L.P.","Club Deal 120 Whisper Valley L.P.","Multiple Addresses","78653","0217620201","1","Single Family","Ownership","Certified","267","0","0","0","0","0","0","0","0","0","0","0","0","0",,"12-30-3799","0",,,,,"No","No","No","PUD Development Agreement",,"No",,,,,,,,,,,,"-97.556652","30.29413"
"347","5418","Muskin Company - SF - Section 10 (RMMA MDA)","Catellus Austin LLC","Catellus Austin LLC","Multiple Addresses","78723",,"9","Single Family","Ownership","Project Completed","2","0","0","0","0","0","0","0","0","0","0","0","0","0",,"12-30-3799","0",,,,,"No","No","Yes","Master Development Agreement",,"No",,,,,,,,,,,,"-97.697802","30.295735"
"347","5424","Empire Communities - SF - Section 10A (RMMA MDA)","Catellus Austin LLC","Catellus Austin LLC","4908 Camacho Street","78723","0","9","Single Family","Ownership","Project Completed","1","0","0","0","0","0","0","0","0","0","0","0","0","0",,"12-30-3799","0",,,,,"No","No","Yes","Master Development Agreement",,"No",,,,,,,,,,,,"-97.697802","30.295732"
"347","5425","Empire Communities - SF - Section 10A (RMMA MDA)","Catellus Austin LLC","Catellus Austin LLC","4912 Camacho Street","78723","0","9","Single Family","Ownership","Project Completed","1","0","0","0","0","0","0","0","0","0","0","0","0","0",,"12-30-3799","0",,,,,"No","No","Yes","Master Development Agreement",,"No",,,,,,,,,,,,"-97.697803","30.29573"
"347","5426","Empire Communities - SF - Section 10A (RMMA MDA)","Catellus Austin LLC","Catellus Austin LLC","4308 Tilley Street","78723","0","9","Single Family","Ownership","Project Completed","1","0","0","0","0","0","0","0","0","0","0","0","0","0",,"12-30-3799","0",,,,,"No","No","Yes","Master Development Agreement",,"No",,,,,,,,,,,,"-97.695062","30.292547"
"347","5427","Empire Communities - SF - Section 10A (RMMA MDA)","Catellus Austin LLC","Catellus Austin LLC","4310 Tilley Street","78723","0","9","Single Family","Ownership","Project Completed","1","0","0","0","0","0","0","0","0","0","0","0","0","0",,"12-30-3799","0",,,,,"No","No","Yes","Master Development Agreement",,"No",,,,,,,,,,,,"-97.695065","30.292542"
"347","5428","Empire Communities - SF - Section 10A (RMMA MDA)","Catellus Austin LLC","Catellus Austin LLC","4312 Tilley Street","78723","0","9","Single Family","Ownership","Project Completed","1","0","0","0","0","0","0","0","0","0","0","0","0","0",,"12-30-3799","0",,,,,"No","No","Yes","Master Development Agreement",,"No",,,,,,,,,,,,"-97.695064","30.292542"
"347","5429","Empire Communities","Catellus Austin LLC","Catellus Austin LLC","4314 Tilley Street","78723","0","9","Single Family","Ownership","Project Completed","1","0","0","0","0","0","0","0","0","0","0","0","0","0",,"12-30-3799","0",,,,,"No","No","Yes","Master Development Agreement",,"No",,,,,,,,,,,,"-97.695063","30.292543"
"347","5430","Empire Communities - SF - Section 10A (RMMA MDA)","Catellus Austin LLC","Catellus Austin LLC","4316 Tilley Street","78723","0","9","Single Family","Ownership","Project Completed","1","0","0","0","0","0","0","0","0","0","0","0","0","0",,"12-30-3799","0",,,,,"No","No","Yes","Master Development Agreement",,"No",,,,,,,,,,,,"-97.69506","30.292552"
"347","5431","Empire Communities - SF - Section 10A (RMMA-MDA)","Catellus Austin LLC","Catellus Austin LLC","4318 Tilley Street","78723","0","9","Single Family","Ownership","Project Completed","1","0","0","0","0","0","0","0","0","0","0","0","0","0",,"12-30-3799","0",,,,,"No","No","Yes","Master Development Agreement",,"No",,,,,,,,,,,,"-97.695063","30.292543"
"347","5490","Muskin Company - Duplexes - Section 10 (RMMA MDA)
RMMA - MDA","Catellus Austin LLC","Catellus Austin LLC","Multiple Addresses","78723",,"9","Duplex","Rental","Project Completed","6","0","0","0","0","0","0","0","0","0","0","0","0","0",,"12-30-3799","0",,,,,"No","No","Yes","Master Development Agreement",,"No",,,,,,,,,,,,"-97.697802","30.295735"
"347","5493","Muskin Company - SF - Section 10 (RMMA MDA)","Catellus Austin LLC","Catellus Austin LLC","Multiple Addresses","78723",,"9","Single Family","Ownership","Project Completed","4","0","0","0","0","0","0","0","0","0","0","0","0","0",,"12-30-3799","0",,,,,"No","No","Yes","Master Development Agreement",,"No",,,,,,,,,,,,"-97.697617","30.295389"
"307","5503","Brookfield Homes - SF - Section 2 (Pilot Knob PUD)","Carma Easton LLC","Carma Easton LLC","Multiple Addresses","78744","0332100625","2","Single Family","Ownership","Under Construction","321","0","0","0","0","0","0","0","0","0","0","0","0","0",,"12-30-3799","0",,,,,"No","No","No","PUD Development Agreement;Municipal Utility District",,"No",,,,,,,,,,,,"-97.721746","30.163553"
"307","5505","David Weekley - SF - Section 2 (Pilot Knob PUD)","Carma Easton LLC","Carma Easton LLC","Multiple Addresses","78744","0332100625","2","Single Family","Ownership","Under Construction","88","0","0","0","0","0","0","0","0","0","0","0","0","0",,"12-30-3799","0",,,,,"No","No","No","Municipal Utility District;PUD Development Agreement",,"No",,,,,,,,,,,,"-97.721746","30.163553"
"307","5506","Perry Homes - SF - Section 2 (Pilot Knob PUD)","Carma Easton LLC","Carma Easton LLC","Multiple Addresses","78744","0332100625","2","Single Family","Ownership","Under Construction","88","0","0","0","0","0","0","0","0","0","0","0","0","0",,"12-30-3799","0",,,,,"No","No","No","Municipal Utility District;PUD Development Agreement",,"No",,,,,,,,,,,,"-97.721746","30.163553"
"307","5507","Taylor Morrison - SF - Section 2 (Pilot Knob PUD)","Carma Easton LLC","Carma Easton LLC","Multiple Addresses","78744","0332100625","2","Single Family","Ownership","Under Construction","91","0","0","0","0","0","0","0","0","0","0","0","0","0",,"12-30-3799","0",,,,,"No","No","No","Municipal Utility District;PUD Development Agreement",,"No",,,,,,,,,,,,"-97.721746","30.163553"
"307","5508","Dream Finders - SF - Section 1 (Pilot Knob PUD)","Carma Easton LLC","Carma Easton LLC","Multiple Addresses","78744","0332100625","2","Single Family","Ownership","Under Construction","90","0","0","0","0","0","0","0","0","0","0","0","0","0",,"12-30-3799","0",,,,,"No","No","No","PUD Development Agreement;Municipal Utility District",,"No",,,,,,,,,,,,"-97.721746","30.163553"
"347","5521","CalAtlantic - SF - Section 9 (RMMA MDA)","Catellus Austin LLC","Catellus Austin LLC","4610 Herzog Street","78723","0217163314","9","Single Family","Ownership","Affordability Period Expired","1","1","0","0","0","0","0","0","0","0","0","1","0","0","08-14-2018","08-14-2019","1",,,,,"No","No","Yes","Master Development Agreement",,"No",,,,,,,,,,,,"-97.69852","30.297869"
"347","5522","CalAtlantic - SF - Section 9 (RMMA MDA)","Catellus Austin LLC","Catellus Austin LLC","4614 Herzog Street","78723","0217163312","9","Single Family","Ownership","Affordability Period Expired","1","1","0","0","0","0","0","0","0","0","0","1","0","0","08-21-2018","08-21-2019","1",,,,,"No","No","Yes","Master Development Agreement",,"No",,,,,,,,,,,,"-97.698522","30.297867"
"347","5536","Lennar Homes/Village Builders-Austin - SF - Section 10 (RMMA MDA)","Catellus Austin LLC","Catellus Austin LLC","Multiple Addresses","78723","0","9","Single Family","Ownership","Affordability Period Expired","127","23","0","0","0","0","0","0","0","0","0","23","0","0","08-16-2023","08-16-2024","1",,,,,"No","No","Yes","Master Development Agreement",,"No",,,,,,,,,,,,"-97.6974617","30.29831336"
"321","5538","Enclave at Estancia - Phase V (Lennar Homes)","SLF III Onion Creek LP","Estancia Villas LLC","Multiple Addresses","78652","0449150901","5","Single Family","Ownership","Project Completed","84","0","0","0","0","0","0","0","0","0","0","0","0","0",,"12-30-3799","0",,,,,"No","No","No","PUD Development Agreement",,"No",,,,,,,,,,,,"-97.807296","30.124392"
"347","5571","Empire Communities - SF - Section 10A - 2 (RMMA MDA)","Catellus Austin LLC","Catellus Austin LLC","4609 Eberly Street","78723","0208180106","1","Single Family","Ownership","Project Completed","1","0","0","0","0","0","0","0","0","0","0","0","0","0",,"12-30-3799","0",,,,,"No","No","Yes","Master Development Agreement",,"No",,,,,,,,,,,,"-97.689","30.274199"
"347","5572","Empire Communities - SF - Section 10A - 2 (RMMA-MDA)","Catellus Austin LLC","Catellus Austin LLC","4611 Eberly Street","78723","0302520606","9","Single Family","Ownership","Project Completed","1","0","0","0","0","0","0","0","0","0","0","0","0","0",,"12-30-3799","0",,,,,"No","No","Yes","Master Development Agreement",,"No",,,,,,,,,,,,"-97.58534","30.2454"
"347","5573","Empire Communities - SF - Section 10A - 2 (RMMA-MDA)","Catellus Austin LLC","Catellus Austin LLC","4613 Eberly Street","78723","0302520607","9","Single Family","Ownership","Project Completed","1","0","0","0","0","0","0","0","0","0","0","0","0","0",,"12-30-3799","0",,,,,"No","No","Yes","Master Development Agreement",,"No",,,,,,,,,,,,"-97.585255","30.245522"
"347","5574","Empire Communities - SF - Section 10A - 2 (RMMA-MDA)","Catellus Austin LLC","Catellus Austin LLC","4610 Scarbrough Street","78723","0217164308","9","Single Family","Ownership","Project Completed","1","0","0","0","0","0","0","0","0","0","0","0","0","0",,"12-30-3799","0",,,,,"No","No","Yes","Master Development Agreement",,"No",,,,,,,,,,,,"-97.695949","30.297456"
"347","5575","Empire Communities - SF - Section 10A - 2 (RMMA-MDA)","Catellus Austin LLC","Catellus Austin LLC","4608 Scarbrough Street","78723","0217164309","9","Single Family","Ownership","Project Completed","1","0","0","0","0","0","0","0","0","0","0","0","0","0",,"12-30-3799","0",,,,,"No","No","Yes","Master Development Agreement",,"No",,,,,,,,,,,,"-97.695949","30.297456"
"347","5586","AMLI Branch Park (aka AMLI III)","Catellus Austin LLC","Catellus Austin LLC","1911 Philomena St","78723","0219130201","9","Multifamily","Rental","Project Completed","406","61","0","0","0","0","0","0","61","0","0","0","0","0","06-25-2024","06-25-2074","50",,,,,"No","No","Yes","Master Development Agreement",,"No",,,,,,,,,,,,"-97.70338","30.299939"
"347","5613","Empire Communities - SF - Setion 10A - 4 (RMMA-MDA)","Catellus Austin LLC","Catellus Austin LLC","2600 Mc Bee Street","78723","0217164304","9","Single Family","Ownership","Project Completed","1","0","0","0","0","0","0","0","0","0","0","0","0","0",,"12-30-3799","0",,,,,"No","No","Yes","Master Development Agreement",,"No",,,,,,,,,,,,"-97.696378","30.297641"
"347","5614","Empire Communities - SF - Section 10A - 4 (RMMA-MDA)","Catellus Austin LLC","Catellus Austin LLC","2604 Mc Bee Street","78723","0217164303","9","Single Family","Ownership","Project Completed","1","0","0","0","0","0","0","0","0","0","0","0","0","0",,"12-30-3799","0",,,,,"No","No","Yes","Master Development Agreement",,"No",,,,,,,,,,,,"-97.69625","30.297645"
"347","5615","Empire Communities - SF - Section 10A - 4 (RMMA-MDA)","Catellus Austin LLC","Catellus Austin LLC","2608 Mcbee Street","78723","0217164301","9","Single Family","Ownership","Project Completed","1","0","0","0","0","0","0","0","0","0","0","0","0","0",,"12-30-3799","0",,,,,"No","No","Yes","Master Development Agreement",,"No",,,,,,,,,,,,"-97.696028","30.29767"
"347","5616","Empire Communities - SF - Secdtion 10A - 4 (RMMA-MDA)","Catellus Austin LLC","Catellus Austin LLC","2606 Mcbee","78723","0217164302","9","Single Family","Ownership","Project Completed","1","0","0","0","0","0","0","0","0","0","0","0","0","0",,"12-30-3799","0",,,,,"No","No","Yes","Master Development Agreement",,"No",,,,,,,,,,,,"-97.696141","30.297632"
"377","5730","The Korina - (The Grove PUD)","ARG Bull Creek Ltd.","ARG Bull Creek Ltd.","4424 Jackson Ave","78731","0124000509","10","Multifamily","Rental","Project Completed","373","50","0","0","0","0","0","0","44","0","0","6","0","0","08-17-2021","08-17-2061","40",,,,,"No","No","No","PUD Development Agreement",,"No",,,,,,,,,,,,"-97.75231","30.31721"
"377","5796","The Grove Residential Condominiums (Stacked Flats)","ARG Bull Creek Ltd.","ARG Bull Creek Ltd.","4501 Jackson Avenue Unit 5106","78731","0124000601","10","Multifamily","Ownership","Project Completed","1","1","0","0","0","0","0","0","0","0","0","1","0","0","04-15-2021","04-15-2120","99",,,,,"No","No","No","PUD Development Agreement",,"No",,,,,,,,,,,,"-97.7522","30.31718"
"377","5797","The Grove Residential Condominiums (Stacked Flats)","ARG Bull Creek Ltd.","ARG Bull Creek Ltd.","4501 Jackson Avenue Unit 5206","78731","0124000601","10","Multifamily","Ownership","Project Completed","1","1","0","0","0","0","0","0","0","0","0","1","0","0","04-15-2021","04-15-2120","99",,,,,"No","No","No","PUD Development Agreement",,"No",,,,,,,,,,,,"-97.7522","30.31718"
"377","5798","The Grove Residential Condominiums (Stacked Flats)","ARG Bull Creek Ltd.","ARG Bull Creek Ltd.","4415 Jackson Avenue Unit  4306","78731","0124000601","10","Multifamily","Ownership","Project Completed","1","1","0","0","0","0","0","0","0","0","0","1","0","0","04-15-2021","04-15-2120","99",,,,,"No","No","No","PUD Development Agreement",,"No",,,,,,,,,,,,"-97.75224","30.31714"
"377","5807","The Grove Residential Condominiums (Stacked Flats)","ARG Bull Creek Ltd.","ARG Bull Creek Ltd.","4325 Jackson Avenue Unit 2306","78731","0124000601","10","Multifamily","Ownership","Project Completed","1","1","0","0","0","0","0","0","0","0","0","1","0","0","06-10-2021","06-10-2120","99",,,,,"No","No","No","PUD Development Agreement",,"No",,,,,,,,,,,,"-97.7552","30.31419"
"377","5811","The Grove Residential Condominiums (Stacked Flats)","ARG Bull Creek Ltd.","ARG Bull Creek Ltd.","4415 Jackson Avenue Unit 4206","78731","0124000601","10","Multifamily","Ownership","Project Completed","1","1","0","0","0","0","0","0","0","0","0","1","0","0","05-14-2021","05-14-2120","99",,,,,"No","No","No","PUD Development Agreement",,"No",,,,,,,,,,,,"-97.75224","30.31714"
"377","5816","The Grove Residential Condominiums (Stacked Flats)","ARG Bull Creek Ltd.","ARG Bull Creek Ltd.","4405 Jackson Avenue Unit 3306","78731","0124000601","10","Multifamily","Ownership","Project Completed","1","1","0","0","0","0","0","0","0","0","0","1","0","0","06-04-2021","06-04-2120","99",,,,,"No","No","No","PUD Development Agreement",,"No",,,,,,,,,,,,"-97.752579","30.3169"
"377","5817","The Grove Residential Condominiums (Stacked Flats)","ARG Bull Creek Ltd.","ARG Bull Creek Ltd.","4415 Jackson Avenue Unit 4106","78731","0124000601","10","Multifamily","Ownership","Project Completed","1","1","0","0","0","0","0","0","0","0","0","1","0","0","06-04-2021","06-04-2120","99",,,,,"No","No","No","PUD Development Agreement",,"No",,,,,,,,,,,,"-97.752243","30.317141"
"377","5880","The Grove Residential Condominiums (Stacked Flats)","ARG Bull Creek Ltd.","ARG Bull Creek Ltd.","4325 Jackson Avenue Unit 2206","78731","0124000601","10","Multifamily","Ownership","Project Completed","1","1","0","0","0","0","0","0","0","0","0","1","0","0","04-06-2021","04-06-2120","99",,,,,"No","No","No","PUD Development Agreement",,"No",,,,,,,,,,,,"-97.755203","30.31419"
"377","5891","The Grove Residential Condominiums (Stacked Flats)","ARG Bull Creek Ltd.","ARG Bull Creek Ltd.","4405 Jackson Avenue Unit 3106","78731","0124000601","10","Multifamily","Ownership","Project Completed","1","1","0","0","0","0","0","0","0","0","0","1","0","0","12-15-2020","12-15-2119","99",,,,,"No","No","Yes","PUD Development Agreement",,"No",,,,,,,,,,,,"-97.752579","30.3169"
"377","5892","The Grove Residential Condominiums (Stacked Flats)","ARG Bull Creek Ltd.","ARG Bull Creek Ltd.","4501 Jackson Avenue Unit 5306","78731","0124000601","10","Multifamily","Ownership","Project Completed","1","1","0","0","0","0","0","0","0","0","0","1","0","0","10-30-2020","10-30-2119","99",,,,,"No","No","No","PUD Development Agreement",,"No",,,,,,,,,,,,"-97.752197","30.317181"
"377","5893","The Grove Residential Condominiums (Stacked Flats)","ARG Bull Creek Ltd.","ARG Bull Creek Ltd.","4405 Jackson Avenue Unit 3206","78731","0124000601","10","Multifamily","Ownership","Project Completed","1","1","0","0","0","0","0","0","0","0","0","1","0","0","12-15-2020","12-15-2119","99",,,,,"No","No","No","PUD Development Agreement",,"No",,,,,,,,,,,,"-97.752579","30.3169"
"377","5894","The Grove Residential Condominiums (Stacked Flats)","ARG Bull Creek Ltd.","ARG Bull Creek Ltd.","4325 Jackson Avenue Unit 2106","78731","0124000601","10","Multifamily","Ownership","Project Completed","1","1","0","0","0","0","0","0","0","0","0","1","0","0","04-06-2021","04-06-2120","99",,,,,"No","No","No","PUD Development Agreement",,"No",,,,,,,,,,,,"-97.755203","30.31419"
"377","5918","The Grove PUD - The Alder","ARG Bull Creek Ltd.","ARG Bull Creek Ltd.","2612 Perseverance Drive","78731","0124000508","10","Multifamily","Rental","Project Completed","268","36","0","0","0","0","0","0","32","0","0","4","0","0","12-15-2023","12-15-2063","40",,,,,"No","No","Yes",,,"No",,,,,,,,,,,,"-97.75184","30.31822"
"517","5245","Flatiron Domain","Austin Flatiron LP","Big Red Dog","10727 Domain Drive","78758","0252060206","7","Multifamily","Rental","Project Completed","363","31","0","0","0","0","0","0","31","0","0","0","0","0","12-31-2019","12-31-2059","40","Paid","$245,772","04-17-2019",,"No","No","No",,,"Yes",,,,,,,,,,,,"-97.725581","30.393743"
"2","3225","M Station","Foundation Communities Inc.","Foundation Communities Inc.","2906 E Martin Luther King Jr Boulevard","78722","0212130144","1","Multifamily","Rental","Project Completed","150","140","0","0","0","28","0","68","36","0","0","8","0","0","11-16-2009","11-16-2108","99",,,,"RHDA","No","No","Yes",,,"No","9% LIHTC","$2,000,000","$0","$0",,"$0","$0","$0","$0","$0","$2,000,000","-97.70841372","30.28200722"
"8","3231","Sierra Vista (fka Shady Oaks)","Foundation Communities Inc.","Foundation Communities Inc.","4320 S Congress Avenue","78745","0411050333","3","Multifamily","Rental","Project Completed","238","238","29","0","0","24","0","119","0","0","0","95","0","0","02-04-2010","02-04-2109","99",,,,"RHDA","No","No","Yes",,,"No","9% LIHTC","$3,000,000","$0","$0",,"$0","$0","$0","$0",,"$3,000,000","-97.7671846","30.2190338"
"29","3273","Fort Branch Landing","Fort Branch Landing LP","Fort Branch Landing LP","5800 Techni Center Drive","78721","0211260202","1","Multifamily","Rental","Affordability Period Expired","250","250","30","0","0","0","0","0","250","0","0","0","0","0","12-13-2000","12-13-2020","20",,,,"RHDA","No","No","Yes",,,"No","4% LIHTC","$0","$0","$0",,"$0","$0","$500,000","$0",,"$0","-97.671414","30.279039"
"40","3297","Palms at North Lamar","TMG - TX Austin I L.P.","TMG - TX Austin I","8600 N Lamar Boulevard","78753","0238150805","4","Multifamily","Rental","Project Completed","476","215","27","0","0","22","0","193","0","0","0","0","0","0","06-10-2010","06-10-2109","99",,,,"RHDA","No","No","No",,,"No","9% LIHTC","$3,000,000","$0","$0",,"$0","$0","$0","$0",,"$3,000,000","-97.70433045","30.35465331"
"44","3301","City View at the Park","Parker Lane Senior Apartments L.P.","SGI Ventures Inc. & Strategic Housing Finance Corporation","2000 Woodward Street","78741","0311030303","3","Multifamily","Rental","Project Completed","70","68","9","0","0","7","0","0","61","0","0","0","0","0","12-20-2011","12-20-2031","20",,,,"RHDA","No","No","Yes",,,"No","9% LIHTC","$0","$0","$0",,"$0","$0","$228,000","$71,000",,"$71,000","-97.74342133","30.21848555"
"46","3303","Marshall Apartments","Eureka Holdings","Marshall Affordable Partners Ltd.","1157 Salina Street","78702","0208091712","1","Multifamily","Rental","Project Completed","100","100","12","0","0","0","0","100","0","0","0","0","0","0","08-19-2011","08-19-2110","99",,,,"RHDA","No","No","No",,,"No","4% LIHTC","$2,500,000","$0","$0",,"$0","$0","$0","$0",,"$2,500,000","-97.72483049","30.27270376"
"57","3316","La Vista de Guadalupe","Guadalupe Neighborhood Development Corporation","Guadalupe Neighborhood Development Corporation","813 E 8th Street","78702","0206050228","1","Multifamily","Rental","Project Completed","22","22","2","0","0","3","0","18","1","0","0","0","0","0","08-20-2008","08-20-2048","40",,,,"RHDA","No","No","Yes",,,"No","9% LIHTC","$0","$0","$0",,"$0","$0","$2,138,239","$0",,"$0","-97.73298","30.26728"
"68","3385","Skyline Terrace","Foundation Communities Inc.","Foundation Communities Inc.","1212 W Ben White Boulevard","78704","0408080806","5","Multifamily","Rental","Project Completed","100","100","2","0","0","0","0","100","0","0","0","0","0","0","06-27-2008","06-27-2048","40",,,,"RHDA","No","No","No",,,"No","9% LIHTC","$1,516,850","$0","$0",,"$0","$0","$1,118,309","$881,691",,"$2,398,541","-97.77817812","30.22823613"
"69","3386","Homestead Oaks","Foundation Communities Inc.","Foundation Communities Inc.","3226 W Slaughter Lane","78748","0431370201","5","Multifamily","Rental","Project Completed","140","126","17","14","0","14","0","70","42","0","0","0","0","0","09-06-2013","09-06-2053","40",,,,"RHDA","No","No","Yes",,,"No","9% LIHTC","$0","$0","$0",,"$0","$3,250,000","$0","$0",,"$3,250,000","-97.84472009","30.18153209"
"70","3387","Capital Studios","Foundation Communities Inc.","Foundation Communities Inc.","309 E 11th Street","78701","0208031501","9","Multifamily","Rental","Project Completed","135","135","17","27","0","27","27","81","0","0","0","0","0","0","12-30-2014","12-30-2054","40",,,,"RHDA","No","No","Yes",,,"No","9% LIHTC","$2,000,000","$0","$0",,"$1,150,000","$1,510,000","$0","$0",,"$3,510,000","-97.73808578","30.27175218"
"71","3388","Bluebonnet Studios SRO","Foundation Communities Inc.","Foundation Communities Inc.","2301 S Lamar Boulevard","78704","0401070229","5","Multifamily","Rental","Project Completed","107","107","13","6","0","22","21","64","0","0","0","0","0","0","03-28-2017","03-28-2057","40",,,,"RHDA","No","No","Yes",,,"No","9% LIHTC","$0","$3,700,000","$0",,"$0","$0","$294,420","$0",,"$3,700,000","-97.77551651","30.24698735"
"72","3389","Lakeline Station","Foundation Communities Inc.","Foundation Communities Inc.","13635 Rutledge Spur","78717","R525118","6","Multifamily","Rental","Project Completed","128","128","16","13","0","13","0","64","51","0","0","0","0","0","02-27-2017","02-27-2057","40",,,,"RHDA","No","No","Yes",,,"No","9% LIHTC","$0","$2,975,000","$0",,"$0","$0","$294,820","$0",,"$2,975,000","-97.78034499","30.47625308"
"73","3390","Live Oak Trails","Foundation Communities Inc.","Foundation Communities Inc.","8500 W SH 71","78735","0402440213","8","Multifamily","Rental","Project Completed","58","58","8","12","0","12","12","34","0","0","0","0","0","0","01-20-2017","01-20-2057","40",,,,"RHDA","No","No","Yes",,,"No","9% LIHTC","$0","$1,750,000","$0",,"$0","$0","$295,690","$0",,"$1,750,000","-97.89008216","30.24855938"
"78","3397","Lucero Apartments","2013 Travis Oak Creek LP","Eureka Holdings LLC","2324 Wilson Street","78704","0403010249","3","Multifamily","Rental","Project Completed","173","173","22","0","0","18","0","70","85","0","0","0","0","0","02-04-2016","02-04-2056","40",,,,"RHDA","No","No","Yes",,,"No","9% LIHTC","$0","$0","$0",,"$2,000,000","$0","$0","$0",,"$0","-97.756732","30.242069"
"151","3533","Terrace at Oak Springs","Housing First Oak Springs LP","Austin Travis County Integral Care","3000 Oak Springs Drive","78702","0209150228","1","Multifamily","Rental","Project Completed","50","50","7","50","0","0","0","50","0","0","0","0","0","0","11-13-2019","11-13-2059","40",,,,"RHDA","No","No","Yes",,,"No","4% LIHTC","$0","$3,888,112","$0",,"$0","$0","$0","$0",,"$3,888,112","-97.70056603","30.27352219"
"160","3541","LaMadrid Apartments","LaMadrid Apartments LLC","LaMadrid Apartments LLC","11320 Manchaca Road","78748","0432210308","5","Multifamily","Rental","Project Completed","95","83","12","10","0","9","0","34","40","0","0","0","0","0","07-02-2018","07-02-2058","40",,,,"RHDA","No","No","Yes",,,"No","9% LIHTC","$0","$3,300,000","$0",,"$0","$0","$0","$0",,"$3,300,000","-97.83384","30.156484"
"161","3542","Cardinal Point Apartments","Foundation Communities Inc.","Foundation Communities Inc.","11015 Four Points Drive","78730","0154300218","10","Multifamily","Rental","Project Completed","120","120","15","12","0","12","0","60","48","0","0","0","0","0","08-31-2015","08-31-2055","40",,,,"RHDA","No","No","Yes",,,"No","9% LIHTC","$0","$2,575,000","$0",,"$0","$0","$0","$0",,"$2,575,000","-97.846806","30.399341"
"272","3757","Elysium Grand","Elysium Grand LP","Saigebrook Development LLC","3300 Oak Creek Drive","78727","0266130508","7","Multifamily","Rental","Project Completed","90","90","11","25","0","12","0","40","17","0","0","21","0","0","09-04-2020","09-04-2060","40",,,,"RHDA","No","No","Yes",,,"No","4% LIHTC","$0","$3,320,000","$0",,"$0","$0","$0","$0",,"$3,320,000","-97.704912","30.4280236"
"380","3973","Aria Grand","Aria Grand LLC","Saigebrook Development LLC","1800 S IH 35","78704","0304040209","9","Multifamily","Rental","Project Completed","70","60","9","7","0","6","0","24","30","0","0","0","0","0","11-29-2019","11-29-2059","40",,,,"RHDA","No","No","Yes",,,"No","9% LIHTC","$0","$1,500,000","$0",,"$0","$0","$0","$0",,"$1,500,000","-97.738133","30.240492"
"383","3976","Travis Flats","Austin TCHFC-DMA Housing LLC","DMA Development Company LLC","5325 Airport Blvd","78751","0223121901","4","Multifamily","Rental","Project Completed","146","146","0","3","0","9","0","30","107","0","0","0","0","0","06-02-2021","06-02-2061","40",,,,"RHDA","No","No","Yes",,,"No","9% LIHTC",,"$128,412","$500,000",,"$1,371,588",,,,,"$628,412","-97.714175","30.315125"
"422","4487","Waterloo Terrace","Foundation Communities Inc","Foundation Communities Inc.","12190 N Mopac Expressway","78758","0260100502","7","Multifamily","Rental","Project Completed","132","132","16","27","0","27","27","78","0","0","0","0","0","0","12-01-2020","12-01-2060","40",,,,"RHDA","No","No","Yes",,,"No","9% LIHTC","$0","$3,200,000","$2,372,692",,"$0","$0","$0","$827,308",,"$6,400,000","-97.708737","30.413996"
"425","4539","Vi Collina","Vi Collina LLC","Saigebrook Development LLC","2401 E Oltorf Street","78741","0308060114","3","Multifamily","Rental","Project Completed","170","170","0","0","0","5","0","66","68","0","0","31","0","0","04-20-2022","04-20-2062","40",,,,"RHDA","No","Yes","Yes",,,"No","4% LIHTC",,,"$3,253,525",,,,,"$246,475",,"$3,500,000","-97.7296","30.22853"
"619","5442","Heritage Heights","Austin Inner-City Redevelopment Phase I Ltd.","Unknown","1609 E 11th Street","78702","0205080106","1","Single Family","Rental","Affordability Period Expired","1","1","0","0","0","0","0","0","1","0","0","0","0","0","12-28-1993","12-28-2023","30",,,,"RHDA","No","No","No",,,"No","9% LIHTC","$0","$0","$0",,"$0","$0","$0","$0",,"$0","-97.72386","30.267028"
"619","5443","Heritage Heights","Austin Inner-City Redevelopment Phase I Ltd.","Unknown","1611 E 11th Street","78702","0205080107","1","Single Family","Rental","Affordability Period Expired","1","1","0","0","0","0","0","0","1","0","0","0","0","0","12-28-1993","12-28-2023","30",,,,"RHDA","No","No","No",,,"No","9% LIHTC","$0","$0","$0",,"$0","$0","$0","$0",,"$0","-97.7237","30.266957"
"619","5444","Heritage Heights","Austin Inner-City Redevelopment Phase I Ltd.","Unknown","1603 E 10th Street","78702","0205080121","1","Single Family","Rental","Affordability Period Expired","1","1","0","0","0","0","0","0","1","0","0","0","0","0","12-28-1993","12-28-2023","30",,,,"RHDA","No","No","No",,,"No","9% LIHTC","$0","$0","$0",,"$0","$0","$0","$0",,"$0","-97.724708","30.266283"
"619","5445","Heritage Heights","Austin Inner-City Redevelopment Phase I Ltd.","Unknown","1605 E 10th Street","78702","0205080122","1","Single Family","Rental","Affordability Period Expired","1","1","0","0","0","0","0","0","1","0","0","0","0","0","12-28-1993","12-28-2023","30",,,,"RHDA","No","No","No",,,"No","9% LIHTC","$0","$0","$0",,"$0","$0","$0","$0",,"$0","-97.724673","30.266166"
"619","5446","Heritage Heights","Austin Inner-City Redevelopment Phase I Ltd.","Unknown","1607 E 10th Street","78702","0205080123","1","Single Family","Rental","Affordability Period Expired","1","1","0","0","0","0","0","0","1","0","0","0","0","0","12-28-1993","12-28-2023","30",,,,"RHDA","No","No","No",,,"No","9% LIHTC","$0","$0","$0",,"$0","$0","$0","$0",,"$0","-97.724503","30.266121"
"619","5447","Heritage Heights","Austin Inner-City Redevelopment Phase I Ltd.","Unknown","1610 E 10th Street","78702","0205080114","1","Single Family","Rental","Affordability Period Expired","1","1","0","0","0","0","0","0","1","0","0","0","0","0","12-28-1993","12-28-2023","30",,,,"RHDA","No","No","No",,,"No","9% LIHTC","$0","$0","$0",,"$0","$0","$0","$0",,"$0","-97.723987","30.266482"
"619","5448","Heritage Heights","Austin Inner-City Redevelopment Phase I Ltd.","Unknown","1608 E 10th Street","78702","0205080115","1","Single Family","Rental","Affordability Period Expired","1","1","0","0","0","0","0","0","1","0","0","0","0","0","12-28-1993","12-28-2023","30",,,,"RHDA","No","No","No",,,"No","9% LIHTC","$0","$0","$0",,"$0","$0","$0","$0",,"$0","-97.724124","30.266574"
"619","5449","Heritage Heights","Austin Inner-City Redevelopment Phase I Ltd.","Unknown","1604 E 10th Street","78702","0205080117","1","Single Family","Rental","Affordability Period Expired","1","1","0","0","0","0","0","0","1","0","0","0","0","0","12-30-1993","12-30-2023","30",,,,"RHDA","No","No","No",,,"No","9% LIHTC","$0","$0","$0",,"$0","$0","$0","$0",,"$0","-97.724359","30.266661"
"619","5450","Heritage Heights","Austin Inner-City Redevelopment Phase I Ltd.","Unknown","1607 E 10th Street","78702","0205080123","1","Single Family","Rental","Affordability Period Expired","1","1","0","0","0","0","0","0","1","0","0","0","0","0","12-28-1993","12-28-2023","30",,,,"RHDA","No","No","No",,,"No","9% LIHTC","$0","$0","$0",,"$0","$0","$0","$0",,"$0","-97.724505","30.266118"
"619","5451","Heritage Heights","Austin Inner-City Redevelopment Phase I Ltd.","Unknown","1608 E 9th Street","78702","0205080136","1","Single Family","Rental","Affordability Period Expired","1","1","0","0","0","0","0","0","1","0","0","0","0","0","12-28-1993","12-28-2023","30",,,,"RHDA","No","No","No",,,"No","9% LIHTC","$0","$0","$0",,"$0","$0","$0","$0",,"$0","-97.724501","30.26571"
"619","5453","Heritage Heights","Austin Inner-City Redevelopment Phase I Ltd.","Unknown","1602 E 9th Street","78702","0205080130","1","Single Family","Rental","Affordability Period Expired","1","1","0","0","0","0","0","0","1","0","0","0","0","0","12-28-1993","12-28-2023","30",,,,"RHDA","No","No","No",,,"No","9% LIHTC","$0","$0","$0",,"$0","$0","$0","$0",,"$0","-97.724932","30.265855"
"619","5454","Heritage Heights","Austin Inner-City Redevelopment Phase I Ltd.","Unknown","1600 E 9th Street","78702","0205080131","1","Single Family","Rental","Affordability Period Expired","1","1","0","0","0","0","0","0","1","0","0","0","0","0","12-28-1993","12-28-2023","30",,,,"RHDA","No","No","No",,,"No","9% LIHTC","$0","$0","$0",,"$0","$0","$0","$0",,"$0","-97.725015","30.265715"
"619","5455","Heritage Heights","Austin Inner-City Redevelopment Phase I Ltd.","Unknown","1605 E 9th Street","78702","0205080134","1","Single Family","Rental","Affordability Period Expired","1","1","0","0","0","0","0","0","1","0","0","0","0","0","12-28-1993","12-28-2023","30",,,,"RHDA","No","No","No",,,"No","9% LIHTC","$0","$0","$0",,"$0","$0","$0","$0",,"$0","-97.724973","30.26536"
"619","5456","Heritage Heights","Austin Inner-City Redevelopment Phase I Ltd.","Unknown","1607 E 9th Street","78702","0205080135","1","Single Family","Rental","Affordability Period Expired","1","1","0","0","0","0","0","0","1","0","0","0","0","0","12-28-1993","12-28-2023","30",,,,"RHDA","No","No","No",,,"No","9% LIHTC","$0","$0","$0",,"$0","$0","$0","$0",,"$0","-97.724877","30.265309"
"619","5457","Heritage Heights","Austin Inner-City Redevelopment Phase I Ltd.","Unknown","1609 E 9th Street","78702","0205080136","1","Single Family","Rental","Affordability Period Expired","1","1","0","0","0","0","0","0","1","0","0","0","0","0","12-28-1993","12-28-2023","30",,,,"RHDA","No","No","No",,,"No","9% LIHTC","$0","$0","$0",,"$0","$0","$0","$0",,"$0","-97.724708","30.265297"
"619","5458","Heritage Heights","Austin Inner-City Redevelopment Phase I Ltd.","Unknown","1621 E 11th Street","78702","0205080202","1","Single Family","Rental","Affordability Period Expired","1","1","0","0","0","0","0","0","1","0","0","0","0","0","12-28-1993","12-28-2023","30",,,,"RHDA","No","No","No",,,"No","9% LIHTC","$0","$0","$0",,"$0","$0","$0","$0",,"$0","-97.723149","30.266767"
"619","5459","Heritage Heights","Austin Inner-City Redevelopment Phase I Ltd.","Unknown","1625 E 11th Street","78702","0205080205","1","Single Family","Rental","Affordability Period Expired","1","1","0","0","0","0","0","0","1","0","0","0","0","0","12-28-1993","12-28-2023","30",,,,"RHDA","No","No","No",,,"No","9% LIHTC","$0","$0","$0",,"$0","$0","$0","$0",,"$0","-97.722927","30.266657"
"619","5460","Heritage Heights","Austin Inner-City Redevelopment Phase I Ltd.","Unknown","1627 E 11th Street","78723","0205080205","1","Single Family","Rental","Affordability Period Expired","1","1","0","0","0","0","0","0","1","0","0","0","0","0","12-28-1993","12-28-2023","30",,,,"RHDA","No","No","No",,,"No","9% LIHTC","$0","$0","$0",,"$0","$0","$0","$0",,"$0","-97.72279","30.2666"
"619","5461","Heritage Heights","Austin Inner-City Redevelopment Phase I Ltd.","Unknown","1623 E 11th Steet","78723","0205080222","1","Single Family","Rental","Affordability Period Expired","1","1","0","0","0","0","0","0","1","0","0","0","0","0","12-28-1993","12-28-2023","30",,,,"RHDA","No","No","No",,,"No","9% LIHTC","$0","$0","$0",,"$0","$0","$0","$0",,"$0","-97.723054","30.266717"
"619","5462","Heritage Heights","Austin Inner-City Redevelopment Phase I Ltd.","Unknown","1617 E 10th Street","78702","0205080223","1","Single Family","Rental","Affordability Period Expired","1","1","0","0","0","0","0","0","1","0","0","0","0","0","12-28-1993","12-28-2023","30",,,,"RHDA","No","No","No",,,"No","9% LIHTC","$0","$0","$0",,"$0","$0","$0","$0",,"$0","-97.723837","30.265945"
"619","5463","Heritage Heights","Austin Inner-City Redevelopment Phase I Ltd.","Unknown","1619 E 10th Street","78702","0205080224","1","Single Family","Rental","Affordability Period Expired","1","1","0","0","0","0","0","0","1","0","0","0","0","0","12-28-1993","12-28-2023","30",,,,"RHDA","No","No","No",,,"No","9% LIHTC","$0","$0","$0",,"$0","$0","$0","$0",,"$0","-97.72366","30.265931"
"619","5464","Heritage Heights","Austin Inner-City Redevelopment Phase I Ltd.","Unknown","1625 E 10th Street","78702","0205080227","1","Single Family","Rental","Affordability Period Expired","1","1","0","0","0","0","0","0","1","0","0","0","0","0","12-28-1993","12-28-2023","30",,,,"RHDA","No","No","No",,,"No","9% LIHTC","$0","$0","$0",,"$0","$0","$0","$0",,"$0","-97.723292","30.2657"
"619","5466","Heritage Heights","Austin Inner-City Redevelopment Phase I Ltd.","Unknown","1624 E 10th Street","78702","0205080230","1","Single Family","Rental","Affordability Period Expired","1","1","0","0","0","0","0","0","1","0","0","0","0","0","12-28-1993","12-28-2023","30",,,,"RHDA","No","No","No",,,"No","9% LIHTC","$0","$0","$0",,"$0","$0","$0","$0",,"$0","-97.723095","30.266176"
"619","5467","Heritage Heights","Austin Inner-City Redevelopment Phase I Ltd.","Unknown","1622 E 10th Street","78702","0205080231","1","Single Family","Rental","Affordability Period Expired","1","1","0","0","0","0","0","0","1","0","0","0","0","0","12-28-1993","12-28-2023","30",,,,"RHDA","No","No","No",,,"No","9% LIHTC","$0","$0","$0",,"$0","$0","$0","$0",,"$0","-97.723201","30.266259"
"619","5468","Heritage Heights","Austin Inner-City Redevelopment Phase I Ltd.","Unknown","1626 E 10th Street","78702","0205080229","1","Single Family","Rental","Affordability Period Expired","1","1","0","0","0","0","0","0","1","0","0","0","0","0","12-28-1993","12-28-2023","30",,,,"RHDA","No","No","No",,,"No","9% LIHTC","$0","$0","$0",,"$0","$0","$0","$0",,"$0","-97.723066","30.266016"
"623","5473","La Vista de Lopez","Guadalupe Neighborhood Development Corporation","Guadalupe Neighborhood Development Corporation","809 East 9th Street","78702","0206050308","1","Multifamily","Rental","Under Construction","34","27","0","0","0","8","0","19","0","0","0","0","0","0","07-01-2025","07-01-2065","40",,,,"RHDA","No","Yes","Yes",,,"No","4% LIHTC",,"$2,133,000","$2,133,000",,,,"$3,084,310",,,"$4,266,000","-97.732843","30.268078"
"628","5488","Granada","Journeyman Group","JCI Residential LLC","414 E Wonsley Dr","78753","0235150433","4","Multifamily","Rental","Affordability Released","258","233","0","0","0","0","0","0","233","0","0","0","0","0","05-14-2021","05-14-2026","5",,,,"RHDA","No","No","Yes",,,"No","4% LIHTC","$0","$0","$0",,"$0","$0","$0","$0",,"$0","-97.700424","30.34473"
"638","5511","The Abali","Saigebrood Development and O-SDA Industries","Saigebrook Development and O-SDA Industries","4611 N IH 35","78744","0219120202","9","Multifamily","Rental","Project Completed","56","51","0","0","0","6","0","23","22","0","0","0","0","0","09-17-2021","09-17-2061","40",,,,"RHDA","No","Yes","Yes",,,"No","9% LIHTC",,,"$1,737,395",,,"$262,605",,,,"$2,000,000","-97.71283","30.304665"
"640","5513","Laurel Creek","Foundation Communities Inc","Foundation Communities Inc.","11704 N Lamar Blvd","78753","0252200115","7","Multifamily","Rental","Project Completed","88","88","0","0","0","18","26","44","0","0","0","0","0","0","11-19-2021","11-19-2061","40",,,,"RHDA","No","No","Yes",,,"No","9% LIHTC","$0","$0","$0",,"$0","$0","$0","$3,285,115",,"$3,285,115","-97.684527","30.386674"
"648","5558","The Loretta","Foundation Communities Inc.","Foundation Communities Inc.","13649 Rutledge Spur","78717","0","6","Multifamily","Rental","Project Completed","137","137","0","0","0","14","0","69","54","0","0","0","0","0","04-30-2021","04-30-2063","42",,,,"RHDA","No","No","Yes",,,"No","9% LIHTC","$0","$0","$3,984,000","0","$0","$0","$0","$0","$0","$3,984,000","-97.78152","30.477898"
"655","5566","EKOS City Heights","McDowell Housing Partners","McDowell Housing Partners","4400 Nuckols Crossing Rd","78744","0318040109","2","Multifamily","Rental","Project Completed","179","179","0","10","0","10","0","110","0","0","0","59","0","0","10-30-2024","10-30-2064","40",,,,"RHDA","No","Yes","Yes",,,"No","4% LIHTC","$0","$0","$2,666,667","0","$0","$0","$0","$333,333","$0","$3,000,000","-97.735903","30.202066"
"656","5567","Burnet Place","Project Transitions Inc","Big Red Dog","8007 Burnet Rd","78757","0239061008","4","Multifamily","Rental","Project Completed","61","61","0","9","0","12","12","37","0","0","0","0","0","0","08-19-2024","08-19-2064","40",,,,"RHDA","No","Yes","Yes",,,"No","4% LIHTC",,,"$3,642,917",,,,"$2,200,000","$457,083",,"$4,100,000","-97.72979288","30.35870355"
"692","5641","Zilker Studios (fka Armadillo Studios)","Foundation Communities Inc","Foundation Communities Inc.","1508 S Lamar Blvd","78704","0100050702","9","Multifamily","Rental","Project Completed","110","110","0","0","0","22","33","55","0","0","0","0","0","0","10-01-2023","10-01-2063","40",,,,"RHDA","No","Yes","Yes",,,"No","9% LIHTC","$20,363",,"$4,608,387",,,,,"$0",,"$4,628,750","-97.76502","30.25215"
"697","5647","Parker Apartments","Foundation Communities Inc.","Foundation Communities Inc.","2105 Parker Lane","78741","0307050303","3","Multifamily","Rental","Project Completed","150","150","0","0","0","15","0","75","60","0","0","0","0","0","02-07-2022","02-07-2067","45",,,,"RHDA","No","Yes","Yes",,,"No","9% LIHTC","$4,100,000","$0","$0",,"$0","$0","$0","$0","$5,563,669","$9,663,669","-97.73164","30.231662"
"706","5662","Arbor Park","Austin DMA Housing","Austin DMA Housing","6306 McNeil Drive","78729","0170011601","6","Multifamily","Rental","Project Completed","147","111","0","0","0","0","0","55","44","0","0","12","0","0","04-17-2025","04-17-2065","40",,,,"RHDA","No","Yes","Yes",,,"No","9% LIHTC",,,"$2,000,000",,,,,,,"$2,000,000","-97.75104","30.44124"
"681","5728","La Cima Apartments","Richman Southwest Development LLC","Richman Southwest Development LLC","3200 Montopolis Drive","78744","0316100202","2","Single Family","Rental","Affordability Released","260","260","0","0","0","0","26","0","234","0","0","0","0","0","02-07-2023","02-07-2028","5",,,,"RHDA","No","No","Yes",,,"No","4% LIHTC","$0","$0","$0",,"$0","$0","$0","$0",,"$0","-97.713884","30.210625"
"769","5747","Juniper Creek","Foundation Communities","Foundation Communities Inc.","11630 and 11616 North Lamar Blvd","78753","0250200101","7","Multifamily","Rental","Project Completed","110","110","0","0","0","22","0","44","44","0","0","0","0","0","10-27-2025","10-27-2065","40",,,,"RHDA","No","Yes","Yes",,,"No","4% LIHTC",,,"$3,300,000","3,190,239",,,,,,"$3,300,000","-97.68457","30.38601"
"773","5752","Saison North","Saison North LLC","Saigebrook Development LLC","10010 N Capital of Texas Hwy","78731","0252000201","7","Multifamily","Rental","Project Completed","116","82","0","0","0","9","0","34","39","0","0","0","0","0","06-06-2024","06-06-2064","40",,,,"RHDA","No","Yes","Yes",,,"No","9% LIHTC",,,"$6,200,000",,,,,,,"$6,200,000","-97.73867","30.391"
"774","5753","Cady Lofts","SGI Ventures Inc","Saigebrook Development LLC","1004 1006 1008 E 39th Street","78751","0217090816","9","Multifamily","Rental","Project Completed","100","100","0","100","0","20","0","60","20","0","0","0","0","0","03-27-2025","03-27-2065","40",,,,"RHDA","No","Yes","Yes",,,"No","9% LIHTC",,,"$5,000,000","2,200,000",,,,,"$0","$5,000,000","-97.72018","30.29617"
"775","5754","June West","June West LLC","Saigebrook Development LLC","1200 - 1206 W Koenig Lane","78756","0229070109","7","Multifamily","Rental","Project Completed","80","80","0","0","0","10","0","32","32","0","0","6","0","0","10-10-2024","10-10-2064","40",,,,"RHDA","No","Yes","Yes",,,"No","9% LIHTC","$1,400,000",,"$2,300,000",,,,,,,"$3,700,000","-97.7301","30.33053"
"783","5783","Manor Apartments","AMTEX Multi-Housing LLC","AMTEX","6721 Manor Rd","78723","0221251201","1","Multifamily","Rental","Loan Awarded","181","181","0","0","0","0","0","37","144","0","0","0","0","0",,"12-30-1939","40",,,,"RHDA","No","Yes","Yes",,,"No","4% LIHTC",,,,"5,754,000",,,,,,,"-97.666439","30.310593"
"784","5784","Pathways at Rosewood Courts","Housing Authority of the City of Austin","Housing Authority of the City of Austin","2001 Rosewood Avenue","78702","0206100101","1","Multifamily","Rental","Under Construction","184","184","0","0","0","18","74","92","0","0","0","0","0","0",,"12-30-1939","40",,,,"RHDA","No","Yes","Yes",,,"No","4% LIHTC",,,,,,,,,"$9,200,000","$9,200,000","-97.71804","30.26974"
"808","5855","Ed Bluestein Affordable Multifamily","Richman Southwest Development LLC","Richman Southwest Development LLC","7009 Ed Bluestein","78723","0222280101","1","Multifamily","Rental","Under Construction","263","263","0","0","0","0","0","53","157","0","53","0","0","0",,"12-30-3799","0",,,,"RHDA","No","Yes","Yes",,,"No","4% LIHTC","$0","$0","$0",,"$0","$0","$0","$0",,"$0","-97.66013187","30.31076153"
"3","3226","Garden Terrace Phase II","Garden Terrace Housing Corporation","Foundation Communities Inc.","1015 W William Cannon Drive","78745","0418140412","2","Multifamily","Rental","Project Completed","15","15","0","0","0","0","0","15","0","0","0","0","0","0","10-08-2007","10-08-2037","30",,,,"RHDA","No","No","Yes",,,"No",,"$0","$0","$0",,"$0","$0","$0","$500,000",,"$500,000","-97.79342653","30.19864089"
"4","3227","LifeWorks Transitional Living Project","Lifeworks","Lifeworks","3710 S 2nd Street","78704","0407060308","3","Multifamily","Rental","Project Completed","12","12","2","0","0","0","0","12","0","0","0","0","0","0","05-04-2006","05-04-2026","20",,,,"RHDA","No","No","Yes",,,"No",,"$0","$0","$0",,"$0","$0","$0","$300,000",,"$300,000","-97.77101974","30.22983682"
"5","3228","Cornerstone","Foundation Communities","Mary Lee Foundation","1322 Lamar Square Drive","78704","0102040407","9","Multifamily","Rental","Affordability Period Expired","30","30","4","0","0","0","0","30","0","0","0","0","0","0","01-16-2004","01-16-2024","20",,,,"RHDA","No","No","Yes",,,"No",,"$0","$0","$0",,"$0","$0","$1,009,502","$0",,"$0","-97.76422389","30.25530621"
"6","3229","The Willows","Mary Lee Community","Mary Lee Foundation","1332 Lamar Square Drive","78704","0102040412","9","Multifamily","Rental","Project Completed","64","64","0","0","0","32","0","28","0","0","0","4","0","0","08-31-2009","08-31-2049","40",,,,"RHDA","No","No","Yes",,,"No",,"$2,250,000","$0","$0",,"$0","$0","$0","$0",,"$2,250,000","-97.76512","30.254177"
"9","3232","Crossroads Apartments","Crossroads Mutual Housing Corporation","Foundation Communities Inc.","8801 McCann Drive","78757","0244070821","7","Multifamily","Rental","Project Completed","14","14","0","0","0","14","0","0","0","0","0","0","0","0","06-17-2009","06-17-2108","99",,,,"RHDA","No","No","Yes",,,"No",,"$900,000","$0","$0",,"$0","$0","$0","$0",,"$900,000","-97.72944801","30.37273049"
"10","3233","904 Lydia","Guadalupe Neighborhood Development Corporation","Guadalupe Neighborhood Development Corporation","904 Lydia Street","78702","0205070416","1","Single Family","Rental","Project Completed","1","1","0","0","0","1","0","0","0","0","0","0","0","0","04-03-2009","04-03-2049","40",,,,"RHDA","No","No","Yes",,,"No",,"$60,000","$0","$0",,"$0","$0","$0","$0",,"$60,000","-97.7285517","30.26740527"
"12","3238","303 San Saba Street","Guadalupe Neighborhood Development Corporation","Guadalupe Neighborhood Development Corporation","303 San Saba Street","78702","0202110740","3","Single Family","Rental","Affordability Period Expired","1","1","2","0","0","0","0","0","1","0","0","0","0","0","05-05-2005","05-05-2025","20",,,,"RHDA","No","No","Yes",,,"No",,"$0","$0","$0",,"$0","$0","$60,000","$0",,"$0","-97.71440878","30.25588549"
"12","3239","1002 Wheeless Street","Guadalupe Neighborhood Development Corporation","Guadalupe Neighborhood Development Corporation","1002 Wheeless Street","78702","0205071002","1","Duplex","Rental","Project Completed","2","2","0","0","0","0","0","0","2","0","0","0","0","0","01-29-2007","01-29-2027","20",,,,"RHDA","No","No","Yes",,,"No",,"$0","$0","$0",,"$0","$0","$60,000","$0",,"$0","-97.72775965","30.26797186"
"12","3240","809 San Marcos Street","Guadalupe Neighborhood Development Corporation","Guadalupe Neighborhood Development Corporation","809 San Marcos Street","78702","0206051017","1","Duplex","Ownership","Project Completed","1","1","0","0","0","0","0","0","1","0","0","0","0","0","08-18-2023","08-18-2122","99",,,,"RHDA","No","No","Yes",,,"No",,"$0","$0","$0",,"$0","$0","$60,000","$0",,"$0","-97.73115103","30.26721606"
"12","3241","2320 Santa Rita Street","Guadalupe Neighborhood Development Corporation","Guadalupe Neighborhood Development Corporation","2320 Santa Rita Street","78702","0202100817","3","Single Family","Rental","Affordability Period Expired","1","1","0","0","0","0","0","0","1","0","0","0","0","0","05-05-2005","05-05-2025","20",,,,"RHDA","No","No","No",,,"No",,"$0","$0","$0",,"$0","$0","$60,000","$0",,"$0","-97.71726547","30.25706987"
"12","3242","907 Spence Street","Guadalupe Neighborhood Development Corporation","Guadalupe Neighborhood Development Corporation","907 Spence Street","78702","0203040309","3","Duplex","Rental","Affordability Period Expired","1","1","0","0","0","0","0","0","1","0","0","0","0","0","05-05-2005","05-05-2025","20",,,,"RHDA","No","No","Yes",,,"No",,"$0","$0","$0",,"$0","$0","$60,000","$0",,"$0","-97.73580457545","30.25868540195"
"12","3243","1009 E 10th Street","Guadalupe Neighborhood Development Corporation","Guadalupe Neighborhood Development Corporation","1009 E 10th Street","78702","0206051103","1","Duplex","Rental","Affordability Period Expired","1","1","0","0","0","0","0","0","1","0","0","0","0","0","05-05-2005","05-05-2025","20",,,,"RHDA","No","No","Yes",,,"No",,"$0","$0","$0",,"$0","$0","$60,000","$0",,"$0","-97.73057811281","30.26842832829"
"13","3244","Garden Terrace Phase I","Garden Terrace Housing Corporation","Foundation Communities Inc.","1015 W William Cannon Drive","78745","0418140412","2","Multifamily","Rental","Project Completed","85","85","11","0","0","0","0","85","0","0","0","0","0","0","05-21-2003","05-21-2033","30",,,,"RHDA","No","No","Yes",,,"No",,"$0","$0","$0",,"$0","$0","$500,000","$0",,"$0","-97.79342653","30.19864089"
"15","3246","Ivy Condos","ESCT Austin Housing III Inc.","Easter Seals of Central Texas","3204 Manchaca Road","78704","0403101301","5","Multifamily","Rental","Project Completed","8","8","9","8","0","0","0","8","0","0","0","0","0","0","11-03-2010","11-03-2050","40",,,,"RHDA","No","No","No",,,"No",,"$494,740","$0","$0",,"$0","$0","$0","$0",,"$494,740","-97.78266876","30.24027574"
"17","3248","702 Plumpton Drive","Green Doors","Community Partnerships for the Homeless","702 Plumpton Drive","78745","0420130415","2","Single Family","Rental","Affordability Period Expired","3","3","1","0","0","0","0","3","0","0","0","0","0","0","04-30-2002","04-30-2022","20",,,,"RHDA","No","No","No",,,"No",,"$0","$0","$0",,"$23,966.67","$0","$0","$0",,"$0","-97.79082191","30.19504682"
"17","3249","1109 Spearson Lane","Green Doors","Community Partnerships for the Homeless","1109 Spearson Lane","78745","0418140612","2","Single Family","Rental","Affordability Period Expired","3","3","0","0","0","0","0","3","0","0","0","0","0","0","04-30-2002","04-30-2022","20",,,,"RHDA","No","No","Yes",,,"No",,"$0","$0","$0",,"$23,966.67","$0","$0","$0","$0","$0","-97.79420218","30.20138457"
"17","3250","5406 Village Trail","Green Doors","Community Partnerships for the Homeless","5406 Village Trail","78744","0319010317","2","Single Family","Rental","Affordability Period Expired","3","3","0","0","0","0","0","3","0","0","0","0","0","0","04-30-2002","04-30-2022","20",,,,"RHDA","No","No","No",,,"No",,"$0","$0","$0",,"$23,966.66","$0","$0","$0",,"$0","-97.746201","30.194411"
"18","3251","2505 Village Trail Circle","Green Doors","Community Partnerships for the Homeless","2505 Village Trail Circle","78744","0319010317","2","Single Family","Rental","Project Completed","7","7","2","0","0","7","0","0","0","0","0","0","0","0","08-31-2006","08-31-2026","20",,,,"RHDA","No","No","No",,,"No",,"$0","$0","$0",,"$0","$0","$67,505","$0",,"$0","-97.74598478","30.19478667"
"18","3252","2407 S 4th Street","Green Doors","Community Partnerships for the Homeless","2407 S 4th Street","78704","0402030111","3","Single Family","Rental","Project Completed","4","4","0","0","0","4","0","0","0","0","0","0","0","0","09-05-2007","09-05-2027","20",,,,"RHDA","No","No","No",,,"No",,"$0","$0","$0",,"$0","$0","$35,000","$0",,"$0","-97.76324","30.24262"
"18","3253","7605 Elderberry Drive","Green Doors","Community Partnerships for the Homeless","7605 Elderberry Drive","78745","0422120730","2","Single Family","Rental","Project Completed","4","4","0","0","0","4","0","0","0","0","0","0","0","0","08-31-2006","08-31-2026","20",,,,"RHDA","No","No","No",,,"No",,"$0","$0","$0",,"$0","$0","$4,190","$0",,"$0","-97.78944399","30.18569319"
"19","3254","2014 Covered Wagon Pass","Green Doors","Community Partnerships for the Homeless","2014 Covered Wagon Pass","78744","0421020610","2","Single Family","Rental","Project Completed","1","1","0","0","0","0","0","1","0","0","0","0","0","0","05-31-2007","05-31-2027","20",,,,"RHDA","No","No","No",,,"No",,"$0","$0","$0",,"$0","$0","$0","$50,000",,"$50,000","-97.75870203","30.19322232"
"19","3255","5611 Teri Road","Green Doors","Community Partnerships for the Homeless","5611 Teri Road","78744","0322060719","2","Single Family","Rental","Project Completed","1","1","0","0","0","0","0","1","0","0","0","0","0","0","05-02-2007","05-02-2027","20",,,,"RHDA","No","No","No",,,"No",,"$0","$0","$0",,"$0","$0","$0","$50,000",,"$50,000","-97.73381984","30.19275255"
"21","3260","Pecan Springs Commons","Green Doors","Community Partnerships for the Homeless","5800 Sweeney Circle","78723","0220211432","1","Multifamily","Rental","Project Completed","46","46","6","0","0","11","0","35","0","0","0","0","0","0","12-29-2009","12-29-2108","99",,,,"RHDA","No","No","Yes",,,"No",,"$2,000,000","$0","$0",,"$0","$0","$0","$0",,"$2,000,000","-97.67995127","30.30492714"
"22","3261","Pecan Springs Commons","Green Doors","Community Partnerships for the Homeless","5807 Sweeney Circle","78723","0220211436","1","FourPlex","Rental","Project Completed","4","4","0","0","0","0","0","4","0","0","0","0","0","0","02-18-2009","02-18-2108","99",,,,"RHDA","No","No","Yes",,,"No",,"$0","$0","$0",,"$0","$0","$254,421","$0",,"$0","-97.67902669","30.30515003"
"22","3262","Pecan Springs Commons","Green Doors","Community Partnerships for the Homeless","5809 Sweeney Circle","78723","0220211437","1","FourPlex","Rental","Project Completed","4","4","0","0","0","0","0","4","0","0","0","0","0","0","02-15-2010","02-15-2109","99",,,,"RHDA","No","No","Yes",,,"No",,"$0","$0","$0",,"$0","$0","$254,421","$0",,"$0","-97.67908","30.30536"
"23","3263","Pecan Springs Commons","Green Doors","Community Partnerships for the Homeless","5802 Sweeney Circle","78723","0220211431","1","FourPlex","Rental","Project Completed","4","4","0","0","0","0","0","4","0","0","0","0","0","0","02-18-2009","02-18-2108","99",,,,"RHDA","No","No","Yes",,,"No",,"$19,789.5","$0","$0",,"$0","$0","$0","$0",,"$19,789.5","-97.67995095","30.30511141"
"23","3264","Pecan Springs Commons","Green Doors","Community Partnerships for the Homeless","5804 Sweeney Circle","78723","0220211430","1","FourPlex","Rental","Project Completed","4","4","0","0","0","0","0","4","0","0","0","0","0","0","02-18-2009","02-18-2108","99",,,,"RHDA","No","No","Yes",,,"No",,"$19,789.5","$0","$0",,"$0","$0","$0","$0",,"$19,789.5","-97.67984","30.30529"
"23","3265","Pecan Springs Commons","Green Doors","Community Partnerships for the Homeless","5805 Sweeney Circle","78723","0220211435","1","FourPlex","Rental","Project Completed","4","4","0","0","0","0","0","4","0","0","0","0","0","0","02-18-2009","02-18-2108","99",,,,"RHDA","No","No","Yes",,,"No",,"$19,789.5","$0","$0",,"$0","$0","$0","$0",,"$19,789.5","-97.679021","30.304908"
"23","3266","Pecan Springs Commons","Green Doors","Community Partnerships for the Homeless","5811 Sweeney Circle","78723","0220211438","1","FourPlex","Rental","Project Completed","4","4","0","0","0","0","0","4","0","0","0","0","0","0","02-18-2009","02-18-2108","99",,,,"RHDA","No","No","Yes",,,"No",,"$19,789.5","$0","$0",,"$0","$0","$0","$0",,"$19,789.5","-97.678962","30.305561"
"24","3267","Treaty Oaks","Green Doors","Green Doors","3700 Manchaca Road","78704","0404110148","5","Multifamily","Rental","Project Completed","47","47","7","0","0","0","0","47","0","0","0","0","0","0","02-25-2011","02-25-2110","99",,,,"RHDA","No","No","Yes",,,"No",,"$1,350,000","$0","$0",,"$0","$0","$0","$0",,"$1,350,000","-97.78439421","30.23658891"
"25","3268","Pecan Springs Commons","Green Doors","Green Doors","5803 Sweeney Circle","78723","0220211434","1","FourPlex","Rental","Project Completed","4","4","2","4","0","0","0","4","0","0","0","0","0","0","03-28-2012","03-28-2111","99",,,,"RHDA","No","No","Yes",,,"No",,"$223,140","$0","$0",,"$0","$0","$0","$0",,"$223,140","-97.679215","30.304737"
"25","3269","Pecan Springs Commons","Green Doors","Green Doors","2907 Sweeney Circle","78723","0220211439","1","FourPlex","Rental","Project Completed","4","4","1","4","0","0","0","4","0","0","0","0","0","0","03-28-2012","03-28-2111","99",,,,"RHDA","No","No","Yes",,,"No",,"$223,140","$0","$0",,"$0","$0","$0","$0",,"$223,140","-97.67886233","30.30573796"
"26","3270","Pecan Springs Commons","Green Doors","Green Doors","5801 Sweeney Circle","78723","0220211433","1","FourPlex","Rental","Project Completed","4","4","3","4","0","0","0","4","0","0","0","0","0","0","03-28-2012","03-28-2111","99",,,,"RHDA","No","No","Yes",,,"No",,"$193,720","$0","$0",,"$0","$0","$0","$0",,"$193,720","-97.679494","30.30476"
"27","3271","The Super Co-op","The College Houses","The College Houses","1905 Nueces Street","78705","0212011613","9","Multifamily","Rental","Project Completed","50","50","0","0","0","0","0","50","0","0","0","0","0","0","11-03-2009","11-03-2039","30",,,,"RHDA","No","No","No",,,"No",,"$0","$0","$0",,"$0","$0","$0","$837,500",,"$837,500","-97.74383608","30.28301798"
"30","3274","2412 Bryan Street","Blackshear Neighborhood Development Corporation","Blackshear Neighborhood Development Corporation","2412 Bryan Street","78702","0206100256","1","Single Family","Rental","Project Completed","1","1","0","0","0","0","0","0","1","0","0","0","0","0","09-15-2009","09-15-2108","99",,,,"RHDA","No","No","Yes",,,"No",,"$16,666.67","$0","$0",,"$0","$0","$78,750","$0",,"$16,666.67","-97.71634938","30.26709461"
"30","3275","1116 Harvard Street","Blackshear Neighborhood Development Corporation","Blackshear Neighborhood Development Corporation","1116 Harvard Street","78702","0206100257","1","Single Family","Rental","Project Completed","1","1","0","0","0","0","0","0","1","0","0","0","0","0","09-15-2009","09-15-2108","99",,,,"RHDA","No","No","Yes",,,"No",,"$16,666.67","$0","$0",,"$0","$0","$78,750","$0",,"$16,666.67","-97.71623872","30.26723972"
"30","3276","2503 E 9th Steet","Blackshear Neighborhood Development Corporation","Blackshear Neighborhood Development Corporation","2503 E 9th Steet","78702","0205101402","1","Single Family","Rental","Project Completed","1","1","0","0","0","1","0","0","0","0","0","0","0","0","09-15-2009","09-15-2108","99",,,,"RHDA","No","No","Yes",,,"No",,"$16,666.67","$0","$0",,"$0","$0","$78,750","$0",,"$16,666.67","-97.71430575","30.26480387"
"30","3277","1905 E 9th Street","Blackshear Neighborhood Development Corporation","Blackshear Neighborhood Development Corporation","1905 E 9th Street","78702","0205081404","1","Single Family","Rental","Project Completed","1","1","0","0","0","0","0","1","0","0","0","0","0","0","09-15-2009","09-15-2108","99",,,,"RHDA","No","No","Yes",,,"No",,"$16,666.66","$0","$0",,"$0","$0","$78,750","$0",,"$16,666.66","-97.72100129","30.26391813"
"30","3278","1705 Rosewood Avenue","Blackshear Neighborhood Development Corporation","Blackshear Neighborhood Development Corporation","1705 Rosewood Avenue","78702","0207080109","1","Duplex","Rental","Project Completed","2","2","0","0","0","1","0","1","0","0","0","0","0","0","09-15-2009","09-15-2108","99",,,,"RHDA","No","No","Yes",,,"No",,"$33,333.33","$0","$0",,"$0","$0","$157,500","$0",,"$33,333.33","-97.72061","30.26922"
"31","3279","2102 Chicon Street","Blackland Community Development Corporation","Blackland Community Development Corporation","2102 Chicon Street","78722","0211090705","1","Single Family","Rental","Affordability Period Expired","1","1","0","0","0","0","0","0","1","0","0","0","0","0","01-01-2003","01-01-2023","20",,,,"RHDA","No","No","No",,,"No",,"$0","$0","$0",,"$0","$0","$36,666.67","$0",,"$0","-97.721947","30.282141"
"31","3280","1700 Martin Luther King Jr Boulevard","Blackland Community Development Corporation","Blackland Community Development Corporation","1700 Martin Luther King Jr Boulevard","78722","0211091610","1","Duplex","Rental","Affordability Period Expired","2","2","0","0","0","0","0","0","2","0","0","0","0","0","01-01-2003","01-01-2023","20",,,,"RHDA","No","No","No",,,"No",,"$0","$0","$0",,"$0","$0","$73,333.33","$0",,"$0","-97.723113","30.27991322"
"31","3281","1804 Martin Luther King Jr Boulevard","Blackland Community Development Corporation","Blackland Community Development Corporation","1804 Martin Luther King Jr Boulevard","78722","0211091706","1","Single Family","Rental","Affordability Period Expired","1","1","0","0","0","0","0","1","0","0","0","0","0","0","01-01-2003","01-01-2023","20",,,,"RHDA","No","No","No",,,"No",,"$0","$0","$0",,"$0","$0","$36,666.67","$0",,"$0","-97.72184558","30.28002492"
"31","3282","2113 Salina Street","Blackland Community Development Corporation","Blackland Community Development Corporation","2113 Salina Street","78722","0211090712","1","Single Family","Rental","Affordability Period Expired","1","1","0","0","0","0","0","1","0","0","0","0","0","0","01-01-2003","01-01-2023","20",,,,"RHDA","No","No","No",,,"No",,"$0","$0","$0",,"$0","$0","$36,666.67","$0",,"$0","-97.72262411","30.28253519"
"31","3283","1803 E 22nd Steet","Blackland Community Development Corporation","Blackland Community Development Corporation","1803 E 22nd Steet","78722","0211090712","1","Duplex","Rental","Affordability Period Expired","2","2","0","0","0","0","0","1","0","0","0","1","0","0","01-01-2003","01-01-2023","20",,,,"RHDA","No","No","No",,,"No",,"$0","$0","$0",,"$0","$0","$73,333.34","$0",,"$0","-97.72241774","30.2825633"
"31","3284","2111 Salina Street","Blackland Community Development Corporation","Blackland Community Development Corporation","2111 Salina Street","78722","0211090711","1","Single Family","Rental","Affordability Period Expired","1","1","0","0","0","0","0","0","0","0","0","1","0","0","01-01-2003","01-01-2023","20",,,,"RHDA","No","No","No",,,"No",,"$0","$0","$0",,"$0","$0","$36,666.67","$0",,"$0","-97.72259173","30.28239544"
"31","3285","2107 Salina Street","Blackland Community Development Corporation","Blackland Community Development Corporation","2107 Salina Street","78722","0211090708","1","Single Family","Rental","Affordability Period Expired","1","1","0","0","0","0","0","0","0","0","0","1","0","0","01-01-2003","01-01-2023","20",,,,"RHDA","No","No","No",,,"No",,"$0","$0","$0",,"$0","$0","$36,666.67","$0",,"$0","-97.72255917","30.28208674"
"32","3286","2008 Chicon Street","Blackland Community Development Corporation","Blackland Community Development Corporation","2008 Chicon Street","78722","0211091209","1","Duplex","Rental","Affordability Period Expired","2","2","2","0","0","0","0","0","2","0","0","0","0","0","04-11-2006","04-11-2016","10",,,,"RHDA","No","No","No",,,"No",,"$0","$0","$0",,"$58,872","$0","$2,000","$0",,"$0","-97.72185672","30.28137007"
"32","3287","2012 Chicon Street","Blackland Community Development Corporation","Blackland Community Development Corporation","2012 Chicon Street","78722","0211091208","1","Duplex","Rental","Affordability Period Expired","2","2","0","0","0","0","0","0","2","0","0","0","0","0","04-11-2006","04-11-2016","10",,,,"RHDA","No","No","No",,,"No",,"$0","$0","$0",,"$58,872","$0","$2,000","$0",,"$0","-97.7219","30.28157"
"32","3288","2201 Salina Street","Blackland Community Development Corporation","Blackland Community Development Corporation","2201 Salina Street","78722","0211090207","1","Single Family","Rental","Affordability Period Expired","1","1","0","0","0","0","0","0","1","0","0","0","0","0","04-11-2006","04-11-2016","10",,,,"RHDA","No","No","No",,,"No",,"$0","$0","$0",,"$29,436","$0","$1,000","$0",,"$0","-97.7226581","30.28281933"
"33","3289","2009 Salina Street","Blackland Community Development Corporation","Blackland Community Development Corporation","2009 Salina Street","78722","0211091207","1","Multifamily","Rental","Affordability Period Expired","6","6","2","0","0","0","0","0","6","0","0","0","0","0","09-01-2009","09-01-2019","10",,,,"RHDA","No","No","No",,,"No",,"$0","$0","$0",,"$0","$0","$197,142.85","$0",,"$0","-97.72228345","30.28139533"
"33","3290","2110 Salina Street","Blackland Community Development Corporation","Blackland Community Development Corporation","2110 Salina Street","78722","0211090605","1","Single Family","Rental","Affordability Period Expired","1","1","0","0","0","0","0","0","1","0","0","0","0","0","09-01-2009","09-01-2019","10",,,,"RHDA","No","No","No",,,"No",,"$0","$0","$0",,"$0","$0","$32,857.15","$0",,"$0","-97.72303482","30.28236494"
"34","3291","1803 E 20th Street","Blackland Community Development Corporation","Blackland Community Development Corporation","1803 E 20th Street","78722","0211091702","1","Multifamily","Rental","Project Completed","8","8","1","0","0","0","0","8","0","0","0","0","0","0","04-29-2011","04-29-2026","15",,,,"RHDA","No","No","No",,,"No",,"$0","$0","$0",,"$0","$0","$491,919","$0",,"$0","-97.7219761","30.28050064"
"35","3292","2106 Chestnut Avenue","Blackland Community Development Corporation","Blackland Community Development Corporation","2106 Chestnut Avenue","78722","0212100507","1","Single Family","Rental","Project Completed","1","1","2","0","0","0","0","1","0","0","0","0","0","0","12-15-2013","12-15-2028","15",,,,"RHDA","No","No","Yes",,,"No",,"$0","$0","$0",,"$0","$0","$139,035","$62,500",,"$62,500","-97.71806","30.28301"
"36","3293","Austin Children's Shelter","Austin Children's Shelter","Austin Children's Shelter","4800 Manor Road","78723","0217180709","9","Multifamily","Rental","Project Completed","28","28","0","0","0","0","0","28","0","0","0","0","0","0","06-26-2008","06-26-2107","99",,,,"RHDA","No","No","No",,,"No",,"$1,000,000","$0","$0",,"$0","$0","$0","$0",,"$1,000,000","-97.68906793","30.29563891"
"37","3294","Austin Travis County MHMR","Austin Travis County Integral Care","Austin Travis County MHMR Center","6222 N Lamar Boulevard","78757","0229080206","7","Multifamily","Rental","Project Completed","37","37","0","0","0","0","0","37","0","0","0","0","0","0","01-31-2009","01-31-2108","99",,,,"RHDA","No","No","Yes",,,"No",,"$2,300,000","$0","$0",,"$0","$0","$0","$0",,"$2,300,000","-97.72350971","30.33122925"
"38","3295","Austin Travis County MHMR","Austin Travis County Integral Care","Austin Travis County MHMR Center","403 E 15th Street","78721","0209050111","9","Multifamily","Rental","Project Completed","24","24","0","0","0","21","0","3","0","0","0","0","0","0","03-10-2010","03-10-2030","20",,,,"RHDA","No","No","Yes",,,"No",,"$1,013,075","$0","$0",,"$0","$739,100","$0","$0",,"$1,752,175","-97.73574557","30.27559883"
"39","3296","Carol's House","Accessible Housing Austin!","Accessible Housing Austin!","1805 Heatherglen Lane","78758","0254130484","7","Single Family","Rental","Project Completed","1","1","0","0","0","0","0","1","0","0","0","0","0","0","06-26-2009","06-26-2108","99",,,,"RHDA","No","No","No",,,"No",,"$100,000","$0","$0",,"$0","$0","$40,810","$0",,"$100,000","-97.70164239","30.39517141"
"41","3298","Legacy Apartments","Foundation Communities","Mary Lee Foundation","1340 Lamar Square Drive","78704","0102040602","9","Multifamily","Rental","Project Completed","40","40","6","0","0","0","0","36","0","0","0","4","0","0","08-19-2013","08-19-2112","99",,,,"RHDA","No","No","Yes",,,"No",,"$0","$0","$0",,"$0","$0","$675,000","$0",,"$0","-97.76404","30.253554"
"42","3299","Guadalupe Court Apartments","NMF VI","Austin Travis County Integral Care","6607 Guadalupe Street","78752","0229110501","4","Multifamily","Rental","Affordability Period Expired","15","15","2","0","0","0","0","15","0","0","0","0","0","0","05-18-2006","05-18-2016","10",,,,"RHDA","No","No","No",,,"No",,"$0","$0","$0",,"$0","$0","$180,000","$0",,"$0","-97.71769367","30.33253912"
"43","3300","Benjamin Todd Apartments","NMF VII","Austin Travis County Integral Care","1507 W 39th 1/2 Street","78756","0221010152","10","Multifamily","Rental","Affordability Period Expired","21","21","2","0","0","0","0","21","0","0","0","0","0","0","09-26-2006","09-26-2016","10",,,,"RHDA","No","No","No",,,"No",,"$0","$0","$0",,"$250,000","$0","$0","$0",,"$0","-97.74706308","30.30929943"
"45","3302","Lyons Gardens","Rosewood I Senior Housing Community Inc.","DMA Development Company LLC","2720 Lyons Road","78702","0206130801","3","Multifamily","Rental","Affordability Period Expired","54","53","7","0","0","0","0","53","0","0","0","0","0","0","04-29-2003","04-29-2023","20",,,,"RHDA","No","No","No",,,"No",,"$0","$0","$0",,"$0","$0","$666,715","$133,285",,"$133,285","-97.70918934","30.26457934"
"48","3305","The Boulevard","UCP Austin Housing I","Easter Seals of Central Texas","1201 Grove Boulevard","78741","0305140901","3","Multifamily","Rental","Affordability Period Expired","6","6","2","0","0","0","0","6","0","0","0","0","0","0","10-28-2005","10-28-2015","10",,,,"RHDA","No","No","No",,,"No",,"$0","$0","$0",,"$181,717","$0","$0","$0",,"$0","-97.70402253","30.23419148"
"49","3306","Allandale Condos","UCP Austin Housing II","Easter Seals of Central Texas","7685 Northcross Drive","78757","0239040401","7","Multifamily","Rental","Project Completed","10","10","0","0","0","0","0","10","0","0","0","0","0","0","11-26-2007","11-26-2047","40",,,,"RHDA","No","No","No",,,"No",,"$0","$0","$0",,"$0","$0","$0","$500,000",,"$500,000","-97.73569365","30.35421938"
"50","3307","Saint Louise House II","VinCare Services of Austin Foundation","VinCare Services of Austin Foundation","2104 Berkett Drive","78745","0415170812","5","Multifamily","Rental","Project Completed","22","22","0","0","0","0","0","22","0","0","0","0","0","0","05-28-2008","05-28-2107","99",,,,"RHDA","No","No","No",,,"No",,"$1,765,294","$0","$0",,"$40,000","$0","$0","$0",,"$1,765,294","-97.8039315","30.21093638"
"51","3308","Manor House","Volunteers of America - Texas","Volunteers of America - Texas","5905 Manor Road","78723","0220211446","1","Multifamily","Rental","Affordability Period Expired","11","11","12","0","0","0","0","11","0","0","0","0","0","0","08-24-2001","08-24-2021","20",,,,"RHDA","No","No","Yes",,,"No",,"$0","$0","$0",,"$0","$0","$260,960","$0",,"$0","-97.67940861","30.30660038"
"55","3311","1100 E 10th Street","Guadalupe Neighborhood Development Corporation","Guadalupe Neighborhood Development Corporation","1100 E 10th Street","78702","0205070515","1","Single Family","Rental","Affordability Period Expired","1","1","0","0","0","0","0","0","0","0","0","1","0","0","02-27-2001","02-27-2021","20",,,,"RHDA","No","No","Yes",,,"No",,"$0","$0","$0",,"$0","$0","$25,000","$0",,"$0","-97.72934019","30.26843907"
"55","3312","1112 E 10th Street","Guadalupe Neighborhood Development Corporation","Guadalupe Neighborhood Development Corporation","1112 E 10th Street","78702","0205070509","1","Single Family","Rental","Affordability Period Expired","1","1","0","0","0","0","0","0","0","0","0","1","0","0","02-27-2001","02-27-2021","20",,,,"RHDA","No","No","No",,,"No",,"$0","$0","$0",,"$0","$0","$25,000","$0",,"$0","-97.72826475","30.26820529"
"55","3313","1002 Navasota","Guadalupe Neighborhood Development Corporation","Guadalupe Neighborhood Development Corporation","1002 Navasota","78702","0205071106","1","Single Family","Rental","Affordability Period Expired","1","1","0","0","0","0","0","0","0","0","0","1","0","0","02-27-2001","02-27-2021","20",,,,"RHDA","No","No","No",,,"No",,"$0","$0","$0",,"$0","$0","$25,000","$0",,"$0","-97.72672043","30.26771857"
"55","3314","1007 Waller Street","Guadalupe Neighborhood Development Corporation","Guadalupe Neighborhood Development Corporation","1007 Waller Street","78702","0205070515","1","Single Family","Rental","Affordability Period Expired","1","1","0","0","0","0","0","0","0","0","0","1","0","0","02-27-2001","02-27-2021","20",,,,"RHDA","No","No","No",,,"No",,"$0","$0","$0",,"$0","$0","$25,000","$0",,"$0","-97.7292821","30.26864625"
"56","3315","110 Chicon Street","Guadalupe Neighborhood Development Corporation","Guadalupe Neighborhood Development Corporation","110 Chicon Street","78702","0202071018","3","Single Family","Rental","Affordability Period Expired","2","2","2","0","0","0","0","0","0","0","0","2","0","0","03-31-2003","03-31-2023","20",,,,"RHDA","No","No","Yes",,,"No",,"$0","$0","$0",,"$0","$0","$65,000","$0",,"$0","-97.72453329","30.25794518"
"58","3317","SOL","Guadalupe Neighborhood Development Corporation","Guadalupe Neighborhood Development Corporation","5908 Ventus Street","78721","0204201313","3","Single Family","Rental","Project Completed","1","1","0","0","0","0","0","0","1","0","0","0","0","0","11-11-2009","11-11-2049","40",,,,"RHDA","No","No","No",,,"No",,"$0","$0","$0",,"$0","$0","$160,625","$0",,"$0","-97.6847886","30.25864212"
"58","3318","SOL","Guadalupe Neighborhood Development Corporation","Guadalupe Neighborhood Development Corporation","5921 Ventus Street","78721","0204200825","3","Single Family","Rental","Project Completed","1","1","0","0","0","0","0","0","1","0","0","0","0","0","11-11-2009","11-11-2108","99",,,,"RHDA","No","No","No",,,"No",,"$0","$0","$0",,"$0","$0","$160,625","$0",,"$0","-97.68465943","30.25812818"
"58","3319","SOL","Guadalupe Neighborhood Development Corporation","Guadalupe Neighborhood Development Corporation","5916 Lux Street","78721","0204200839","3","Single Family","Rental","Project Completed","1","1","0","0","0","0","0","0","1","0","0","0","0","0","11-11-2009","11-11-2108","99",,,,"RHDA","No","No","No",,,"No",,"$0","$0","$0",,"$0","$0","$160,625","$0",,"$0","-97.68419071","30.25913316"
"58","3320","SOL","Guadalupe Neighborhood Development Corporation","Guadalupe Neighborhood Development Corporation","5929 Lux Street","78721","0204201307","3","Single Family","Rental","Project Completed","1","1","0","0","0","0","0","0","1","0","0","0","0","0","11-11-2009","11-11-2049","40",,,,"RHDA","No","No","No",,,"No",,"$0","$0","$0",,"$0","$0","$160,625","$0",,"$0","-97.68412944","30.25863047"
"58","3321","SOL","Guadalupe Neighborhood Development Corporation","Guadalupe Neighborhood Development Corporation","1129 Altum Street","78702","0208092507","3","Duplex","Rental","Project Completed","2","2","0","0","0","0","0","0","2","0","0","0","0","0","11-11-2009","11-11-2108","99",,,,"RHDA","No","No","No",,,"No",,"$0","$0","$0",,"$0","$0","$321,250","$0",,"$0","-97.68341","30.25869"
"58","3323","SOL","Guadalupe Neighborhood Development Corporation","Guadalupe Neighborhood Development Corporation","1133 Altum Street","78702","0208092507","3","Duplex","Rental","Project Completed","2","2","0","0","0","0","0","0","2","0","0","0","0","0","11-11-2009","11-11-2108","99",,,,"RHDA","No","No","No",,,"No",,"$0","$0","$0",,"$0","$0","$321,250","$0",,"$0","-97.68349","30.25886"
"59","3325","7314 Meador Avenue","Neighborhood Housing Services of Austin","Neighborhood Housing Services of Austin","7314 Meador Avenue","78752","0229181001","4","Duplex","Rental","Project Completed","2","2","2","0","0","0","0","2","0","0","0","0","0","0","10-16-2012","10-16-2032","20",,,,"RHDA","No","No","No",,,"No",,"$0","$0","$0",,"$0","$0","$260,000","$0",,"$0","-97.69525635","30.33148715"
"61","3328","Sendero Hills","Undisclosed","Austin Neighborhood Alliance for Habitat","6002 Sandshof Drive","78724","0217331841","1","Single Family","Ownership","Affordability Period Expired","1","1","0","0","0","0","0","0","0","0","0","1","0","0","10-25-2011","10-25-2021","10",,,,"OHDA","No","No","Yes",,,"No",,"$40,816.33","$0","$0",,"$0","$0","$0","$0",,"$40,816.33","-97.64834448","30.29349998"
"61","3329","Sendero Hills","Undisclosed","Austin Neighborhood Alliance for Habitat","6804 Lucy Cove","78724","0217331869","1","Single Family","Ownership","Affordability Period Expired","1","1","0","0","0","0","0","0","0","0","0","1","0","0","11-16-2011","11-16-2021","10",,,,"OHDA","No","No","Yes",,,"No",,"$40,816.33","$0","$0",,"$0","$0","$0","$0",,"$40,816.33","-97.64712189","30.29487176"
"61","3330","Sendero Hills","Undisclosed","Austin Neighborhood Alliance for Habitat","5900 Sandshof Drive","78724","0217331844","1","Single Family","Ownership","Affordability Period Expired","1","1","0","0","0","0","0","0","0","0","0","1","0","0","01-19-2012","01-19-2022","10",,,,"OHDA","No","No","Yes",,,"No",,"$40,816.33","$0","$0",,"$0","$0","$0","$0",,"$40,816.33","-97.64836676","30.29299548"
"61","3331","Sendero Hills","Undisclosed","Austin Neighborhood Alliance for Habitat","6009 Sandshof Drive","78724","0217331850","1","Single Family","Ownership","Affordability Period Expired","1","1","0","0","0","0","0","0","0","0","0","1","0","0","10-03-2013","10-03-2023","10",,,,"OHDA","No","No","Yes",,,"No",,"$40,816.33","$0","$0",,"$0","$0","$36,875","$0",,"$40,816.33","-97.6477932","30.29388235"
"61","3332","Sendero Hills","Undisclosed","Austin Neighborhood Alliance for Habitat","6803 Lucy Cove","78724","0217331859","1","Single Family","Ownership","Affordability Period Expired","1","1","0","0","0","0","0","0","0","0","0","1","0","0","10-14-2013","10-14-2023","10",,,,"OHDA","No","No","Yes",,,"No",,"$40,816.33","$0","$0",,"$0","$0","$36,875","$0",,"$40,816.33","-97.64731163","30.2945785"
"61","3333","Sendero Hills","Undisclosed","Austin Neighborhood Alliance for Habitat","6102 Sandshof Drive","78724","0217331835","1","Single Family","Ownership","Affordability Period Expired","1","1","0","0","0","0","0","0","0","0","0","1","0","0","10-07-2013","10-07-2023","10",,,,"OHDA","No","No","Yes",,,"No",,"$40,816.33","$0","$0",,"$0","$0","$36,875","$0",,"$40,816.33","-97.64805401115","30.29429822538"
"61","3334","Sendero Hills","Undisclosed","Austin Neighborhood Alliance for Habitat","6400 Sandshof Drive","78724","0217331828","1","Single Family","Ownership","Affordability Period Expired","1","1","0","0","0","0","0","0","0","0","0","1","0","0","10-07-2013","10-07-2023","10",,,,"OHDA","No","No","Yes",,,"No",,"$40,816.33","$0","$0",,"$0","$0","$36,875","$0",,"$40,816.33","-97.64701765","30.29668886"
"61","3335","Sendero Hills","Undisclosed","Austin Neighborhood Alliance for Habitat","6108 Sandshof Drive","78724","0217331832","1","Single Family","Ownership","Affordability Period Expired","1","1","0","0","0","0","0","0","0","0","0","1","0","0","10-17-2013","10-17-2023","10",,,,"OHDA","No","No","Yes",,,"No",,"$40,816.33","$0","$0",,"$0","$0","$36,875","$0",,"$40,816.33","-97.64787307313","30.29472060907"
"61","3336","Sendero Hills","Undisclosed","Austin Neighborhood Alliance for Habitat","6812 Lucy Cove","78724","0217331865","1","Single Family","Ownership","Affordability Period Expired","1","1","0","0","0","0","0","0","0","0","0","1","0","0","12-19-2013","12-19-2023","10",,,,"OHDA","No","No","Yes",,,"No",,"$40,816.33","$0","$0",,"$0","$0","$0","$0",,"$40,816.33","-97.64646745","30.29465999"
"61","3337","Sendero Hills","Undisclosed","Austin Neighborhood Alliance for Habitat","6308 Sandshof Drive","78724","0217331829","1","Single Family","Ownership","Affordability Period Expired","1","1","0","0","0","0","0","0","0","0","0","1","0","0","12-19-2013","12-19-2023","10",,,,"OHDA","No","No","Yes",,,"No",,"$40,816.33","$0","$0",,"$0","$0","$0","$0",,"$40,816.33","-97.64709519","30.2965723"
"61","3338","Sendero Hills","Undisclosed","Austin Neighborhood Alliance for Habitat","6005 Sandshof Drive","78724","0217331848","1","Single Family","Ownership","Affordability Period Expired","1","1","0","0","0","0","0","0","0","0","0","1","0","0","12-19-2013","12-19-2023","10",,,,"OHDA","No","No","Yes",,,"No",,"$40,816.33","$0","$0",,"$0","$0","$0","$0",,"$40,816.33","-97.64792552","30.29357716"
"61","3339","Sendero Hills","Undisclosed","Austin Neighborhood Alliance for Habitat","6303 Sandshof Drive","78724","0217331874","1","Single Family","Ownership","Affordability Period Expired","1","1","0","0","0","0","0","0","0","0","0","1","0","0","01-19-2014","01-19-2024","10",,,,"OHDA","No","No","Yes",,,"No",,"$40,816.33","$0","$0",,"$0","$0","$0","$0",,"$40,816.33","-97.64700228","30.29605465"
"61","3340","Sendero Hills","Undisclosed","Austin Neighborhood Alliance for Habitat","6006 Sandshof Drive","78724","0217331839","1","Single Family","Ownership","Affordability Period Expired","1","1","0","0","0","0","0","0","0","0","0","1","0","0","02-20-2014","02-20-2024","10",,,,"OHDA","No","No","Yes",,,"No",,"$40,816.33","$0","$0",,"$0","$0","$0","$0",,"$40,816.33","-97.64823803","30.29376633"
"61","3341","Sendero Hills","Undisclosed","Austin Neighborhood Alliance for Habitat","6402 Sandshof Drive","78724","0217331827","1","Single Family","Ownership","Affordability Period Expired","1","1","0","0","0","0","0","0","0","0","0","1","0","0","02-24-2014","02-24-2024","10",,,,"OHDA","No","No","Yes",,,"No",,"$40,816.33","$0","$0",,"$0","$0","$36,875","$0",,"$40,816.33","-97.64697624","30.29684199"
"61","3342","Sendero Hills","Undisclosed","Austin Neighborhood Alliance for Habitat","6008 Sandshof Drive","78724","0217331838","1","Single Family","Ownership","Affordability Period Expired","1","1","0","0","0","0","0","0","0","0","0","1","0","0","03-04-2014","03-04-2024","10",,,,"OHDA","No","No","Yes",,,"No",,"$40,816.33","$0","$0",,"$0","$0","$0","$0",,"$40,816.33","-97.64818885","30.29390139"
"61","3343","Sendero Hills","Undisclosed","Austin Neighborhood Alliance for Habitat","6104 Sandshof Drive","78724","0217331834","1","Single Family","Ownership","Affordability Period Expired","1","1","0","0","0","0","0","0","0","0","0","1","0","0","03-05-2014","03-05-2024","10",,,,"OHDA","No","No","Yes",,,"No",,"$40,816.33","$0","$0",,"$0","$0","$0","$0",,"$40,816.33","-97.64802549","30.29443372"
"61","3344","Sendero Hills","Undisclosed","Austin Neighborhood Alliance for Habitat","6003 Sandshof Drive","78724","0217331847","1","Single Family","Ownership","Affordability Period Expired","1","1","0","0","0","0","0","0","0","0","0","1","0","0","03-19-2014","03-19-2024","10",,,,"OHDA","No","No","Yes",,,"No",,"$40,816.33","$0","$0",,"$0","$0","$0","$0",,"$40,816.33","-97.6479662","30.29344907"
"61","3345","Sendero Hills","Undisclosed","Austin Neighborhood Alliance for Habitat","6306 Sandshof Drive","78724","0217331830","1","Single Family","Ownership","Affordability Period Expired","1","1","0","0","0","0","0","0","0","0","0","1","0","0","03-26-2014","03-26-2024","10",,,,"OHDA","No","No","Yes",,,"No",,"$40,816.33","$0","$0",,"$0","$0","$0","$0",,"$40,816.33","-97.64718136","30.29644159"
"61","3346","Sendero Hills","Undisclosed","Austin Neighborhood Alliance for Habitat","6307 Sandshof Drive","78724","0217331876","1","Single Family","Ownership","Affordability Period Expired","1","1","0","0","0","0","0","0","0","0","0","1","0","0","05-27-2014","05-27-2024","10",,,,"OHDA","No","No","Yes",,,"No",,"$40,816.33","$0","$0",,"$0","$0","$35,106.8","$0",,"$40,816.33","-97.64682279","30.2962765"
"61","3347","Sendero Hills","Undisclosed","Austin Neighborhood Alliance for Habitat","6010 Sandshof Drive","78724","0217331837","1","Single Family","Ownership","Affordability Period Expired","1","1","0","0","0","0","0","0","0","0","0","1","0","0","05-28-2014","05-28-2024","10",,,,"OHDA","No","No","Yes",,,"No",,"$40,816.33","$0","$0",,"$0","$0","$35,106.8","$0",,"$40,816.33","-97.64816043","30.29403331"
"61","3348","Sendero Hills","Undisclosed","Austin Neighborhood Alliance for Habitat","6809 Ali Cove","78724","0217331853","1","Single Family","Ownership","Affordability Period Expired","1","1","0","0","0","0","0","0","0","0","0","1","0","0","05-28-2014","05-28-2024","10",,,,"OHDA","No","No","Yes",,,"No",,"$40,816.33","$0","$0",,"$0","$0","$35,106.8","$0",,"$40,816.33","-97.64724076","30.29386219"
"61","3349","Sendero Hills","Undisclosed","Austin Neighborhood Alliance for Habitat","6100 Sandshof Drive","78724","0217331836","1","Single Family","Ownership","Affordability Period Expired","1","1","0","0","0","0","0","0","0","0","0","1","0","0","06-19-2014","06-19-2024","10",,,,"OHDA","No","No","Yes",,,"No",,"$40,816.33","$0","$0",,"$0","$0","$35,106.8","$0",,"$40,816.33","-97.64809070153","30.29416650724"
"61","3350","Sendero Hills","Undisclosed","Austin Neighborhood Alliance for Habitat","5904 Sandshof Drive","78724","0217331843","1","Single Family","Ownership","Affordability Period Expired","1","1","0","0","0","0","0","0","0","0","0","1","0","0","10-09-2012","10-09-2022","10",,,,"OHDA","No","No","Yes",,,"No",,"$40,816.33","$0","$0",,"$0","$0","$11,332.72","$0",,"$40,816.33","-97.64849267","30.29321658"
"61","3351","Sendero Hills","Undisclosed","Austin Neighborhood Alliance for Habitat","6000 Sandshof Drive","78724","0217331842","1","Single Family","Ownership","Affordability Period Expired","1","1","0","0","0","0","0","0","0","0","0","1","0","0","11-02-2012","11-02-2022","10",,,,"OHDA","No","No","Yes",,,"No",,"$40,816.33","$0","$0",,"$0","$0","$11,332.72","$0",,"$40,816.33","-97.64843839","30.29338734"
"61","3352","Sendero Hills","Undisclosed","Austin Neighborhood Alliance for Habitat","6001 Sandshof Drive","78724","0217331846","1","Single Family","Ownership","Affordability Period Expired","1","1","0","0","0","0","0","0","0","0","0","1","0","0","11-09-2012","11-09-2022","10",,,,"OHDA","No","No","Yes",,,"No",,"$40,816.33","$0","$0",,"$0","$0","$11,332.72","$0",,"$40,816.33","-97.64802048877","30.29327830662"
"61","3353","Sendero Hills","Undisclosed","Austin Neighborhood Alliance for Habitat","6004 Sandshof Drive","78724","0217331840","1","Single Family","Ownership","Affordability Period Expired","1","1","0","0","0","0","0","0","0","0","0","1","0","0","11-01-2012","11-01-2022","10",,,,"OHDA","No","No","Yes",,,"No",,"$40,816.33","$0","$0",,"$0","$0","$11,332.72","$0",,"$40,816.33","-97.64830357","30.29363519"
"61","3354","Sendero Hills","Undisclosed","Austin Neighborhood Alliance for Habitat","6007 Sandshof Drive","78724","0217331849","1","Single Family","Ownership","Affordability Period Expired","1","1","0","0","0","0","0","0","0","0","0","1","0","0","02-27-2012","02-27-2022","10",,,,"OHDA","No","No","Yes",,,"No",,"$40,816.33","$0","$0",,"$0","$0","$11,332.72","$0",,"$40,816.33","-97.64787263","30.29369781"
"61","3355","Sendero Hills","Undisclosed","Austin Neighborhood Alliance for Habitat","6301 Sandshof Drive","78724","0217331873","1","Single Family","Ownership","Affordability Period Expired","1","1","0","0","0","0","0","0","0","0","0","1","0","0","02-14-2012","02-14-2022","10",,,,"OHDA","No","No","Yes",,,"No",,"$40,816.33","$0","$0",,"$0","$0","$11,332.72","$0",,"$40,816.33","-97.64708433","30.29592386"
"61","3356","Sendero Hills","Undisclosed","Austin Neighborhood Alliance for Habitat","6305 Sandshof Drive","78724","0217331875","1","Single Family","Ownership","Affordability Period Expired","1","1","0","0","0","0","0","0","0","0","0","1","0","0","08-30-2012","08-30-2022","10",,,,"OHDA","No","No","Yes",,,"No",,"$40,816.33","$0","$0",,"$0","$0","$11,332.72","$0",,"$40,816.33","-97.64689598","30.296167"
"61","3357","Sendero Hills","Undisclosed","Austin Neighborhood Alliance for Habitat","6309 Sandshof Drive","78724","0217331877","1","Single Family","Ownership","Affordability Period Expired","1","1","0","0","0","0","0","0","0","0","0","1","0","0","08-31-2012","08-31-2022","10",,,,"OHDA","No","No","Yes",,,"No",,"$40,816.33","$0","$0",,"$0","$0","$11,332.72","$0",,"$40,816.33","-97.64674486","30.29640739"
"61","3358","Sendero Hills","Undisclosed","Austin Neighborhood Alliance for Habitat","6401 Sandshof Drive","78724","0217331878","1","Single Family","Ownership","Affordability Period Expired","1","1","0","0","0","0","0","0","0","0","0","1","0","0","07-20-2012","07-20-2022","10",,,,"OHDA","No","No","Yes",,,"No",,"$40,816.33","$0","$0",,"$0","$0","$11,332.72","$0",,"$40,816.33","-97.64665052","30.29653432"
"61","3359","Sendero Hills","Undisclosed","Austin Neighborhood Alliance for Habitat","6403 Sandshof Drive","78724","0217331879","1","Single Family","Ownership","Affordability Period Expired","1","1","0","0","0","0","0","0","0","0","0","1","0","0","07-31-2012","07-31-2022","10",,,,"OHDA","No","No","Yes",,,"No",,"$40,816.33","$0","$0",,"$0","$0","$11,332.72","$0",,"$40,816.33","-97.64659333","30.29666206"
"61","3360","Sendero Hills","Undisclosed","Austin Neighborhood Alliance for Habitat","6800 Ali Cove","78724","0217331857","1","Single Family","Ownership","Affordability Period Expired","1","1","0","0","0","0","0","0","0","0","0","1","0","0","04-18-2012","04-18-2022","10",,,,"OHDA","No","No","Yes",,,"No",,"$40,816.33","$0","$0",,"$0","$0","$11,332.72","$0",,"$40,816.33","-97.64763953","30.29421434"
"61","3361","Sendero Hills","Undisclosed","Austin Neighborhood Alliance for Habitat","6800 Lucy Cove","78724","0217331871","1","Single Family","Ownership","Affordability Period Expired","1","1","0","0","0","0","0","0","0","0","0","1","0","0","01-11-2012","01-11-2022","10",,,,"OHDA","No","No","Yes",,,"No",,"$40,816.33","$0","$0",,"$0","$0","$11,332.72","$0",,"$40,816.33","-97.64747952","30.29492222"
"61","3362","Sendero Hills","Undisclosed","Austin Neighborhood Alliance for Habitat","6801 Lucy Cove","78724","0217331858","1","Single Family","Ownership","Affordability Period Expired","1","1","0","0","0","0","0","0","0","0","0","1","0","0","02-14-2012","02-14-2022","10",,,,"OHDA","No","No","Yes",,,"No",,"$40,816.33","$0","$0",,"$0","$0","$11,332.72","$0",,"$40,816.33","-97.64748908","30.29457862"
"61","3363","Sendero Hills","Undisclosed","Austin Neighborhood Alliance for Habitat","6802 Ali Cove","78724","0217331856","1","Single Family","Ownership","Affordability Period Expired","1","1","0","0","0","0","0","0","0","0","0","1","0","0","06-21-2012","06-21-2022","10",,,,"OHDA","No","No","Yes",,,"No",,"$40,816.33","$0","$0",,"$0","$0","$11,332.72","$0",,"$40,816.33","-97.64745434","30.29419613"
"61","3364","Sendero Hills","Undisclosed","Austin Neighborhood Alliance for Habitat","6804 Ali Cove","78724","0217331855","1","Single Family","Ownership","Affordability Period Expired","1","1","0","0","0","0","0","0","0","0","0","1","0","0","02-27-2012","02-27-2022","10",,,,"OHDA","No","No","Yes",,,"No",,"$40,816.33","$0","$0",,"$0","$0","$11,332.72","$0",,"$40,816.33","-97.64730704","30.29415009"
"61","3365","Sendero Hills","Undisclosed","Austin Neighborhood Alliance for Habitat","6805 Ali Cove","78724","0217331851","1","Single Family","Ownership","Affordability Period Expired","1","1","0","0","0","0","0","0","0","0","0","1","0","0","08-15-2012","08-15-2022","10",,,,"OHDA","No","No","Yes",,,"No",,"$40,816.33","$0","$0",,"$0","$0","$11,332.72","$0",,"$40,816.33","-97.64742947","30.29375514"
"61","3366","Sendero Hills","Undisclosed","Austin Neighborhood Alliance for Habitat","6805 Lucy Cove","78724","0217331860","1","Single Family","Ownership","Affordability Period Expired","1","1","0","0","0","0","0","0","0","0","0","1","0","0","06-27-2012","06-27-2022","10",,,,"OHDA","No","No","Yes",,,"No",,"$40,816.33","$0","$0",,"$0","$0","$11,332.72","$0",,"$40,816.33","-97.64713587","30.2945175"
"61","3367","Sendero Hills","Undisclosed","Austin Neighborhood Alliance for Habitat","6806 Ali Cove","78724","0217331854","1","Single Family","Ownership","Affordability Period Expired","1","1","0","0","0","0","0","0","0","0","0","1","0","0","04-18-2012","04-18-2022","10",,,,"OHDA","No","No","Yes",,,"No",,"$0","$0","$0",,"$0","$0","$0","$0",,"$0","-97.64716096","30.29406107"
"61","3368","Sendero Hills","Undisclosed","Austin Neighborhood Alliance for Habitat","6806 Lucy Cove","78724","0217331868","1","Single Family","Ownership","Affordability Period Expired","1","1","0","0","0","0","0","0","0","0","0","1","0","0","04-19-2012","04-19-2022","10",,,,"OHDA","No","No","Yes",,,"No",,"$0","$0","$0",,"$0","$0","$0","$0",,"$0","-97.64698235","30.29484375"
"61","3369","Sendero Hills","Undisclosed","Austin Neighborhood Alliance for Habitat","6807 Lucy Cove","78724","0217331861","1","Single Family","Ownership","Affordability Period Expired","1","1","0","0","0","0","0","0","0","0","0","1","0","0","09-21-2012","09-21-2022","10",,,,"OHDA","No","No","Yes",,,"No",,"$0","$0","$0",,"$0","$0","$0","$0",,"$0","-97.64699703","30.29446445"
"61","3370","Sendero Hills","Undisclosed","Austin Neighborhood Alliance for Habitat","6808 Lucy Cove","78724","0217331867","1","Single Family","Ownership","Affordability Period Expired","1","1","0","0","0","0","0","0","0","0","0","1","0","0","02-17-2012","02-17-2022","10",,,,"OHDA","No","No","Yes",,,"No",,"$0","$0","$0",,"$0","$0","$0","$0",,"$0","-97.64679271","30.2948362"
"61","3371","Sendero Hills","Undisclosed","Austin Neighborhood Alliance for Habitat","6809 Lucy Cove","78724","0217331862","1","Single Family","Ownership","Affordability Period Expired","1","1","0","0","0","0","0","0","0","0","0","1","0","0","07-06-2012","07-06-2022","10",,,,"OHDA","No","No","Yes",,,"No",,"$0","$0","$0",,"$0","$0","$0","$0",,"$0","-97.64683485","30.29436077"
"61","3372","Sendero Hills","Undisclosed","Austin Neighborhood Alliance for Habitat","6810 Lucy Cove","78724","0217331866","1","Single Family","Ownership","Affordability Period Expired","1","1","0","0","0","0","0","0","0","0","0","1","0","0","10-03-2012","10-03-2022","10",,,,"OHDA","No","No","Yes",,,"No",,"$0","$0","$0",,"$0","$0","$0","$0",,"$0","-97.64660055","30.29477131"
"61","3373","Sendero Hills","Undisclosed","Austin Neighborhood Alliance for Habitat","6814 Lucy Cove","78724","0217331864","1","Single Family","Ownership","Affordability Period Expired","1","1","0","0","0","0","0","0","0","0","0","1","0","0","03-20-2012","03-20-2022","10",,,,"OHDA","No","No","Yes",,,"No",,"$0","$0","$0",,"$0","$0","$0","$0",,"$0","-97.64648452","30.29449205"
"61","3374","Sendero Hills","Undisclosed","Austin Neighborhood Alliance for Habitat","6106 Sandshof Drive","78724","0217331833","1","Single Family","Ownership","Affordability Period Expired","1","1","0","0","0","0","0","0","0","0","0","1","0","0","06-20-2014","06-20-2024","10",,,,"OHDA","No","No","Yes",,,"No",,"$0","$0","$0",,"$0","$0","$0","$0",,"$0","-97.64795629","30.29454688"
"61","3375","Sendero Hills","Undisclosed","Austin Neighborhood Alliance for Habitat","6813 Lucy Cove","78724","0217331863","1","Single Family","Ownership","Affordability Period Expired","1","1","0","0","0","0","0","0","0","0","0","1","0","0","07-22-2014","07-22-2024","10",,,,"OHDA","No","No","Yes",,,"No",,"$0","$0","$0",,"$0","$0","$0","$0",,"$0","-97.6466037","30.29436203"
"61","3376","Sendero Hills","Undisclosed","Austin Neighborhood Alliance for Habitat","6802 Lucy Cove","78724","0217331870","1","Single Family","Ownership","Affordability Period Expired","1","1","0","0","0","0","0","0","0","0","0","1","0","0","07-26-2012","07-26-2022","10",,,,"OHDA","No","No","Yes",,,"No",,"$0","$0","$0",,"$0","$0","$0","$0",,"$0","-97.64729008","30.29490752"
"64","3379","9215 Kempler Drive","Accessible Housing Austin!","Accessible Housing Austin!","9215 Kempler Drive","78748","0426210620","5","Duplex","Rental","Project Completed","2","2","0","0","0","0","0","2","0","0","0","0","0","0","04-22-2016","04-22-2115","99",,,,"RHDA","No","No","No",,,"No",,"$0","$0","$0",,"$171,857","$0","$220,880","$0",,"$0","-97.82150199","30.18065235"
"65","3380","2106 Chicon Street","Blackland Community Development Corporation","Blackland Community Development Corporation","2106 Chicon Street","78722","0211090703","1","Single Family","Rental","Project Completed","1","1","0","0","0","0","0","1","0","0","0","0","0","0","12-01-2014","12-01-2113","99",,,,"RHDA","No","No","No",,,"No",,"$0","$0","$0",,"$0","$0","$8,567","$0",,"$0","-97.72201","30.28241"
"65","3381","2004 Chicon Street","Blackland Community Development Corporation","Blackland Community Development Corporation","2004 Chicon Street","78722","0211091210","1","Duplex","Rental","Project Completed","2","2","0","0","0","0","0","2","0","0","0","0","0","0","10-14-2014","10-14-2113","99",,,,"RHDA","No","No","No",,,"No",,"$0","$0","$0",,"$0","$0","$17,133","$0",,"$0","-97.721714","30.281191"
"66","3382","2112 E 8th Street","Blackshear Neighborhood Development Corporation","Blackshear Neighborhood Development Corporation","2112 E 8th Street","78702","0205101012","1","Single Family","Rental","Project Completed","1","1","0","0","0","0","0","1","0","0","0","0","0","0","09-01-2016","09-01-2115","99",,,,"RHDA","No","No","Yes",,,"No",,"$0","$0","$0",,"$0","$0","$127,413","$0",,"$0","-97.71818467","30.26281963"
"67","3384","Cross Creek Apartments","TMG - TX Austin II","The Muholland Group LLC","1124 Rutland Drive","78758",,"4","Multifamily","Rental","Affordability Released","200","200","0","0","0","20","0","0","180","0","0","0","0","0","07-01-2014","07-01-2054","40",,,,"RHDA","No","No","Yes",,,"No",,"$0","$2,000,000","$0",,"$0","$0","$0","$0",,"$2,000,000","-97.7037204","30.36871135"
"74","3391","Parkwest Condos","Frameworks Community Development Corporation","Frameworks Community Development Corporation","10616 Mellow Meadows Drive","78750","R472972","6","Single Family","Ownership","Project Completed","1","1","0","0","0","0","0","0","0","0","0","1","0","0","07-17-2013","07-17-2112","99",,,,"RHDA","No","No","No",,,"No",,"$0","$0","$0",,"$55,056","$0","$0","$0",,"$0","-97.80172791","30.460423"
"74","3392","Edgecreek Condos","Frameworks Community Development Corporation","Frameworks Community Development Corporation","12166 Metric Boulevard","78758","0258160701","7","Duplex","Ownership","Project Completed","2","2","0","0","0","0","0","0","0","0","0","2","0","0","12-30-2014","12-30-2113","99",,,,"RHDA","No","No","No",,,"No",,"$0","$0","$0",,"$110,110","$0","$0","$0",,"$0","-97.69786173","30.40679119"
"75","3393","4904 West Wind Trail","Frameworks Community Development Corporation","Frameworks Community Development Corporation","4904 West Wind Trail","78745","0410130115","5","FourPlex","Rental","Project Completed","4","3","0","0","0","0","0","3","0","0","0","0","0","0","11-14-2014","11-14-2113","99",,,,"RHDA","No","No","No",,,"No",,"$0","$0","$0",,"$0","$0","$187,000","$0",,"$0","-97.80338524","30.22744113"
"76","3394","4810 West Wind Trail","Frameworks Community Development Corporation","Frameworks Community Development Corporation","4810 West Wind Trail","78745","0410130112","5","FourPlex","Rental","Project Completed","8","5","0","0","0","0","0","5","0","0","0","0","0","0","10-17-2014","10-17-2113","99",,,,"RHDA","No","No","No",,,"No",,"$0","$0","$0",,"$0","$0","$146,093.5","$0",,"$0","-97.80299658","30.2279505"
"77","3396","The Works at Pleasant Valley","Lifeworks Affordable Housing Corporation","Lifeworks Affordable Housing Corporation","2800 Lyons Road","78702","0206130722","3","Multifamily","Rental","Project Completed","45","45","6","20","0","15","0","30","0","0","0","0","0","0","01-17-2014","01-17-2113","99",,,,"RHDA","No","No","Yes",,,"No",,"$650,000","$0","$0",,"$0","$0","$0","$200,000",,"$850,000","-97.70740009","30.26397344"
"79","3398","Frameworks Community Development Corporation - SF","Undisclosed","Frameworks Community Development Corporation","5520 Alomar Cover","78617","0328430830","2","Single Family","Ownership","Project Completed","1","1","0","0","0","0","0","0","0","0","0","1","0","0","08-24-2011","08-24-2047","36",,,,"OHDA","No","No","No",,,"No",,"$0","$0","$0",,"$0","$0","$0","$0",,"$0","-97.61857090611","30.17216576727"
"80","3399","Frameworks Community Development Corporation - SF","Undisclosed","Frameworks Community Development Corporation","5616 Malarkey Road","78617","0328430840","2","Single Family","Ownership","Project Completed","1","1","0","0","0","0","0","0","0","0","0","1","0","0","07-01-2010","07-01-2040","30",,,,"OHDA","No","No","No",,,"No",,"$0","$0","$0",,"$0","$0","$0","$0",,"$0","-97.61955165844","30.17091362722"
"81","3400","Frameworks Community Development Corporation - SF","Undisclosed","Frameworks Community Development Corporation","11429 Flushwing Drive","78754","0245301322","1","Single Family","Ownership","Project Completed","1","1","0","0","0","0","0","0","0","0","0","1","0","0","03-28-2011","03-28-2047","36",,,,"OHDA","No","No","No",,,"No",,"$0","$0","$0",,"$0","$0","$0","$0",,"$0","-97.64942287154","30.37444996219"
"82","3401","Frameworks Community Development Corporation - SF","Undisclosed","Frameworks Community Development Corporation","12812 Quirin Drive","78617","0328430425","2","Single Family","Ownership","Project Completed","1","1","0","0","0","0","0","0","0","0","0","1","0","0","07-02-2012","07-02-2042","30",,,,"OHDA","No","No","No",,,"No",,"$0","$0","$0",,"$0","$0","$0","$0",,"$0","-97.61785712643","30.17375179626"
"84","3403","Westgate Grove II (aka Canopy at Westgate)","Westgate Momark LLC","HomeBase Texas","8601 West Gate Boulevard","78745","0422230202","5","Single Family","Ownership","Project Completed","88","88","0","0","0","0","0","0","0","0","0","58","30","0","08-19-2022","08-19-2121","99",,,,"OHDA","No","No","Yes",,,"No",,"$1,250,000","$0","$945,000",,"$0","$0","$0","$0",,"$2,195,000","-97.83226809","30.19237154"
"86","3405","Chestnut Neighborhood Revitalization Corporation - SF","Undisclosed","Chestnut Neighborhood Revitalization Corporation","1807 E Maple Avenue","78702","0210111204","1","Single Family","Ownership","Affordability Period Expired","1","1","0","0","0","0","0","0","0","0","0","1","0","0","06-30-2005","06-30-2006","1",,,,"OHDA","No","No","Yes",,,"No",,"$0","$0","$0",,"$0","$0","$0","$0",,"$0","-97.71597539206","30.2799799088"
"87","3406","Guadalupe Neighborhood Development Corporation - SF","Guadalupe Neighborhood Development Corporation","Guadalupe Neighborhood Development Corporation","807 Waller Street","78702","0205070301","1","Single Family","Ownership","Project Completed","1","1","0","0","0","0","0","0","0","0","0","1","0","0","11-13-2014","11-13-2113","99",,,,"OHDA","No","No","Yes",,,"No",,"$100,000","$0","$0",,"$0","$145,000","$0","$0",,"$245,000","-97.72973918","30.2669432"
"88","3407","Guadalupe Neighborhood Development Corporation - SF","Undisclosed","Guadalupe Neighborhood Development Corporation","1313 Willow Street","78702","0202050511","3","Single Family","Ownership","Project Completed","1","1","0","0","0","0","0","0","0","0","0","1","0","0","11-20-2012","11-20-2027","15",,,,"OHDA","No","No","Yes",,,"No",,"$0","$0","$0",,"$0","$0","$122,500","$0",,"$0","-97.7311226","30.25833736"
"90","3409","Persimmon Point","Austin Habitat for Humanity","Austin Habitat for Humanity","7051 Meadow Lake Boulevard","78744","0428010115","2","Single Family","Ownership","Under Construction","126","126","0","0","0","0","0","0","0","0","0","126","0","0",,"12-30-1998","99",,,,"OHDA","No","Yes","Yes",,,"No",,"$0","$0","$8,147,104","752,353","$942,896","$0","$0","$2,250,000","$0","$10,397,104","-97.75507999","30.17710808"
"91","3410","Devonshire Village","Undisclosed","Austin Neighborhood Alliance for Habitat","2417 Towbridge Circle","78723","0222210287","4","Single Family","Ownership","Affordability Period Expired","1","1","0","0","0","0","0","0","0","0","0","1","0","0","06-22-2010","06-22-2020","10",,,,"OHDA","No","No","Yes",,,"No",,"$0","$0","$0",,"$0","$0","$0","$0",,"$0","-97.68149648429","30.31209466012"
"91","3411","Devonshire Village","Undisclosed","Austin Neighborhood Alliance for Habitat","2400 Towbridge Circle","78723","0222210293","4","Single Family","Ownership","Affordability Period Expired","1","1","0","0","0","0","0","0","0","0","0","1","0","0","12-22-2009","12-22-2019","10",,,,"OHDA","No","No","Yes",,,"No",,"$0","$0","$0",,"$0","$0","$0","$0",,"$0","-97.68238530267","30.31219470284"
"91","3412","Devonshire Village","Undisclosed","Austin Neighborhood Alliance for Habitat","2401 Towbridge Circle","78723","0222210279","4","Single Family","Ownership","Affordability Period Expired","1","1","0","0","0","0","0","0","0","0","0","1","0","0","09-30-2009","09-30-2019","10",,,,"OHDA","No","No","Yes",,,"No",,"$0","$0","$0",,"$0","$0","$0","$0",,"$0","-97.68268012593","30.31188037968"
"91","3413","Devonshire Village","Undisclosed","Austin Neighborhood Alliance for Habitat","2403 Towbridge Circle","78723","0222210280","4","Single Family","Ownership","Affordability Period Expired","1","1","0","0","0","0","0","0","0","0","0","1","0","0","12-18-2009","12-18-2019","10",,,,"OHDA","No","No","Yes",,,"No",,"$0","$0","$0",,"$0","$0","$0","$0",,"$0","-97.68249750156","30.31181691995"
"91","3414","Devonshire Village","Undisclosed","Austin Neighborhood Alliance for Habitat","2405 Towbridge Circle","78723","0222210281","4","Single Family","Ownership","Affordability Period Expired","1","1","0","0","0","0","0","0","0","0","0","1","0","0","04-14-2010","04-14-2020","10",,,,"OHDA","No","No","Yes",,,"No",,"$0","$0","$0",,"$0","$0","$0","$0",,"$0","-97.68234733435","30.31177321886"
"91","3415","Devonshire Village","Undisclosed","Austin Neighborhood Alliance for Habitat","2406 Towbridge Circle","78723","0222210292","4","Single Family","Ownership","Affordability Period Expired","1","1","0","0","0","0","0","0","0","0","0","1","0","0","08-14-2009","08-14-2019","10",,,,"OHDA","No","No","Yes",,,"No",,"$0","$0","$0",,"$0","$0","$0","$0",,"$0","-97.68218108394","30.3121164666"
"91","3416","Devonshire Village","Undisclosed","Austin Neighborhood Alliance for Habitat","2407 Towbridge Circle","78723","0222210282","4","Single Family","Ownership","Affordability Period Expired","1","1","0","0","0","0","0","0","0","0","0","1","0","0","05-05-2010","05-05-2020","10",,,,"OHDA","No","No","Yes",,,"No",,"$0","$0","$0",,"$0","$0","$0","$0",,"$0","-97.68218869882","30.31173891379"
"91","3417","Devonshire Village","Undisclosed","Austin Neighborhood Alliance for Habitat","2408 Devonshire Drive","78723","0222210278","4","Single Family","Ownership","Affordability Period Expired","1","1","0","0","0","0","0","0","0","0","0","1","0","0","10-15-2010","10-15-2020","10",,,,"OHDA","No","No","Yes",,,"No",,"$0","$0","$0",,"$0","$0","$0","$0",,"$0","-97.68213626553","30.31132359399"
"91","3418","Devonshire Village","Undisclosed","Austin Neighborhood Alliance for Habitat","2409 Towbridge Circle","78723","0222210283","4","Single Family","Ownership","Affordability Period Expired","1","1","0","0","0","0","0","0","0","0","0","1","0","0","10-02-2013","10-02-2023","10",,,,"OHDA","No","No","Yes",,,"No",,"$0","$0","$0",,"$0","$0","$0","$0",,"$0","-97.68201267347","30.31173527319"
"91","3419","Devonshire Village","Undisclosed","Austin Neighborhood Alliance for Habitat","2410 Devonshire Drive","78723","0222210277","4","Single Family","Ownership","Affordability Period Expired","1","1","0","0","0","0","0","0","0","0","0","1","0","0","09-16-2009","09-16-2019","10",,,,"OHDA","No","No","Yes",,,"No",,"$0","$0","$0",,"$0","$0","$0","$0",,"$0","-97.68196520199","30.31123630672"
"91","3420","Devonshire Village","Undisclosed","Austin Neighborhood Alliance for Habitat","2410 Towbridge Circle","78723","0222210290","4","Single Family","Ownership","Affordability Period Expired","6","6","0","0","0","0","0","0","0","0","0","6","0","0","06-19-2013","06-19-2023","10",,,,"OHDA","No","No","Yes",,,"No",,"$0","$0","$0",,"$0","$0","$0","$0",,"$0","-97.68207245665","30.31235857273"
"91","3421","Devonshire Village","Undisclosed","Austin Neighborhood Alliance for Habitat","2411 Devonshire Drive","78723","0222210254","4","Single Family","Ownership","Affordability Period Expired","1","1","0","0","0","0","0","0","0","0","0","1","0","0","04-08-2010","04-08-2020","10",,,,"OHDA","No","No","Yes",,,"No",,"$0","$0","$0",,"$0","$0","$0","$0",,"$0","-97.68210366626","30.31090750171"
"91","3422","Devonshire Village","Undisclosed","Austin Neighborhood Alliance for Habitat","2411 Towbridge Circle","78723","0222210284","4","Single Family","Ownership","Affordability Period Expired","1","1","0","0","0","0","0","0","0","0","0","1","0","0","12-23-2009","12-23-2019","10",,,,"OHDA","No","No","Yes",,,"No",,"$0","$0","$0",,"$0","$0","$0","$0",,"$0","-97.68183654839","30.31173641595"
"91","3423","Devonshire Village","Undisclosed","Austin Neighborhood Alliance for Habitat","2412 Devonshire Drive","78723","0222210276","4","Single Family","Ownership","Affordability Period Expired","1","1","0","0","0","0","0","0","0","0","0","1","0","0","08-15-2013","08-15-2023","10",,,,"OHDA","No","No","Yes",,,"No",,"$0","$0","$0",,"$0","$0","$0","$0",,"$0","-97.68177056381","30.31131363716"
"91","3424","Devonshire Village","Undisclosed","Austin Neighborhood Alliance for Habitat","2412 Towbridge Circle","78723","0222210289","4","Single Family","Ownership","Affordability Period Expired","1","1","0","0","0","0","0","0","0","0","0","1","0","0","08-03-2011","08-03-2021","10",,,,"OHDA","No","No","Yes",,,"No",,"$0","$0","$0",,"$0","$0","$0","$0",,"$0","-97.68189302831","30.31228477321"
"91","3425","Devonshire Village","Undisclosed","Austin Neighborhood Alliance for Habitat","2413 Devonshire Drive","78723","0222210255","4","Single Family","Ownership","Affordability Period Expired","1","1","0","0","0","0","0","0","0","0","0","1","0","0","12-22-2009","12-22-2019","10",,,,"OHDA","No","No","Yes",,,"No",,"$0","$0","$0",,"$0","$0","$0","$0",,"$0","-97.68195254898","30.31089959048"
"91","3426","Devonshire Village","Undisclosed","Austin Neighborhood Alliance for Habitat","2413 Towbridge Circle","78723","0222210285","4","Single Family","Ownership","Affordability Period Expired","1","1","0","0","0","0","0","0","0","0","0","1","0","0","09-30-2009","09-30-2019","10",,,,"OHDA","No","No","Yes",,,"No",,"$0","$0","$0",,"$0","$0","$0","$0",,"$0","-97.68166452805","30.31178775539"
"91","3427","Devonshire Village","Undisclosed","Austin Neighborhood Alliance for Habitat","2414 Towbridge Circle","78723","0222210288","4","Single Family","Ownership","Affordability Period Expired","1","1","0","0","0","0","0","0","0","0","0","1","0","0","05-14-2013","05-14-2023","10",,,,"OHDA","No","No","Yes",,,"No",,"$0","$0","$0",,"$0","$0","$0","$0",,"$0","-97.68169658791","30.31222341942"
"91","3428","Devonshire Village","Undisclosed","Austin Neighborhood Alliance for Habitat","2415 Towbridge Circle","78723","0222210286","4","Single Family","Ownership","Affordability Period Expired","1","1","0","0","0","0","0","0","0","0","0","1","0","0","06-07-2010","06-07-2020","10",,,,"OHDA","No","No","Yes",,,"No",,"$0","$0","$0",,"$0","$0","$0","$0",,"$0","-97.68150428972","30.31191098586"
"91","3429","Devonshire Village","Undisclosed","Austin Neighborhood Alliance for Habitat","2500 Devonshire Drive","78723","0222210275","4","Single Family","Ownership","Affordability Period Expired","1","1","0","0","0","0","0","0","0","0","0","1","0","0","04-13-2010","04-13-2020","10",,,,"OHDA","No","No","Yes",,,"No",,"$0","$0","$0",,"$0","$0","$0","$0",,"$0","-97.68159355501","30.31134581314"
"91","3430","Devonshire Village","Undisclosed","Austin Neighborhood Alliance for Habitat","2502 Devonshire Drive","78723","0222210274","4","Single Family","Ownership","Affordability Period Expired","1","1","0","0","0","0","0","0","0","0","0","1","0","0","07-30-2013","07-30-2023","10",,,,"OHDA","No","No","Yes",,,"No",,"$0","$0","$0",,"$0","$0","$0","$0",,"$0","-97.6814353509","30.31139504523"
"91","3431","Devonshire Village","Undisclosed","Austin Neighborhood Alliance for Habitat","2504 Devonshire Drive","78723","0222210273","4","Single Family","Ownership","Affordability Period Expired","1","1","0","0","0","0","0","0","0","0","0","1","0","0","12-27-2011","12-27-2021","10",,,,"OHDA","No","No","Yes",,,"No",,"$0","$0","$0",,"$0","$0","$0","$0",,"$0","-97.68129089584","30.31144458908"
"91","3432","Devonshire Village","Undisclosed","Austin Neighborhood Alliance for Habitat","2506 Devonshire Drive","78723","0222210272","4","Single Family","Ownership","Affordability Period Expired","1","1","0","0","0","0","0","0","0","0","0","1","0","0","03-20-2013","03-20-2023","10",,,,"OHDA","No","No","Yes",,,"No",,"$0","$0","$0",,"$0","$0","$0","$0",,"$0","-97.6811349884","30.31151059066"
"91","3433","Devonshire Village","Undisclosed","Austin Neighborhood Alliance for Habitat","2507 Devonshire Drive","78723","0222210268","4","Single Family","Ownership","Affordability Period Expired","1","1","0","0","0","0","0","0","0","0","0","1","0","0","08-03-2011","08-03-2021","10",,,,"OHDA","No","No","Yes",,,"No",,"$0","$0","$0",,"$0","$0","$0","$0",,"$0","-97.6809138705","30.3110462062"
"91","3434","Devonshire Village","Undisclosed","Austin Neighborhood Alliance for Habitat","2508 Devonshire Drive","78723","0222210271","4","Single Family","Ownership","Affordability Period Expired","1","1","0","0","0","0","0","0","0","0","0","1","0","0","09-16-2013","09-16-2023","10",,,,"OHDA","No","No","Yes",,,"No",,"$0","$0","$0",,"$0","$0","$0","$0",,"$0","-97.68097986727","30.31154797682"
"91","3435","Devonshire Village","Undisclosed","Austin Neighborhood Alliance for Habitat","2510 Towbridge Circle","78723","0222210287","4","Single Family","Ownership","Affordability Period Expired","1","1","0","0","0","0","0","0","0","0","0","1","0","0","09-25-2013","09-25-2023","10",,,,"OHDA","No","No","Yes",,,"No",,"$0","$0","$0",,"$0","$0","$0","$0",,"$0","-97.68149648429","30.31209466012"
"91","3436","Devonshire Village","Undisclosed","Austin Neighborhood Alliance for Habitat","6100 Devonshire Cove","78723","0222210261","4","Single Family","Ownership","Affordability Period Expired","1","1","0","0","0","0","0","0","0","0","0","1","0","0","12-29-2009","12-29-2019","10",,,,"OHDA","No","No","Yes",,,"No",,"$0","$0","$0",,"$0","$0","$0","$0",,"$0","-97.68117109884","30.31029707036"
"91","3437","Devonshire Village","Undisclosed","Austin Neighborhood Alliance for Habitat","6101 Devonshire Cove","78723","0222210262","4","Single Family","Ownership","Affordability Period Expired","1","1","0","0","0","0","0","0","0","0","0","1","0","0","07-17-2009","07-17-2019","10",,,,"OHDA","No","No","Yes",,,"No",,"$0","$0","$0",,"$0","$0","$0","$0",,"$0","-97.68100633347","30.31038439648"
"91","3438","Devonshire Village","Undisclosed","Austin Neighborhood Alliance for Habitat","6102 Devonshire Cove","78723","0222210260","4","Single Family","Ownership","Affordability Period Expired","1","1","0","0","0","0","0","0","0","0","0","1","0","0","06-30-2009","06-30-2019","10",,,,"OHDA","No","No","Yes",,,"No",,"$0","$0","$0",,"$0","$0","$0","$0",,"$0","-97.68136569653","30.31032496974"
"91","3439","Devonshire Village","Undisclosed","Austin Neighborhood Alliance for Habitat","6103 Devonshire Cove","78723","0222210263","4","Single Family","Ownership","Affordability Period Expired","1","1","0","0","0","0","0","0","0","0","0","1","0","0","09-30-2009","09-30-2019","10",,,,"OHDA","No","No","Yes",,,"No",,"$0","$0","$0",,"$0","$0","$0","$0",,"$0","-97.68092410069","30.3105736817"
"91","3440","Devonshire Village","Undisclosed","Austin Neighborhood Alliance for Habitat","6105 Devonshire Cove","78723","0222210264","4","Single Family","Ownership","Affordability Period Expired","1","1","0","0","0","0","0","0","0","0","0","1","0","0","09-30-2009","09-30-2019","10",,,,"OHDA","No","No","Yes",,,"No",,"$0","$0","$0",,"$0","$0","$0","$0",,"$0","-97.68099656143","30.31073992907"
"91","3441","Devonshire Village","Undisclosed","Austin Neighborhood Alliance for Habitat","6106 Devonshire Cove","78723","0222210259","4","Single Family","Ownership","Affordability Period Expired","1","1","0","0","0","0","0","0","0","0","0","1","0","0","03-31-2009","03-31-2019","10",,,,"OHDA","No","No","Yes",,,"No",,"$0","$0","$0",,"$0","$0","$0","$0",,"$0","-97.68152403547","30.31047148544"
"91","3442","Devonshire Village","Undisclosed","Austin Neighborhood Alliance for Habitat","6107 Devonshire Cove","78723","0222210265","4","Single Family","Ownership","Affordability Period Expired","1","1","0","0","0","0","0","0","0","0","0","1","0","0","03-27-2013","03-27-2023","10",,,,"OHDA","No","No","Yes",,,"No",,"$0","$0","$0",,"$0","$0","$0","$0",,"$0","-97.68110626582","30.31085441463"
"91","3443","Devonshire Village","Undisclosed","Austin Neighborhood Alliance for Habitat","6108 Devonshire Cove","78723","0222210258","4","Single Family","Ownership","Affordability Period Expired","1","1","0","0","0","0","0","0","0","0","0","1","0","0","04-27-2010","04-27-2020","10",,,,"OHDA","No","No","Yes",,,"No",,"$0","$0","$0",,"$0","$0","$0","$0",,"$0","-97.681589115","30.31070680694"
"91","3444","Devonshire Village","Undisclosed","Austin Neighborhood Alliance for Habitat","6109 Devonshire Cove","78723","0222210266","4","Single Family","Ownership","Affordability Period Expired","1","1","0","0","0","0","0","0","0","0","0","1","0","0","07-17-2009","07-17-2019","10",,,,"OHDA","No","No","Yes",,,"No",,"$0","$0","$0",,"$0","$0","$0","$0",,"$0","-97.68116589587","30.31098695175"
"91","3445","Devonshire Village","Undisclosed","Austin Neighborhood Alliance for Habitat","6110 Devonshire Cove","78723","0222210257","4","Single Family","Ownership","Affordability Period Expired","1","1","0","0","0","0","0","0","0","0","0","1","0","0","06-17-2009","06-17-2019","10",,,,"OHDA","No","No","Yes",,,"No",,"$0","$0","$0",,"$0","$0","$0","$0",,"$0","-97.68167657242","30.31082801029"
"91","3446","Devonshire Village","Undisclosed","Austin Neighborhood Alliance for Habitat","6111 Devonshire Cove","78723","0222210267","4","Single Family","Ownership","Affordability Period Expired","1","1","0","0","0","0","0","0","0","0","0","1","0","0","07-17-2009","07-17-2019","10",,,,"OHDA","No","No","Yes",,,"No",,"$0","$0","$0",,"$0","$0","$0","$0",,"$0","-97.6812275822","30.31110580696"
"91","3447","Devonshire Village","Undisclosed","Austin Neighborhood Alliance for Habitat","6112 Devonshire Cove","78723","0222210256","4","Single Family","Ownership","Affordability Period Expired","1","1","0","0","0","0","0","0","0","0","0","1","0","0","06-04-2010","06-04-2020","10",,,,"OHDA","No","No","Yes",,,"No",,"$0","$0","$0",,"$0","$0","$0","$0",,"$0","-97.68168090755","30.31097133999"
"92","3448","Meadow Lake Subdivision","Undisclosed","Austin Neighborhood Alliance for Habitat","7419 Thannas Way","78744","0428030636","2","Single Family","Ownership","Affordability Period Expired","1","1","0","0","0","0","0","0","0","0","0","1","0","0","11-19-2009","11-19-2024","15",,,,"OHDA","No","No","Yes",,,"No",,"$0","$0","$0",,"$0","$0","$0","$0",,"$0","-97.76043156738","30.17893362364"
"92","3449","Meadow Lake Subdivision","Undisclosed","Austin Neighborhood Alliance for Habitat","7423 Thannas Way","78744","0426031803","2","Single Family","Ownership","Affordability Period Expired","1","1","0","0","0","0","0","0","0","0","0","1","0","0","02-24-2010","02-24-2025","15",,,,"OHDA","No","No","Yes",,,"No",,"$0","$0","$0",,"$0","$0","$0","$0",,"$0","-97.76032098","30.17912896"
"93","3450","Meadow Lake Subdivision","Undisclosed","Austin Neighborhood Alliance for Habitat","7418 Thannas Way","78744","0428031401","2","Single Family","Ownership","Affordability Period Expired","1","1","0","0","0","0","0","0","0","0","0","1","0","0","03-17-2009","03-17-2024","15",,,,"OHDA","No","No","Yes",,,"No",,"$0","$0","$0",,"$0","$0","$0","$0",,"$0","-97.7600133566","30.1788256013"
"93","3451","Meadow Lake Subdivision","Undisclosed","Austin Neighborhood Alliance for Habitat","7420 Thannas Way","78744","0428031402","2","Single Family","Ownership","Affordability Period Expired","1","1","0","0","0","0","0","0","0","0","0","1","0","0","03-17-2009","03-17-2024","15",,,,"OHDA","No","No","Yes",,,"No",,"$0","$0","$0",,"$0","$0","$0","$0",,"$0","-97.7599186337","30.17893051928"
"93","3452","Meadow Lake Subdivision","Undisclosed","Austin Neighborhood Alliance for Habitat","7402 Thannas Way","78744","0428011446","2","Single Family","Ownership","Affordability Period Expired","1","1","0","0","0","0","0","0","0","0","0","1","0","0","03-17-2009","03-17-2024","15",,,,"OHDA","No","No","Yes",,,"No",,"$0","$0","$0",,"$0","$0","$0","$0",,"$0","-97.75960051669","30.17879645449"
"94","3453","Meadow Lake Subdivision","Undisclosed","Austin Neighborhood Alliance for Habitat","7208 Thannas Way","78744","0428011434","2","Single Family","Ownership","Affordability Period Expired","1","1","0","0","0","0","0","0","0","0","0","1","0","0","10-19-2009","10-19-2019","10",,,,"OHDA","No","No","Yes",,,"No",,"$0","$0","$0",,"$0","$0","$0","$0",,"$0","-97.75812946168","30.17819439302"
"94","3454","Meadow Lake Subdivision","Undisclosed","Austin Neighborhood Alliance for Habitat","7209 Thannas Way","78744","0428011626","2","Single Family","Ownership","Affordability Period Expired","1","1","0","0","0","0","0","0","0","0","0","1","0","0","10-19-2009","10-19-2019","10",,,,"OHDA","No","No","Yes",,,"No",,"$0","$0","$0",,"$0","$0","$0","$0",,"$0","-97.7583306492","30.17780654806"
"94","3455","Meadow Lake Subdivision","Undisclosed","Austin Neighborhood Alliance for Habitat","7210 Thannas Way","78744","0428011435","2","Single Family","Ownership","Affordability Period Expired","1","1","0","0","0","0","0","0","0","0","0","1","0","0","10-19-2009","10-19-2019","10",,,,"OHDA","No","No","Yes",,,"No",,"$0","$0","$0",,"$0","$0","$0","$0",,"$0","-97.75822527618","30.17824456093"
"94","3456","Meadow Lake Subdivision","Undisclosed","Austin Neighborhood Alliance for Habitat","7211 Thannas Way","78744","0428011625","2","Single Family","Ownership","Affordability Period Expired","1","1","0","0","0","0","0","0","0","0","0","1","0","0","10-19-2009","10-19-2019","10",,,,"OHDA","No","No","Yes",,,"No",,"$0","$0","$0",,"$0","$0","$0","$0",,"$0","-97.75845437166","30.17785122647"
"94","3457","Meadow Lake Subdivision","Undisclosed","Austin Neighborhood Alliance for Habitat","7212 Thannas Way","78744","0428011436","2","Single Family","Ownership","Affordability Period Expired","1","1","0","0","0","0","0","0","0","0","0","1","0","0","10-19-2009","10-19-2019","10",,,,"OHDA","No","No","Yes",,,"No",,"$0","$0","$0",,"$0","$0","$0","$0",,"$0","-97.75834907899","30.17828624321"
"94","3458","Meadow Lake Subdivision","Undisclosed","Austin Neighborhood Alliance for Habitat","7213 Thannas Way","78744","0428011624","2","Single Family","Ownership","Affordability Period Expired","1","1","0","0","0","0","0","0","0","0","0","1","0","0","10-19-2009","10-19-2019","10",,,,"OHDA","No","No","Yes",,,"No",,"$0","$0","$0",,"$0","$0","$0","$0",,"$0","-97.75856364235","30.17791673649"
"94","3459","Meadow Lake Subdivision","Undisclosed","Austin Neighborhood Alliance for Habitat","7214 Thannas Way","78744","0428011437","2","Single Family","Ownership","Affordability Period Expired","1","1","0","0","0","0","0","0","0","0","0","1","0","0","10-19-2009","10-19-2019","10",,,,"OHDA","No","No","Yes",,,"No",,"$0","$0","$0",,"$0","$0","$0","$0",,"$0","-97.75846539121","30.1783488696"
"94","3460","Meadow Lake Subdivision","Undisclosed","Austin Neighborhood Alliance for Habitat","7215 Thannas Way","78744","0428011623","2","Single Family","Ownership","Affordability Period Expired","1","1","0","0","0","0","0","0","0","0","0","1","0","0","10-19-2009","10-19-2019","10",,,,"OHDA","No","No","Yes",,,"No",,"$0","$0","$0",,"$0","$0","$0","$0",,"$0","-97.7586769552","30.17796123281"
"94","3461","Meadow Lake Subdivision","Undisclosed","Austin Neighborhood Alliance for Habitat","7300 Thannas Way","78744","0428011438","2","Single Family","Ownership","Affordability Period Expired","1","1","0","0","0","0","0","0","0","0","0","1","0","0","10-19-2009","10-19-2019","10",,,,"OHDA","No","No","Yes",,,"No",,"$0","$0","$0",,"$0","$0","$0","$0",,"$0","-97.75857950793","30.17839885529"
"94","3462","Meadow Lake Subdivision","Undisclosed","Austin Neighborhood Alliance for Habitat","7301 Thannas Way","78744","0428011622","2","Single Family","Ownership","Affordability Period Expired","1","1","0","0","0","0","0","0","0","0","0","1","0","0","10-19-2009","10-19-2019","10",,,,"OHDA","No","No","Yes",,,"No",,"$0","$0","$0",,"$0","$0","$0","$0",,"$0","-97.75877587312","30.17801611074"
"94","3463","Meadow Lake Subdivision","Undisclosed","Austin Neighborhood Alliance for Habitat","7302 Thannas Way","78744","0428011439","2","Single Family","Ownership","Affordability Period Expired","1","1","0","0","0","0","0","0","0","0","0","1","0","0","10-19-2009","10-19-2019","10",,,,"OHDA","No","No","Yes",,,"No",,"$0","$0","$0",,"$0","$0","$0","$0",,"$0","-97.75872253227","30.17844268401"
"94","3464","Meadow Lake Subdivision","Undisclosed","Austin Neighborhood Alliance for Habitat","7303 Thannas Way","78744","0428011621","2","Single Family","Ownership","Affordability Period Expired","1","1","0","0","0","0","0","0","0","0","0","1","0","0","10-19-2009","10-19-2019","10",,,,"OHDA","No","No","Yes",,,"No",,"$0","$0","$0",,"$0","$0","$0","$0",,"$0","-97.75891283818","30.17806278773"
"94","3465","Meadow Lake Subdivision","Undisclosed","Austin Neighborhood Alliance for Habitat","7304 Thannas Way","78744","0428011440","2","Single Family","Ownership","Affordability Period Expired","1","1","0","0","0","0","0","0","0","0","0","1","0","0","10-19-2009","10-19-2019","10",,,,"OHDA","No","No","Yes",,,"No",,"$0","$0","$0",,"$0","$0","$0","$0",,"$0","-97.75883761569","30.17849560424"
"94","3466","Meadow Lake Subdivision","Undisclosed","Austin Neighborhood Alliance for Habitat","7306 Thannas Way","78744","0428011441","2","Single Family","Ownership","Affordability Period Expired","1","1","0","0","0","0","0","0","0","0","0","1","0","0","10-19-2009","10-19-2019","10",,,,"OHDA","No","No","Yes",,,"No",,"$0","$0","$0",,"$0","$0","$0","$0",,"$0","-97.75895801252","30.17855583704"
"94","3467","Meadow Lake Subdivision","Undisclosed","Austin Neighborhood Alliance for Habitat","7307 Thannas Way","78744","0428011619","2","Single Family","Ownership","Affordability Period Expired","1","1","0","0","0","0","0","0","0","0","0","1","0","0","10-19-2009","10-19-2019","10",,,,"OHDA","No","No","Yes",,,"No",,"$0","$0","$0",,"$0","$0","$0","$0",,"$0","-97.75911906547","30.17816652368"
"94","3468","Meadow Lake Subdivision","Undisclosed","Austin Neighborhood Alliance for Habitat","7308 Thannas Way","78744","0428011442","2","Single Family","Ownership","Affordability Period Expired","1","1","0","0","0","0","0","0","0","0","0","1","0","0","10-19-2009","10-19-2019","10",,,,"OHDA","No","No","Yes",,,"No",,"$0","$0","$0",,"$0","$0","$0","$0",,"$0","-97.75909550047","30.17859955399"
"94","3469","Meadow Lake Subdivision","Undisclosed","Austin Neighborhood Alliance for Habitat","7309 Thannas Way","78744","0428011618","2","Single Family","Ownership","Affordability Period Expired","1","1","0","0","0","0","0","0","0","0","0","1","0","0","10-19-2009","10-19-2019","10",,,,"OHDA","No","No","Yes",,,"No",,"$0","$0","$0",,"$0","$0","$0","$0",,"$0","-97.75923620328","30.17819816995"
"94","3470","Meadow Lake Subdivision","Undisclosed","Austin Neighborhood Alliance for Habitat","7311 Thannas Way","78744","0428011617","2","Single Family","Ownership","Affordability Period Expired","1","1","0","0","0","0","0","0","0","0","0","1","0","0","10-19-2009","10-19-2019","10",,,,"OHDA","No","No","Yes",,,"No",,"$0","$0","$0",,"$0","$0","$0","$0",,"$0","-97.75935599342","30.17825621743"
"94","3471","Meadow Lake Subdivision","Undisclosed","Austin Neighborhood Alliance for Habitat","7401 Thannas Way","78744","0428011615","2","Single Family","Ownership","Affordability Period Expired","1","1","0","0","0","0","0","0","0","0","0","1","0","0","10-20-2009","10-20-2019","10",,,,"OHDA","No","No","Yes",,,"No",,"$0","$0","$0",,"$0","$0","$0","$0",,"$0","-97.75959007558","30.17835531459"
"94","3472","Meadow Lake Subdivision","Undisclosed","Austin Neighborhood Alliance for Habitat","7313 Thannas Way","78744","0428011616","2","Single Family","Ownership","Affordability Period Expired","1","1","0","0","0","0","0","0","0","0","0","1","0","0","10-19-2009","10-19-2019","10",,,,"OHDA","No","No","Yes",,,"No",,"$0","$0","$0",,"$0","$0","$0","$0",,"$0","-97.75945572247","30.17830800328"
"94","3473","Meadow Lake Subdivision","Undisclosed","Austin Neighborhood Alliance for Habitat","7403 Thannas Way","78744","0428011614","2","Single Family","Ownership","Affordability Period Expired","1","1","0","0","0","0","0","0","0","0","0","1","0","0","10-19-2009","10-19-2019","10",,,,"OHDA","No","No","Yes",,,"No",,"$0","$0","$0",,"$0","$0","$0","$0",,"$0","-97.75972794788","30.17838459946"
"94","3474","Meadow Lake Subdivision","Undisclosed","Austin Neighborhood Alliance for Habitat","7405 Thannas Way","78744","0428030643","2","Single Family","Ownership","Affordability Period Expired","1","1","0","0","0","0","0","0","0","0","0","1","0","0","10-19-2009","10-19-2019","10",,,,"OHDA","No","No","Yes",,,"No",,"$0","$0","$0",,"$0","$0","$0","$0",,"$0","-97.75985196245","30.17841360559"
"94","3475","Meadow Lake Subdivision","Undisclosed","Austin Neighborhood Alliance for Habitat","7407 Thannas Way","78744","0428030642","2","Single Family","Ownership","Affordability Period Expired","1","1","0","0","0","0","0","0","0","0","0","1","0","0","10-19-2009","10-19-2019","10",,,,"OHDA","No","No","Yes",,,"No",,"$0","$0","$0",,"$0","$0","$0","$0",,"$0","-97.7599763301","30.17843054483"
"94","3476","Meadow Lake Subdivision","Undisclosed","Austin Neighborhood Alliance for Habitat","7409 Thannas Way","78744","0428030641","2","Single Family","Ownership","Affordability Period Expired","1","1","0","0","0","0","0","0","0","0","0","1","0","0","10-19-2009","10-19-2019","10",,,,"OHDA","No","No","Yes",,,"No",,"$0","$0","$0",,"$0","$0","$0","$0",,"$0","-97.76010053732","30.17845232128"
"94","3477","Meadow Lake Subdivision","Undisclosed","Austin Neighborhood Alliance for Habitat","7411 Thannas Way","78744","0428030640","2","Single Family","Ownership","Affordability Period Expired","1","1","0","0","0","0","0","0","0","0","0","1","0","0","10-19-2009","10-19-2019","10",,,,"OHDA","No","No","Yes",,,"No",,"$0","$0","$0",,"$0","$0","$0","$0",,"$0","-97.76021952839","30.17846194639"
"95","3478","Austin Neighborhood Alliance for Habitat - SF","Undisclosed","Austin Neighborhood Alliance for Habitat","4714 Reyes Street","78721","0209191629","1","Single Family","Ownership","Affordability Period Expired","1","1","0","0","0","0","0","0","0","0","0","1","0","0","03-22-2013","03-22-2023","10",,,,"OHDA","No","No","Yes",,,"No",,"$0","$0","$0",,"$0","$0","$0","$0",,"$0","-97.68769101586","30.27431885573"
"95","3479","Austin Neighborhood Alliance for Habitat - SF","Undisclosed","Austin Neighborhood Alliance for Habitat","1112 Mansell Avenue","78721","0209191628","1","Single Family","Ownership","Affordability Period Expired","1","1","0","0","0","0","0","0","0","0","0","1","0","0","03-22-2013","03-22-2023","10",,,,"OHDA","No","No","Yes",,,"No",,"$0","$0","$0",,"$0","$0","$0","$0",,"$0","-97.68759214954","30.27429409463"
"105","3492","Ivy Condos - Acq of 10 Units (2/5/13)","ESCT Austin Housing III Inc.","Easter Seals of Central Texas","3204 Manchaca Road","78704","0403101301","5","Multifamily","Rental","Project Completed","10","10","11","10","0","0","0","10","0","0","0","0","0","0","02-15-2013","02-15-2112","99",,,,"RHDA","No","No","No",,,"No",,"$0","$0","$0",,"$0","$0","$624,898","$0",,"$0","-97.78266876","30.24027574"
"111","3498","Villita Avenida 4-Home NC","Undisclosed","American Youthworks","6914 Villita Avenida","78741","0307171319","3","Single Family","Ownership","Affordability Period Expired","4","4","0","0","0","0","0","0","0","0","0","4","0","0","02-11-2015","02-11-2025","10",,,,"OHDA","No","No","Yes",,,"No",,"$0","$0","$0",,"$0","$0","$102,500","$0",,"$0","-97.69038786","30.23040126"
"117","3502","AHA! @ Briarcliff","Accessible Housing Austin!","Accessible Housing Austin!","1915 Briarcliff Blvd","78723","0222171506","4","Multifamily","Rental","Project Completed","27","27","27","0","0","0","0","27","0","0","0","0","0","0","09-09-2016","09-09-2115","99",,,,"RHDA","No","No","Yes",,,"No",,"$0","$0","$1,344,524","1,138,324","$0","$0","$1,204,736","$361,676","$0","$1,706,200","-97.688867","30.313928"
"144","3526","Scenic Point Phase II","Austin Habitat for Humantiy","Austin Habitat for Humanity","7217 Boyle Drive","78724","0221330711","1","Single Family","Ownership","Project Completed","1","1","0","0","0","0","0","0","0","0","0","1","0","0","09-20-2019","09-20-2118","99",,,,"OHDA","No","No","Yes",,,"No",,"$0","$0","$1,480,000",,"$1,355,164.91","$0","$0","$288,941",,"$1,768,941","-97.644389","30.306787"
"155","3537","10th Street Alley Flat","Clarskville Community Development Corporation","Clarksville Community Development Corporation","1817 W 10th Street","78703","0111040603","9","ADU","Rental","Project Completed","1","1","0","0","0","0","0","1","0","0","0","0","0","0","09-25-2015","09-25-2114","99",,,,"RHDA","No","No","Yes",,,"No",,"$0","$0","$0",,"$0","$0","$108,200","$0",,"$0","-97.7651196","30.28133403"
"245","3626","Lee Meadows Subdivision","Undisclosed","Austin Neighborhood Alliance for Habitat","706 Egger Street","78741","0305160145","3","Single Family","Ownership","Project Completed","1","1","0","0","0","0","0","0","0","0","0","1","0","0","09-02-2016","09-02-2031","15",,,,"OHDA","No","No","Yes",,,"No",,"$0","$0","$0",,"$35,000","$0","$0","$42,167.64",,"$42,167.64","-97.69809775","30.238459"
"245","3627","Lee Meadows Subdivision","Undisclosed","Austin Neighborhood Alliance for Habitat","708 Egger Street","78741","0305160146","3","Single Family","Ownership","Project Completed","1","1","0","0","0","0","0","0","0","0","0","1","0","0","09-30-2016","09-30-2031","15",,,,"OHDA","No","No","Yes",,,"No",,"$0","$0","$0",,"$35,000","$0","$0","$42,167.64",,"$42,167.64","-97.69815787","30.23836815"
"245","3628","Lee Meadows Subdivision","Undisclosed","Austin Neighborhood Alliance for Habitat","710 Egger Street","78741","0305160147","3","Single Family","Ownership","Project Completed","1","1","0","0","0","0","0","0","0","0","0","1","0","0","09-23-2016","09-23-2031","15",,,,"OHDA","No","No","Yes",,,"No",,"$0","$0","$0",,"$35,000","$0","$0","$42,167.64",,"$42,167.64","-97.69822974","30.23826954"
"245","3629","Lee Meadows Subdivision","Undisclosed","Austin Neighborhood Alliance for Habitat","711 Egger Street","78741","0305160155","3","Single Family","Ownership","Project Completed","1","1","0","0","0","0","0","0","0","0","0","1","0","0","05-23-2016","05-23-2026","10",,,,"OHDA","No","No","Yes",,,"No",,"$0","$0","$0",,"$35,000","$0","$0","$42,167.64",,"$42,167.64","-97.69786781","30.23809793"
"245","3630","Lee Meadows Subdivision","Undisclosed","Austin Neighborhood Alliance for Habitat","712 Egger Street","78741","0305160148","3","Single Family","Ownership","Project Completed","1","1","0","0","0","0","0","0","0","0","0","1","0","0","10-25-2016","10-25-2031","15",,,,"OHDA","No","No","Yes",,,"No",,"$0","$0","$0",,"$385,000","$0","$0","$42,167.64",,"$42,167.64","-97.69826943","30.23816623"
"245","3631","Lee Meadows Subdivision","Undisclosed","Austin Neighborhood Alliance for Habitat","713 Egger Street","78741","0305160154","3","Single Family","Ownership","Project Completed","1","1","0","0","0","0","0","0","0","0","0","1","0","0","09-02-2016","09-02-2026","10",,,,"OHDA","No","No","Yes",,,"No",,"$0","$0","$0",,"$35,000","$0","$0","$42,167.64",,"$42,167.64","-97.69794224","30.23798934"
"245","3632","Lee Meadows Subdivision","Undisclosed","Austin Neighborhood Alliance for Habitat","714 Egger Street","78741","0305160149","3","Single Family","Ownership","Project Completed","1","1","0","0","0","0","0","0","0","0","0","1","0","0","09-16-2016","09-16-2031","15",,,,"OHDA","No","No","Yes",,,"No",,"$0","$0","$0",,"$35,000","$0","$0","$42,167.64",,"$42,167.64","-97.69835454","30.23808993"
"245","3633","Lee Meadows Subdivision","Undisclosed","Austin Neighborhood Alliance for Habitat","715 Egger Street","78741","0305160153","3","Single Family","Ownership","Project Completed","1","1","0","0","0","0","0","0","0","0","0","1","0","0","08-26-2016","08-26-2031","15",,,,"OHDA","No","No","Yes",,,"No",,"$0","$0","$0",,"$35,000","$0","$0","$42,167.67",,"$42,167.67","-97.69804199","30.2378833"
"245","3634","Lee Meadows Subdivision","Undisclosed","Austin Neighborhood Alliance for Habitat","716 Egger Street","78741","0305160150","3","Single Family","Ownership","Project Completed","1","1","0","0","0","0","0","0","0","0","0","1","0","0","10-25-2016","10-25-2031","15",,,,"OHDA","No","No","Yes",,,"No",,"$0","$0","$0",,"$35,000","$0","$0","$42,167.64",,"$42,167.64","-97.69845366","30.23800588"
"245","3635","Lee Meadows Subdivision","Undisclosed","Austin Neighborhood Alliance for Habitat","717 Egger Street","78741","0305160152","3","Single Family","Ownership","Project Completed","1","1","0","0","0","0","0","0","0","0","0","1","0","0","08-29-2016","08-29-2031","15",,,,"OHDA","No","No","Yes",,,"No",,"$0","$0","$0",,"$35,000","$0","$0","$42,167.64",,"$42,167.64","-97.6980594","30.23775153"
"245","3636","Lee Meadows Subdivision","Undisclosed","Austin Neighborhood Alliance for Habitat","718 Egger Street","78741","0305160151","3","Single Family","Ownership","Project Completed","1","1","0","0","0","0","0","0","0","0","0","1","0","0","09-30-2016","09-30-2031","15",,,,"OHDA","No","No","Yes",,,"No",,"$0","$0","$0",,"$35,000","$0","$0","$42,167.64",,"$42,167.64","-97.69853067199","30.23788732786"
"246","3637","Frontier at Montana","Undisclosed","American Youthworks","6904 Villita Avenida Street","78741","0307171324","3","Single Family","Ownership","Affordability Period Expired","1","1","0","0","0","0","0","0","0","0","0","1","0","0","03-11-2011","03-11-2021","10",,,,"OHDA","No","No","Yes",,,"No",,"$0","$0","$0",,"$0","$0","$0","$0",,"$0","-97.6906611683","30.23104135794"
"246","3638","Frontier at Montana","Undisclosed","American Youthworks","6907 Villita Avenida Street","78741","0307170432","3","Single Family","Ownership","Affordability Period Expired","1","1","0","0","0","0","0","0","0","0","0","1","0","0","11-06-2009","11-06-2019","10",,,,"OHDA","No","No","Yes",,,"No",,"$0","$0","$0",,"$0","$0","$0","$0",,"$0","-97.69082176049","30.23061855734"
"246","3639","Frontier at Montana","Undisclosed","American Youthworks","6908 Villita Avenida Street","78741","0307171322","3","Single Family","Ownership","Affordability Period Expired","1","1","0","0","0","0","0","0","0","0","0","1","0","0","10-15-2010","10-15-2020","10",,,,"OHDA","No","No","Yes",,,"No",,"$0","$0","$0",,"$0","$0","$0","$0",,"$0","-97.69045604839","30.23083194843"
"246","3640","Frontier at Montana","Undisclosed","American Youthworks","6911 Villita Avenida Street","78741","0307170433","3","Single Family","Ownership","Affordability Period Expired","1","1","0","0","0","0","0","0","0","0","0","1","0","0","11-02-2009","11-02-2019","10",,,,"OHDA","No","No","Yes",,,"No",,"$0","$0","$0",,"$0","$0","$0","$0",,"$0","-97.69081154626","30.2304605307"
"246","3641","Frontier at Montana","Undisclosed","American Youthworks","6912 Villita Avenida Street","78741","0307171320","3","Single Family","Ownership","Affordability Period Expired","1","1","0","0","0","0","0","0","0","0","0","1","0","0","10-03-2008","10-03-2018","10",,,,"OHDA","No","No","Yes",,,"No",,"$0","$0","$0",,"$0","$0","$0","$0",,"$0","-97.69039159977","30.23053077383"
"248","3646","Austin Neighborhood Alliance for Habitat - SF","Undisclosed","Austin Neighborhood Alliance for Habitat","7005 Frontera Trail","78741","0307171126","3","Single Family","Ownership","Affordability Period Expired","1","1","0","0","0","0","0","0","0","0","0","1","0","0","02-27-2007","02-27-2017","10",,,,"OHDA","No","No","Yes",,,"No",,"$0","$0","$0",,"$0","$0","$0","$0",,"$0","-97.69243154157","30.22797824142"
"248","3647","Austin Neighborhood Alliance for Habitat - SF","Undisclosed","Austin Neighborhood Alliance for Habitat","7001 Frontera Trail","78741","0307171124","3","Single Family","Ownership","Affordability Period Expired","1","1","0","0","0","0","0","0","0","0","0","1","0","0","02-22-2008","02-22-2018","10",,,,"OHDA","No","No","Yes",,,"No",,"$0","$0","$0",,"$0","$0","$0","$0",,"$0","-97.69264138968","30.22814670983"
"248","3648","Austin Neighborhood Alliance for Habitat - SF","Undisclosed","Austin Neighborhood Alliance for Habitat","6911 Frontera Trail","78741","0307171122","3","Single Family","Ownership","Affordability Period Expired","1","1","0","0","0","0","0","0","0","0","0","1","0","0","02-27-2007","02-27-2017","10",,,,"OHDA","No","No","Yes",,,"No",,"$0","$0","$0",,"$0","$0","$0","$0",,"$0","-97.69284788916","30.2283056201"
"248","3649","Austin Neighborhood Alliance for Habitat - SF","Undisclosed","Austin Neighborhood Alliance for Habitat","6901 Frontera Trail","78741","0307171117","3","Single Family","Ownership","Affordability Period Expired","1","1","0","0","0","0","0","0","0","0","0","1","0","0","02-28-2007","02-28-2017","10",,,,"OHDA","No","No","Yes",,,"No",,"$0","$0","$0",,"$0","$0","$0","$0",,"$0","-97.69316294988","30.22874771742"
"248","3650","Austin Neighborhood Alliance for Habitat - SF","Undisclosed","Austin Neighborhood Alliance for Habitat","1206 Frontera Lane","78741","0207171110","3","Single Family","Ownership","Affordability Period Expired","1","1","0","0","0","0","0","0","0","0","0","1","0","0","11-20-2007","11-20-2017","10",,,,"OHDA","No","No","Yes",,,"No",,"$0","$0","$0",,"$0","$0","$0","$0",,"$0","-97.69243487788","30.22881414547"
"248","3651","Austin Neighborhood Alliance for Habitat - SF","Undisclosed","Austin Neighborhood Alliance for Habitat","1208 Frontier Valley Drive","78741","0307171411","3","Single Family","Ownership","Affordability Period Expired","1","1","0","0","0","0","0","0","0","0","0","1","0","0","02-27-2007","02-27-2017","10",,,,"OHDA","No","No","Yes",,,"No",,"$0","$0","$0",,"$0","$0","$0","$0",,"$0","-97.69207381294","30.2281665806"
"248","3652","Austin Neighborhood Alliance for Habitat - SF","Undisclosed","Austin Neighborhood Alliance for Habitat","1200 Frontier Valley Drive","78741","0307171407","3","Single Family","Ownership","Affordability Period Expired","1","1","0","0","0","0","0","0","0","0","0","1","0","0","02-27-2007","02-27-2017","10",,,,"OHDA","No","No","Yes",,,"No",,"$0","$0","$0",,"$0","$0","$0","$0",,"$0","-97.69157838326","30.22860456201"
"248","3653","Austin Neighborhood Alliance for Habitat - SF","Undisclosed","Austin Neighborhood Alliance for Habitat","1205 Frontera Lane","78741","0307171404","3","Single Family","Ownership","Affordability Period Expired","1","1","0","0","0","0","0","0","0","0","0","1","0","0","06-06-2007","06-06-2017","10",,,,"OHDA","No","No","Yes",,,"No",,"$0","$0","$0",,"$0","$0","$0","$0",,"$0","-97.69205728744","30.22866430304"
"248","3654","Austin Neighborhood Alliance for Habitat - SF","Undisclosed","Austin Neighborhood Alliance for Habitat","1209 Frontera Lane","78741","0307171402","3","Single Family","Ownership","Affordability Period Expired","1","1","0","0","0","0","0","0","0","0","0","1","0","0","08-03-2007","08-03-2017","10",,,,"OHDA","No","No","Yes",,,"No",,"$0","$0","$0",,"$0","$0","$0","$0",,"$0","-97.69224756654","30.22848516271"
"248","3655","Austin Neighborhood Alliance for Habitat - SF","Undisclosed","Austin Neighborhood Alliance for Habitat","7004 Montana Street","78741","0307171302","3","Single Family","Ownership","Affordability Period Expired","1","1","0","0","0","0","0","0","0","0","0","1","0","0","05-23-2007","05-23-2017","10",,,,"OHDA","No","No","Yes",,,"No",,"$0","$0","$0",,"$0","$0","$0","$0",,"$0","-97.69138426879","30.22892732876"
"248","3656","Austin Neighborhood Alliance for Habitat - SF","Undisclosed","Austin Neighborhood Alliance for Habitat","6909 Montana Street","78741","0307171105","3","Single Family","Ownership","Affordability Period Expired","1","1","0","0","0","0","0","0","0","0","0","1","0","0","07-20-2007","07-20-2017","10",,,,"OHDA","No","No","Yes",,,"No",,"$0","$0","$0",,"$0","$0","$0","$0",,"$0","-97.69244177292","30.22944461582"
"248","3657","Austin Neighborhood Alliance for Habitat - SF","Undisclosed","Austin Neighborhood Alliance for Habitat","7103 Villita Avenida Street","78741","0307170447","3","Single Family","Ownership","Affordability Period Expired","1","1","0","0","0","0","0","0","0","0","0","1","0","0","12-28-2007","12-28-2017","10",,,,"OHDA","No","No","Yes",,,"No",,"$0","$0","$0",,"$0","$0","$0","$0",,"$0","-97.6917092812","30.2299329645"
"248","3658","Austin Neighborhood Alliance for Habitat - SF","Undisclosed","Austin Neighborhood Alliance for Habitat","6905 Villita Cove","78741","0307170445","3","Single Family","Ownership","Affordability Period Expired","1","1","0","0","0","0","0","0","0","0","0","1","0","0","10-05-2007","10-05-2017","10",,,,"OHDA","No","No","Yes",,,"No",,"$0","$0","$0",,"$0","$0","$0","$0",,"$0","-97.6917210342","30.23016679528"
"248","3659","Austin Neighborhood Alliance for Habitat - SF","Undisclosed","Austin Neighborhood Alliance for Habitat","6906 Villita Cove","78741","0307170439","3","Single Family","Ownership","Affordability Period Expired","1","1","0","0","0","0","0","0","0","0","0","1","0","0","02-22-2008","02-22-2018","10",,,,"OHDA","No","No","Yes",,,"No",,"$0","$0","$0",,"$0","$0","$0","$0",,"$0","-97.69119323817","30.23006121364"
"248","3660","Austin Neighborhood Alliance for Habitat - SF","Undisclosed","Austin Neighborhood Alliance for Habitat","6913 Villita Avenida Street","78741","0307170434","3","Single Family","Ownership","Affordability Period Expired","1","1","0","0","0","0","0","0","0","0","0","1","0","0","04-29-2008","04-29-2018","10",,,,"OHDA","No","No","Yes",,,"No",,"$0","$0","$0",,"$0","$0","$0","$0",,"$0","-97.69081135883","30.23033425762"
"248","3661","Austin Neighborhood Alliance for Habitat - SF","Undisclosed","Austin Neighborhood Alliance for Habitat","6905 Villita Avenida Street","78741","0307170431","3","Single Family","Ownership","Project Completed","1","1","0","0","0","0","0","0","0","0","0","1","0","0","10-19-2017","10-19-2027","10",,,,"OHDA","No","No","Yes",,,"No",,"$0","$0","$0",,"$0","$0","$0","$0",,"$0","-97.69092374363","30.23074376765"
"248","3662","Austin Neighborhood Alliance for Habitat - SF","Undisclosed","Austin Neighborhood Alliance for Habitat","7104 Villita Avenida Street","78741","0307171307","3","Single Family","Ownership","Affordability Period Expired","1","1","0","0","0","0","0","0","0","0","0","1","0","0","12-28-2007","12-28-2017","10",,,,"OHDA","No","No","Yes",,,"No",,"$0","$0","$0",,"$0","$0","$0","$0",,"$0","-97.69165024995","30.2295656186"
"248","3663","Austin Neighborhood Alliance for Habitat - SF","Undisclosed","Austin Neighborhood Alliance for Habitat","7004 Villita Avenida Street","78741","0307171311","3","Single Family","Ownership","Affordability Period Expired","1","1","0","0","0","0","0","0","0","0","0","1","0","0","12-28-2007","12-28-2017","10",,,,"OHDA","No","No","Yes",,,"No",,"$0","$0","$0",,"$0","$0","$0","$0",,"$0","-97.69106600401","30.22958087821"
"248","3664","Austin Neighborhood Alliance for Habitat - SF","Undisclosed","Austin Neighborhood Alliance for Habitat","6910 Villita Avenida Street","78741","0307171321","3","Single Family","Ownership","Affordability Period Expired","1","1","0","0","0","0","0","0","0","0","0","1","0","0","05-21-2008","05-21-2018","10",,,,"OHDA","No","No","Yes",,,"No",,"$0","$0","$0",,"$0","$0","$0","$0",,"$0","-97.69040914894","30.23068578895"
"248","3665","Austin Neighborhood Alliance for Habitat - SF","Undisclosed","Austin Neighborhood Alliance for Habitat","6903 Villita Avenida Street","78741","0307171325","3","Single Family","Ownership","Affordability Period Expired","1","1","0","0","0","0","0","0","0","0","0","1","0","0","02-22-2008","02-22-2018","10",,,,"OHDA","No","No","Yes",,,"No",,"$0","$0","$0",,"$0","$0","$0","$0",,"$0","-97.69077559511","30.23111000259"
"249","3666","Austin Neighborhood Alliance for Habitat - SF","Undisclosed","Austin Neighborhood Alliance for Habitat","6913 Frontera Trail","78741","0307171123","3","Single Family","Ownership","Affordability Period Expired","1","1","0","0","0","0","0","0","0","0","0","1","0","0","07-31-2009","07-31-2019","10",,,,"OHDA","No","No","Yes",,,"No",,"$0","$0","$0",,"$0","$0","$0","$0",,"$0","-97.69273724494","30.22823075693"
"249","3667","Austin Neighborhood Alliance for Habitat - SF","Undisclosed","Austin Neighborhood Alliance for Habitat","6905 Frontera Trail","78741","0307171119","3","Single Family","Ownership","Affordability Period Expired","1","1","0","0","0","0","0","0","0","0","0","1","0","0","07-22-2008","07-22-2018","10",,,,"OHDA","No","No","Yes",,,"No",,"$0","$0","$0",,"$0","$0","$0","$0",,"$0","-97.69331081421","30.2285235029"
"249","3668","Austin Neighborhood Alliance for Habitat - SF","Undisclosed","Austin Neighborhood Alliance for Habitat","6903 Frontera Trail","78741","0307171118","3","Single Family","Ownership","Affordability Period Expired","1","1","0","0","0","0","0","0","0","0","0","1","0","0","08-07-2008","08-07-2018","10",,,,"OHDA","No","No","Yes",,,"No",,"$0","$0","$0",,"$0","$0","$0","$0",,"$0","-97.69325652765","30.22864862555"
"249","3669","Austin Neighborhood Alliance for Habitat - SF","Undisclosed","Austin Neighborhood Alliance for Habitat","1204 Frontera Lane","78741","0307171109","3","Single Family","Ownership","Affordability Period Expired","1","1","0","0","0","0","0","0","0","0","0","1","0","0","10-28-2008","10-28-2018","10",,,,"OHDA","No","No","Yes",,,"No",,"$0","$0","$0",,"$0","$0","$0","$0",,"$0","-97.69233080961","30.22889723337"
"249","3670","Austin Neighborhood Alliance for Habitat - SF","Undisclosed","Austin Neighborhood Alliance for Habitat","6901 Villita Cove","78741","0307170443","3","Single Family","Ownership","Affordability Period Expired","1","1","0","0","0","0","0","0","0","0","0","1","0","0","07-31-2009","07-31-2019","10",,,,"OHDA","No","No","Yes",,,"No",,"$0","$0","$0",,"$0","$0","$0","$0",,"$0","-97.69156805634","30.23044456225"
"249","3671","Austin Neighborhood Alliance for Habitat - SF","Undisclosed","Austin Neighborhood Alliance for Habitat","6900 Villita Cove","78741","0307170442","3","Single Family","Ownership","Affordability Period Expired","1","1","0","0","0","0","0","0","0","0","0","1","0","0","08-14-2009","08-14-2019","10",,,,"OHDA","No","No","Yes",,,"No",,"$0","$0","$0",,"$0","$0","$0","$0",,"$0","-97.69137145603","30.23045629419"
"249","3672","Austin Neighborhood Alliance for Habitat - SF","Undisclosed","Austin Neighborhood Alliance for Habitat","6917 Villita Avenida Street","78741","0307170436","3","Single Family","Ownership","Affordability Period Expired","1","1","0","0","0","0","0","0","0","0","0","1","0","0","05-21-2008","05-21-2018","10",,,,"OHDA","No","No","Yes",,,"No",,"$0","$0","$0",,"$0","$0","$0","$0",,"$0","-97.69080746101","30.23007850335"
"249","3673","Austin Neighborhood Alliance for Habitat - SF","Undisclosed","Austin Neighborhood Alliance for Habitat","7002 Montana Street","78741","0307171303","3","Single Family","Ownership","Affordability Period Expired","1","1","0","0","0","0","0","0","0","0","0","1","0","0","07-02-2008","07-02-2018","10",,,,"OHDA","No","No","Yes",,,"No",,"$0","$0","$0",,"$0","$0","$0","$0",,"$0","-97.69150666051","30.22901387692"
"249","3674","Austin Neighborhood Alliance for Habitat - SF","Undisclosed","Austin Neighborhood Alliance for Habitat","7102 Villita Avenida Street","78741","0307171308","3","Single Family","Ownership","Affordability Period Expired","1","1","0","0","0","0","0","0","0","0","0","1","0","0","06-30-2009","06-30-2019","10",,,,"OHDA","No","No","Yes",,,"No",,"$0","$0","$0",,"$0","$0","$0","$0",,"$0","-97.69151541138","30.22957859704"
"249","3675","Austin Neighborhood Alliance for Habitat - SF","Undisclosed","Austin Neighborhood Alliance for Habitat","7006 Villita Avenida Street","78741","0307171310","3","Single Family","Ownership","Affordability Period Expired","1","1","0","0","0","0","0","0","0","0","0","1","0","0","10-03-2008","10-03-2018","10",,,,"OHDA","No","No","Yes",,,"No",,"$0","$0","$0",,"$0","$0","$0","$0",,"$0","-97.6912410253","30.22958448873"
"250","3676","Saint Louise House","VinCare Services of Austin Foundation","VinCare Services of Austin Foundation","3200 S Lamar Boulevard","78704","0403100507","5","Multifamily","Rental","Project Completed","24","24","1","0","0","5","0","19","0","0","0","0","0","0","09-28-2009","09-28-2108","99",,,,"RHDA","No","No","No",,,"No",,"$1,500,000","$0","$0",,"$0","$0","$1,213,000","$0",,"$1,500,000","-97.78530304","30.2419701"
"256","3682","Anderson Village","Austin Housing Finance Corporation","Austin Housing Finance Corporation","3101 E 12th Street","78702","0209150203","1","Multifamily","Rental","Project Completed","24","24","0","0","0","0","0","5","14","0","0","5","0","0","11-22-2013","11-22-2112","99",,,,"RHDA","No","No","Yes",,,"No",,"$0","$0","$0",,"$0","$0","$0","$0",,"$0","-97.70220995","30.27644664"
"257","3683","Guadalupe Neighborhood Development Corporation- La Vista de Lopez  - SF","Guadalupe Neighborhood Development Corporation","Guadalupe Neighborhood Development Corporation","809 E 9th Street","78702","0206050308","1","Single Family","Rental","Affordability Released","1","1","0","0","0","0","0","1","0","0","0","0","0","0","12-09-2016","12-09-2031","15",,,,"RHDA","No","No","Yes",,,"No",,"$0","$0","$0",,"$0","$0","$0","$50,000",,"$50,000","-97.73283499","30.2680726"
"266","3731","2106 Chicon Street","Blackland Community Development Corporation","Blackland Community Development Corporation","2106 Chicon Street","78702","0211090703","1","ADU","Rental","Affordability Period Expired","1","1","0","0","0","0","0","1","0","0","0","0","0","0","12-11-2019","12-11-2024","5",,,,"RHDA","No","No","Yes",,,"No",,"$0","$0","$0",,"$0","$0","$514,835","$0",,"$0","-97.722036","30.282314"
"287","3765","Works at Pleasant Valley - Phase II","Lifeworks Affordable Housing Corporation","Lifeworks Affordable Housing Corporation","835 N Pleasant Valley Road","78702","0206130722","3","Multifamily","Rental","Project Completed","29","29","6","10","0","10","0","13","0","0","0","6","0","0","10-24-2019","10-24-2059","40",,,,"RHDA","No","No","Yes",,,"No",,"$0","$416,600","$0",,"$0","$0","$1,000,000","$393,400",,"$810,000","-97.707279","30.26472"
"286","3767","Montopolis Townhomes","Austin Habitat for Humanity","Austin Habitat for Humanity","6301 Circulo de Amistad","78741","0305160449","3","Multifamily","Ownership","Project Completed","12","12","0","0","0","0","0","0","0","0","0","12","0","0","06-07-2024","06-07-2123","99",,,,"OHDA","No","No","Yes",,,"No",,,,"$294,000","360,000",,,,"$277,610",,"$571,610","-97.697049","30.23456"
"289","3769","2203 Salina Street Rehab","Blackland Community Development Corporation","Blackland Community Development Corporation","2203 Salina Street","78722","0211090208","1","Single Family","Rental","Project Completed","1","1","0","0","0","0","0","1","0","0","0","0","0","0","12-11-2017","12-11-2116","99",,,,"RHDA","No","No","Yes",,,"No",,"$0","$0","$0",,"$0","$0","$150,095","$0",,"$0","-97.722755","30.282993"
"292","3772","The Rail at MLK","1800 Alexander LP","1800 Alexander LP","2921 E 17th Street","78702","0212120913","1","Multifamily","Rental","Project Completed","225","58","19","3","0","3","3","52","0","0","0","0","0","0","09-01-2022","09-01-2121","99",,,,"RHDA","No","No","Yes",,,"No",,"$0","$2,500,000","$0",,"$0","$0","$0","$0",,"$2,500,000","-97.709978","30.279071"
"296","3795","Garden Terrace Phase III","Foundation Communities Inc.","Foundation Communities Inc.","1015 W William Cannon Drive","78745","0418140412","2","Multifamily","Rental","Project Completed","20","20","16","4","0","4","0","16","0","0","0","0","0","0","09-30-2015","09-30-2055","40",,,,"RHDA","No","No","Yes",,,"No",,"$0","$1,200,000","$0",,"$0","$0","$176,070","$0",,"$1,200,000","-97.792919","30.198406"
"324","3858","5006 West Wind Trail","Frameworks Community Development Corporation","Frameworks Community Development Corporation","5006 West Wind Trail","78745","0410150305","5","FourPlex","Rental","Project Completed","4","3","0","0","0","0","0","3","0","0","0","0","0","0","07-31-2015","07-31-2114","99",,,,"RHDA","No","No","No",,,"No",,"$0","$0","$0",,"$257,775","$0","$0","$0",,"$0","-97.80452","30.226519"
"329","3867","SafePlace 14 Unit Expansion","Safeplace","SafePlace","1515 Grove Blvd","78741","0307130802","3","Multifamily","Rental","Affordability Period Expired","14","14","1","0","0","0","0","14","0","0","0","0","0","0","02-28-2001","02-28-2021","20",,,,"RHDA","No","No","No",,,"No",,"$0","$0","$0",,"$0","$0","$0","$500,000",,"$500,000","-97.705698","30.230789"
"335","3880","Guadalupe Saldana Subdivision","Guadalupe Neighborhood Development Corporation","Guadalupe Neighborhood Development Corporation","2721 Goodwin Avenue","78702","0207140143","3","Single Family","Ownership","Under Construction","51","51","0","0","0","0","0","0","13","0","0","38","0","0",,"12-30-1998","99",,,,"OHDA","No","No","Yes",,,"No",,"$0","$0","$2,400,000","2,258,251","$0","$0","$0","$0",,"$2,400,000","-97.70475476","30.270551"
"358","3924","SOL","Undisclosed","Guadalupe Neighborhood Development Corporation","1125 Altum Street","78721","0204200832","3","Single Family","Ownership","Project Completed","1","1","0","0","0","0","0","0","0","0","0","1","0","0","08-24-2010","08-24-2040","30",,,,"OHDA","No","No","Yes",,,"No",,"$0","$0","$0",,"$0","$0","$83,260","$0",,"$0","-97.68536","30.258529"
"358","3925","SOL","Undisclosed","Guadalupe Neighborhood Development Corporation","5901 Lux Street","78721","0204201301","3","Single Family","Ownership","Project Completed","1","1","0","0","0","0","0","0","0","0","0","1","0","0","06-24-2010","06-24-2040","30",,,,"OHDA","No","No","Yes",,,"No",,"$0","$0","$0",,"$0","$0","$83,260","$0",,"$0","-97.684945","30.258945"
"358","3926","SOL","Undisclosed","Guadalupe Neighborhood Development Corporation","5908 Lux Street","78721","0204200841","3","Single Family","Ownership","Project Completed","1","1","0","0","0","0","0","0","0","0","0","1","0","0","06-11-2010","06-11-2040","30",,,,"OHDA","No","No","Yes",,,"No",,"$0","$0","$0",,"$0","$0","$83,260","$0",,"$0","-97.684435","30.259178"
"358","3927","SOL","Undisclosed","Guadalupe Neighborhood Development Corporation","5912 Lux Street","78721","0204200840","3","Single Family","Ownership","Project Completed","1","1","0","0","0","0","0","0","0","0","0","1","0","0","08-31-2010","08-31-2040","30",,,,"OHDA","No","No","Yes",,,"No",,"$0","$0","$0",,"$0","$0","$83,260","$0",,"$0","-97.684306","30.259173"
"358","3928","SOL","Undisclosed","Guadalupe Neighborhood Development Corporation","5913 Ventus Street","78721","0204200823","3","Single Family","Ownership","Project Completed","1","1","0","0","0","0","0","0","0","0","0","1","0","0","08-31-2010","08-31-2040","30",,,,"OHDA","No","No","Yes",,,"No",,"$0","$0","$0",,"$0","$0","$83,260","$0",,"$0","-97.684942","30.258237"
"358","3929","SOL","Undisclosed","Guadalupe Neighborhood Development Corporation","5932 Lux Steet","78721","0204200835","3","Single Family","Ownership","Project Completed","1","1","0","0","0","0","0","0","0","0","0","1","0","0","06-10-2010","06-10-2040","30",,,,"OHDA","No","No","Yes",,,"No",,"$0","$0","$0",,"$0","$0","$83,260","$0",,"$0","-97.683765","30.258916"
"410","4434","The Grange Commons fka Springdale Arts","Anmol Mehra","Anmol Mehra","3524 Gonzales St","78702","0204140343","3","Multifamily","Ownership","Under Construction","20","0","4","0","0","0","0","0","0","0","0","0","0","0","12-18-2025","12-18-2025","0",,,,"RHDA","No","Yes","Yes",,,"No",,,,"$240,000",,,,,,,"$240,000","-97.701283","30.257647"
"417","4442","GNDC Alley Flats","Guadalupe Neighborhood Development Corporation","Guadalupe Neighborhood Development Corporation","2800-1 Prado Street","78702","0204130224","3","Single Family","Rental","Project Completed","1","1","0","0","0","0","0","1","0","0","0","0","0","0","02-01-2019","02-01-2118","99",,,,"RHDA","No","No","Yes",,,"No",,"$0","$0","$0",,"$0","$0","$213,576.67","$0",,"$0","-97.708396","30.262006"
"417","4443","GNDC Alley Flats","Guadalupe Neighborhood Development Corporation","Guadalupe Neighborhood Development Corporation","2800-2 Prado Street","78702","0204130224","3","ADU","Rental","Project Completed","1","1","0","0","0","1","0","1","0","0","0","0","0","0","02-01-2019","02-01-2118","99",,,,"RHDA","No","No","Yes",,,"No",,"$0","$0","$0",,"$0","$0","$213,576.67","$0",,"$0","-97.708396","30.262006"
"417","4444","GNDC Alley Flats","Guadalupe Neighborhood Development Corporation","Guadalupe Neighborhood Development Corporation","705 Lydia Street A","78702","0205070701","1","Duplex","Rental","Project Completed","1","1","0","0","0","1","0","1","0","0","0","0","0","0","10-19-2018","10-19-2117","99",,,,"RHDA","No","No","Yes",,,"No",,"$0","$0","$0",,"$0","$0","$213,576.67","$0",,"$0","-97.7285","30.265453"
"417","4445","GNDC Alley Flats","Guadalupe Neighborhood Development Corporation","Guadalupe Neighborhood Development Corporation","2808-1 Gonzales Street","78702","0204130621","3","Single Family","Rental","Project Completed","1","1","0","0","0","0","0","1","0","0","0","0","0","0","09-01-2018","09-01-2117","99",,,,"RHDA","No","No","Yes",,,"No",,"$0","$0","$0",,"$0","$0","$213,576.67","$0",,"$0","-97.708853","30.260303"
"417","4446","GNDC Alley Flats","Guadalupe Neighborhood Development Corporation","Guadalupe Neighborhood Development Corporation","2808-2 Gonzales Street","78702","0204130621","3","ADU","Rental","Project Completed","1","1","0","0","0","0","0","1","0","0","0","0","0","0","09-05-2018","09-05-2117","99",,,,"RHDA","No","No","Yes",,,"No",,"$0","$0","$0",,"$0","$0","$213,576.66","$0",,"$0","-97.708853","30.260303"
"417","4447","GNDC Alley Flats","Guadalupe Neighborhood Development Corporation","Guadalupe Neighborhood Development Corporation","1902 Willow Street","78702","0202080416","3","ADU","Rental","Project Completed","1","1","0","0","0","0","0","1","0","0","0","0","0","0","12-19-2018","12-19-2117","99",,,,"RHDA","No","No","Yes",,,"No",,"$0","$0","$0",,"$0","$0","$213,576.66","$0",,"$0","-97.724599","30.256356"
"419","4456","Fannie Mae Stewart Village","Blackland Community Development Corporation","Blackland Community Development Corporation","1900 E 22nd Street","78722","0211090306","1","Multifamily","Rental","Certified","8","8","5","3","0","0","0","8","0","0","0","0","0","0",,"12-30-1914","15",,,,"RHDA","No","No","Yes",,,"No",,"$0","$0","$0",,"$0","$0","$40,000","$0",,"$0","-97.7215385","30.283061"
"335","4457","Rainey Street Rehab (Guadalupe Saldana Subdivision)","Guadalupe Neighborhood Development Corporation","Guadalupe Neighborhood Development Corporation","3000 Father Joe Znotas Street","78702","0207140351","3","Single Family","Ownership","Project Completed","1","1","0","0","0","0","0","0","0","0","0","1","0","0","12-11-2015","12-11-2114","99",,,,"OHDA","No","No","Yes",,,"No",,"$0","$0","$0",,"$0","$0","$0","$0",,"$0","-97.7028","30.269365"
"335","4458","Rainey Street Rehab (Guadalupe Saldana Subdivision)","Guadalupe Neighborhood Development Corporation","Guadalupe Neighborhood Development Corporation","3001 Father Joe Znotas Steet","78702","0207140352","3","Single Family","Ownership","Project Completed","1","1","0","0","0","0","0","0","0","0","0","1","0","0","09-03-2015","09-03-2114","99",,,,"OHDA","No","No","Yes",,,"No",,"$0","$0","$0",,"$0","$0","$0","$0",,"$0","-97.702985","30.268888"
"335","4459","Rainey Street Rehab (Guadalupe Saldana Subdivision)","Guadalupe Neighborhood Development Corporation","Guadalupe Neighborhood Development Corporation","3004 Father Joe Znotas Street","78702","0207140350","3","Single Family","Ownership","Project Completed","1","1","0","0","0","0","0","0","0","0","0","1","0","0","11-12-2015","11-12-2114","99",,,,"OHDA","No","No","Yes",,,"No",,"$0","$0","$0",,"$0","$0","$0","$0",,"$0","-97.702667","30.269312"
"335","4460","Rainey Street Rehab (Guadalupe Saldana Subdivision)","Guadalupe Neighborhood Development Corporation","Guadalupe Neighborhood Development Corporation","3005 Father Joe Znotas Street","78702","0207140353","3","Single Family","Ownership","Project Completed","1","1","0","0","0","0","0","0","0","0","0","1","0","0","05-19-2015","05-19-2114","99",,,,"OHDA","No","No","Yes",,,"No",,"$0","$0","$0",,"$0","$0","$0","$0",,"$0","-97.70287","30.268831"
"335","4461","Guadalupe Saldana - Duplex","Guadalupe Neighborhood Development Corporation","Guadalupe Neighborhood Development Corporation","1220 Paul Theresa Saldana Street","78702","0207140143","3","Duplex","Rental","Project Completed","2","2","2","0","0","0","0","2","0","0","0","0","0","0","01-25-2013","01-25-2112","99",,,,"RHDA","No","No","Yes",,,"No",,"$162,333.33","$0","$0",,"$76,923.08","$0","$0","$0",,"$162,333.33","-97.702958","30.269889"
"335","4462","Guadalupe Saldana - Duplex","Guadalupe Neighborhood Development Corporation","Guadalupe Neighborhood Development Corporation","1216 Paul Theresa Saldana Street","78702","0207140143","3","Duplex","Rental","Project Completed","2","2","1","0","0","0","0","2","0","0","0","0","0","0","01-25-2013","01-25-2112","99",,,,"RHDA","No","No","Yes",,,"No",,"$162,333.33","$0","$0",,"$76,923.08","$0","$0","$0",,"$162,333.33","-97.70301","30.269795"
"335","4463","Guadalupe Saldana - Duplex","Guadalupe Neighborhood Development Corporation","Guadalupe Neighborhood Development Corporation","1212 Paul Theresa Saldana Street","78702","0207140143","3","Duplex","Rental","Project Completed","2","2","1","0","0","0","0","2","0","0","0","0","0","0","01-25-2013","01-25-2112","99",,,,"RHDA","No","No","Yes",,,"No",,"$162,333.33","$0","$0",,"$76,923.08","$0","$0","$0",,"$162,333.33","-97.703051","30.269697"
"335","4464","Guadalupe Saldana - Duplex","Guadalupe Neighborhood Development Corporation","Guadalupe Neighborhood Development Corporation","1208 Paul Theresa Saldana Street","78702","0207140143","3","Duplex","Rental","Project Completed","2","2","1","0","0","0","0","2","0","0","0","0","0","0","01-25-2013","01-25-2112","99",,,,"RHDA","No","No","Yes",,,"No",,"$162,333.33","$0","$0",,"$76,923.08","$0","$0","$0",,"$162,333.33","-97.703096","30.269601"
"335","4465","Jeremiah Housing","Guadalupe Neighborhood Development Corporation","Guadalupe Neighborhood Development Corporation","1200 Paul Theresa Saldana Street","78702","0207140143","3","Multifamily","Rental","Project Completed","35","35","6","0","0","0","0","35","0","0","0","0","0","0","01-11-2016","01-11-2115","99",,,,"RHDA","No","No","Yes",,,"No",,"$215,833.33","$2,000,000","$0",,"$0","$0","$0","$0",,"$2,215,833.33","-97.703451","30.269321"
"335","4466","Guadalupe Saldana - SF","Guadalupe Neighborhood Development Corporation","Guadalupe Neighborhood Development Corporation","3008 Father Joe Znotas Street","78702","0207140349","3","Single Family","Ownership","Project Completed","1","1","0","0","0","0","0","0","0","0","0","1","0","0","07-17-2018","07-17-2033","15",,,,"OHDA","No","No","Yes",,,"No",,"$0","$0","$0",,"$0","$0","$0","$0",,"$0","-97.702534","30.269239"
"335","4467","Guadalupe Saldana - SF","Guadalupe Neighborhood Development Corporation","Guadalupe Neighborhood Development Corporation","3009 Father Joe Znotas Street","78702","0207140354","3","Single Family","Ownership","Project Completed","1","1","0","0","0","0","0","0","0","0","0","1","0","0","04-05-2018","04-05-2033","15",,,,"OHDA","No","No","Yes",,,"No",,"$0","$0","$0",,"$0","$0","$0","$0",,"$0","-97.702707","30.268839"
"335","4468","Guadalupe Saldana - SF","Guadalupe Neighborhood Development Corporation","Guadalupe Neighborhood Development Corporation","3012 Father Joe Znotas Street","78702","0207140348","3","Single Family","Ownership","Project Completed","1","1","0","0","0","0","0","0","0","0","0","1","0","0","03-22-2018","03-22-2033","15",,,,"OHDA","No","No","Yes",,,"No",,"$0","$0","$0",,"$0","$0","$0","$0",,"$0","-97.702442","30.26918"
"335","4469","Guadalupe Saldana - SF","Guadalupe Neighborhood Development Corporation","Guadalupe Neighborhood Development Corporation","3013 Father Joe Znotas Street","78702","0207140355","3","Single Family","Ownership","Project Completed","1","1","0","0","0","0","0","0","0","0","0","1","0","0","04-05-2018","04-05-2033","15",,,,"OHDA","No","No","Yes",,,"No",,"$0","$0","$0",,"$0","$0","$0","$0",,"$0","-97.70264","30.268782"
"335","4470","Guadalupe Saldana - SF","Guadalupe Neighborhood Development Corporation","Guadalupe Neighborhood Development Corporation","3016 Father Joe Znotas Street","78702","0207140347","3","Single Family","Ownership","Project Completed","1","1","0","0","0","0","0","0","0","0","0","1","0","0","03-22-2018","03-22-2033","15",,,,"OHDA","No","No","Yes",,,"No",,"$0","$0","$0",,"$0","$0","$0","$0",,"$0","-97.702321","30.269144"
"335","4471","Guadalupe Saldana - SF","Guadalupe Neighborhood Development Corporation","Guadalupe Neighborhood Development Corporation","3017 Father Joe Znotas Street","78702","0207140356","3","Single Family","Ownership","Project Completed","1","1","0","0","0","0","0","0","0","0","0","1","0","0","04-06-2018","04-06-2033","15",,,,"OHDA","No","No","Yes",,,"No",,"$0","$0","$0",,"$0","$0","$0","$0",,"$0","-97.702516","30.268729"
"335","4472","Guadalupe Saldana - SF","Guadalupe Neighborhood Development Corporation","Guadalupe Neighborhood Development Corporation","3024 Father Joe Znotas Street","78702","0207140345","3","Single Family","Ownership","Project Completed","1","1","0","0","0","0","0","0","0","0","0","1","0","0","03-22-2018","03-22-2033","15",,,,"OHDA","No","No","Yes",,,"No",,"$0","$0","$0",,"$0","$0","$0","$0",,"$0","-97.702099","30.26904"
"335","4473","Guadalupe Saldana - SF","Guadalupe Neighborhood Development Corporation","Guadalupe Neighborhood Development Corporation","3025 Father Joe Znotas Street","78702","0207140358","3","Single Family","Ownership","Project Completed","1","1","0","0","0","0","0","0","0","0","0","1","0","0","04-06-2018","04-06-2033","15",,,,"OHDA","No","No","Yes",,,"No",,"$0","$0","$0",,"$0","$0","$0","$0",,"$0","-97.702271","30.268625"
"85","4474","The Ivory (FKA Chicon Phase II)","Chestnut Neighborhood Revitalization Corporation","Chestnut Neighborhood Revitalization Corporation","1309 Chicon Street","78702","0209092301","1","Multifamily","Ownership","Under Construction","53","40","0","0","0","0","0","0","0","0","0","40","0","0",,"12-30-1998","99",,,,"OHDA","No","Yes","Yes",,,"No",,"$0","$0","$1,300,000","86,345","$0","$4,313,655","$0","$0",,"$5,613,655","-97.719999","30.275553"
"83","4482","Westgate Grove - Phase I","Westgate Momark LLC","HomeBase Texas","2700 Acopio Bend","78745","0422231501","5","Single Family","Ownership","Project Completed","1","1","0","0","0","0","0","0","0","0","0","1","0","0","06-28-2017","06-28-2027","10",,,,"OHDA","No","No","Yes",,,"No",,"$0","$0","$0",,"$0","$0","$0","$0",,"$0","-97.830305","30.192655"
"83","4483","Westgate Grove - Phase I","Westgate Momark LLC","HomeBase Texas","2701 Acopio Bend","78745","0422231501","5","Single Family","Ownership","Project Completed","1","1","0","0","0","0","0","0","0","0","0","1","0","0","03-07-2017","03-07-2027","10",,,,"OHDA","No","No","Yes",,,"No",,"$0","$0","$0",,"$0","$0","$0","$0",,"$0","-97.830305","30.192655"
"83","4484","Westgate Grove - Phase I","Westgate Momark LLC","HomeBase Texas","2703 Acopio Bend","78745","0422231501","5","Single Family","Ownership","Project Completed","1","1","0","0","0","0","0","0","0","0","0","1","0","0","04-14-2017","04-14-2027","10",,,,"OHDA","No","No","Yes",,,"No",,"$0","$0","$0",,"$0","$0","$0","$0",,"$0","-97.830305","30.192655"
"83","4486","Westgate Grove - Phase I","Westgate Momark LLC","HomeBase Texas","2704 Acopio Bend","78745","0422231501","5","Single Family","Ownership","Project Completed","1","1","0","0","0","0","0","0","0","0","0","1","0","0","05-24-2017","05-24-2027","10",,,,"OHDA","No","No","Yes",,,"No",,"$0","$0","$0",,"$0","$0","$0","$0",,"$0","-97.830305","30.192655"
"83","4488","Westgate Grove - Phase I","Westgate Momark LLC","HomeBase Texas","2705 Acopio Bend","78745","0422231501","5","Single Family","Ownership","Project Completed","1","1","0","0","0","0","0","0","0","0","0","1","0","0","02-15-2017","02-15-2027","10",,,,"OHDA","No","No","Yes",,,"No",,"$0","$0","$0",,"$0","$0","$0","$0",,"$0","-97.830305","30.192655"
"83","4489","Westgate Grove - Phase I","Westgate Momark LLC","HomeBase Texas","2706 Acopio Bend","78745","0422231501","5","Single Family","Ownership","Project Completed","1","1","0","0","0","0","0","0","0","0","0","1","0","0","05-30-2017","05-30-2027","10",,,,"OHDA","No","No","Yes",,,"No",,"$0","$0","$0",,"$0","$0","$0","$0",,"$0","-97.830305","30.192655"
"83","4490","Westgate Grove - Phase I","Westgate Momark LLC","HomeBase Texas","2707 Acopio Bend","78745","0422231501","5","Single Family","Ownership","Project Completed","1","1","0","0","0","0","0","0","0","0","0","1","0","0","03-31-2017","03-31-2027","10",,,,"OHDA","No","No","Yes",,,"No",,"$0","$0","$0",,"$0","$0","$0","$0",,"$0","-97.830305","30.192655"
"83","4491","Westgate Grove - Phase I","Westgate Momark LLC","HomeBase Texas","2708 Acopio Bend","78745","0422231501","5","Single Family","Ownership","Project Completed","1","1","0","0","0","0","0","0","0","0","0","1","0","0","06-30-2017","06-30-2027","10",,,,"OHDA","No","No","Yes",,,"No",,"$0","$0","$0",,"$0","$0","$0","$0",,"$0","-97.830305","30.192655"
"83","4492","Westgate Grove - Phase I","Westgate Momark LLC","HomeBase Texas","2709 Acopio Bend","78745","0422231501","5","Single Family","Ownership","Project Completed","1","1","0","0","0","0","0","0","0","0","0","1","0","0","04-14-2017","04-14-2027","10",,,,"OHDA","No","No","Yes",,,"No",,"$0","$0","$0",,"$0","$0","$0","$0",,"$0","-97.830305","30.192655"
"83","4493","Westgate Grove - Phase I","Westgate Momark LLC","HomeBase Texas","2711 Acopio Bend","78745","0422231501","5","Single Family","Ownership","Project Completed","1","1","0","0","0","0","0","0","0","0","0","1","0","0","01-31-2017","01-31-2027","10",,,,"OHDA","No","No","Yes",,,"No",,"$0","$0","$0",,"$0","$0","$0","$0",,"$0","-97.830305","30.192655"
"83","4494","Westgate Grove - Phase I","Westgate Momark LLC","HomeBase Texas","2713 Acopio Bend","78745","0422231501","5","Single Family","Ownership","Project Completed","1","1","0","0","0","0","0","0","0","0","0","1","0","0","01-31-2017","01-31-2027","10",,,,"OHDA","No","No","Yes",,,"No",,"$0","$0","$0",,"$0","$0","$0","$0",,"$0","-97.830305","30.192655"
"83","4495","Westgate Grove - Phase I","Westgate Momark LLC","HomeBase Texas","2715 Acopio Bend","78745","0422231501","5","Single Family","Ownership","Project Completed","1","1","0","0","0","0","0","0","0","0","0","1","0","0","07-21-2017","07-21-2027","10",,,,"OHDA","No","No","Yes",,,"No",,"$0","$0","$0",,"$0","$0","$0","$0",,"$0","-97.830305","30.192655"
"83","4496","Westgate Grove - Phase I","Westgate Momark LLC","HomeBase Texas","2801 Acopio Bend","78745","0422231501","5","Single Family","Ownership","Project Completed","1","1","0","0","0","0","0","0","0","0","0","1","0","0","12-02-2016","12-02-2026","10",,,,"OHDA","No","No","Yes",,,"No",,"$0","$0","$0",,"$0","$0","$0","$0",,"$0","-97.830305","30.192655"
"83","4497","Westgate Grove - Phase I","Westgate Momark LLC","HomeBase Texas","2803 Acopio Bend","78745","0422231501","5","Single Family","Ownership","Project Completed","1","1","0","0","0","0","0","0","0","0","0","1","0","0","10-13-2016","10-13-2026","10",,,,"OHDA","No","No","Yes",,,"No",,"$0","$0","$0",,"$0","$0","$0","$0",,"$0","-97.830305","30.192655"
"83","4498","Westgate Grove - Phase I","Westgate Momark LLC","HomeBase Texas","2805 Acopio Bend","78745","0422231501","5","Single Family","Ownership","Project Completed","1","1","0","0","0","0","0","0","0","0","0","1","0","0","11-15-2016","11-15-2026","10",,,,"OHDA","No","No","Yes",,,"No",,"$0","$0","$0",,"$0","$0","$0","$0",,"$0","-97.830305","30.192655"
"83","4499","Westgate Grove - Phase I","Westgate Momark LLC","HomeBase Texas","2807 Acopio Bend","78745","0422231501","5","Single Family","Ownership","Project Completed","1","1","0","0","0","0","0","0","0","0","0","1","0","0","10-21-2016","10-21-2026","10",,,,"OHDA","No","No","Yes",,,"No",,"$0","$0","$0",,"$0","$0","$0","$0",,"$0","-97.830305","30.192655"
"83","4500","Westgate Grove - Phase I","Westgate Momark LLC","HomeBase Texas","2809 Acopio Bend","78745","0422231501","5","Single Family","Ownership","Project Completed","1","1","0","0","0","0","0","0","0","0","0","1","0","0","08-15-2016","08-15-2026","10",,,,"OHDA","No","No","Yes",,,"No",,"$0","$0","$0",,"$0","$0","$0","$0",,"$0","-97.830305","30.192655"
"83","4501","Westgate Grove - Phase I","Westgate Momark LLC","HomeBase Texas","2811 Acopio Bend","78745","0422231501","5","Single Family","Ownership","Project Completed","1","1","0","0","0","0","0","0","0","0","0","1","0","0","06-30-2017","06-30-2027","10",,,,"OHDA","No","No","Yes",,,"No",,"$0","$0","$0",,"$0","$0","$0","$0",,"$0","-97.830305","30.192655"
"83","4502","Westgate Grove - Phase I","Westgate Momark LLC","HomeBase Texas","2813 Acopio Bend","78745","0422231501","5","Single Family","Ownership","Project Completed","1","1","0","0","0","0","0","0","0","0","0","1","0","0","08-17-2016","08-17-2026","10",,,,"OHDA","No","No","Yes",,,"No",,"$0","$0","$0",,"$0","$0","$0","$0",,"$0","-97.830305","30.192655"
"83","4503","Westgate Grove - Phase I","Westgate Momark LLC","HomeBase Texas","2900 Acopio Bend","78745","0422231501","5","Single Family","Ownership","Project Completed","1","1","0","0","0","0","0","0","0","0","0","1","0","0","08-11-2016","08-11-2026","10",,,,"OHDA","No","No","Yes",,,"No",,"$0","$0","$0",,"$0","$0","$0","$0",,"$0","-97.830305","30.192655"
"83","4504","Westgate Grove - Phase I","Westgate Momark LLC","HomeBase Texas","8705 Railsback Trail","78745","0422231501","5","Single Family","Ownership","Affordability Period Expired","1","1","0","0","0","0","0","0","0","0","0","1","0","0","12-11-2015","12-11-2025","10",,,,"OHDA","No","No","Yes",,,"No",,"$0","$0","$0",,"$0","$0","$0","$0",,"$0","-97.830305","30.192655"
"83","4505","Westgate Grove - Phase I","Westgate Momark LLC","HomeBase Texas","8702 Railsback Trail","78745","0422231501","5","Single Family","Ownership","Affordability Period Expired","1","1","0","0","0","0","0","0","0","0","0","1","0","0","12-17-2015","12-17-2025","10",,,,"OHDA","No","No","Yes",,,"No",,"$0","$0","$0",,"$0","$0","$0","$0",,"$0","-97.830305","30.192655"
"83","4506","Westgate Grove - Phase I","Westgate Momark LLC","HomeBase Texas","8709 Railsback Trail","78745","0422231501","5","Single Family","Ownership","Affordability Period Expired","1","1","0","0","0","0","0","0","0","0","0","1","0","0","12-17-2015","12-17-2025","10",,,,"OHDA","No","No","Yes",,,"No",,"$0","$0","$0",,"$0","$0","$0","$0",,"$0","-97.830305","30.192655"
"83","4509","Westgate Grove - Phase I","Westgate Momark LLC","HomeBase Texas","2911 Acopio Bend","78745","0422231501","5","Single Family","Ownership","Affordability Period Expired","1","1","0","0","0","0","0","0","0","0","0","1","0","0","12-23-2015","12-23-2025","10",,,,"OHDA","No","No","Yes",,,"No",,"$0","$0","$0",,"$0","$0","$0","$0",,"$0","-97.830305","30.192655"
"83","4510","Westgate Grove - Phase I","Westgate Momark LLC","HomeBase Texas","8707 Railsback Trail","78745","0422231501","5","Single Family","Ownership","Affordability Period Expired","1","1","0","0","0","0","0","0","0","0","0","1","0","0","12-23-2015","12-23-2025","10",,,,"OHDA","No","No","Yes",,,"No",,"$0","$0","$0",,"$0","$0","$0","$0",,"$0","-97.830305","30.192655"
"83","4511","Westgate Grove - Phase I","Westgate Momark LLC","HomeBase Texas","2903 Acopio Bend","78745","0422231501","5","Single Family","Ownership","Affordability Period Expired","1","1","0","0","0","0","0","0","0","0","0","1","0","0","01-28-2016","01-28-2026","10",,,,"OHDA","No","No","Yes",,,"No",,"$0","$0","$0",,"$0","$0","$0","$0",,"$0","-97.830305","30.192655"
"83","4512","Westgate Grove - Phase I","Westgate Momark LLC","HomeBase Texas","2907 Acopio Bend","78745","0422231501","5","Single Family","Ownership","Affordability Period Expired","1","1","0","0","0","0","0","0","0","0","0","1","0","0","01-29-2016","01-29-2026","10",,,,"OHDA","No","No","Yes",,,"No",,"$0","$0","$0",,"$0","$0","$0","$0",,"$0","-97.830305","30.192655"
"83","4513","Westgate Grove - Phase I","Westgate Momark LLC","HomeBase Texas","8706 Railsback Trail","78745","0422231501","5","Single Family","Ownership","Affordability Period Expired","1","1","0","0","0","0","0","0","0","0","0","1","0","0","02-29-2016","03-01-2026","10",,,,"OHDA","No","No","Yes",,,"No",,"$0","$0","$0",,"$0","$0","$0","$0",,"$0","-97.830305","30.192655"
"83","4514","Westgate Grove - Phase I","Westgate Momark LLC","HomeBase Texas","8710 Railsback Trail","78745","0422231501","5","Single Family","Ownership","Affordability Period Expired","1","1","0","0","0","0","0","0","0","0","0","1","0","0","03-02-2016","03-02-2026","10",,,,"OHDA","No","No","Yes",,,"No",,"$0","$0","$0",,"$0","$0","$0","$0",,"$0","-97.830305","30.192655"
"83","4515","Westgate Grove - Phase I","Westgate Momark LLC","HomeBase Texas","8708 Railsback Trail","78745","0422231501","5","Single Family","Ownership","Project Completed","1","1","0","0","0","0","0","0","0","0","0","1","0","0","03-24-2016","03-24-2026","10",,,,"OHDA","No","No","Yes",,,"No",,"$0","$0","$0",,"$0","$0","$0","$0",,"$0","-97.830305","30.192655"
"83","4516","Westgate Grove - Phase I","Westgate Momark LLC","HomeBase Texas","8700 Railsback Trail","78745","0422231501","5","Single Family","Ownership","Project Completed","1","1","0","0","0","0","0","0","0","0","0","1","0","0","05-19-2016","05-19-2026","10",,,,"OHDA","No","No","Yes",,,"No",,"$0","$0","$0",,"$0","$0","$0","$0",,"$0","-97.830305","30.192655"
"83","4517","Westgate Grove - Phase I","Westgate Momark LLC","HomeBase Texas","2909 Acopio Bend","78745","0422231501","5","Single Family","Ownership","Project Completed","1","1","0","0","0","0","0","0","0","0","0","1","0","0","06-03-2016","06-03-2026","10",,,,"OHDA","No","No","Yes",,,"No",,"$0","$0","$0",,"$0","$0","$0","$0",,"$0","-97.830305","30.192655"
"83","4518","Westgate Grove - Phase I","Westgate Momark LLC","HomeBase Texas","2901 Acopio Bend","78745","0422231501","5","Single Family","Ownership","Project Completed","1","1","0","0","0","0","0","0","0","0","0","1","0","0","08-19-2016","08-19-2026","10",,,,"OHDA","No","No","Yes",,,"No",,"$0","$0","$0",,"$0","$0","$0","$0",,"$0","-97.830305","30.192655"
"83","4519","Westgate Grove - Phase I","Westgate Momark LLC","HomeBase Texas","2904 Acopio Bend","78745","0422231501","5","Single Family","Ownership","Project Completed","1","1","0","0","0","0","0","0","0","0","0","1","0","0","08-31-2016","08-31-2026","10",,,,"OHDA","No","No","Yes",,,"No",,"$0","$0","$0",,"$0","$0","$0","$0",,"$0","-97.830305","30.192655"
"83","4520","Westgate Grove - Phase I","Westgate Momark LLC","HomeBase Texas","2906 Acopio Bend","78745","0422231501","5","Single Family","Ownership","Project Completed","1","1","0","0","0","0","0","0","0","0","0","1","0","0","08-31-2016","08-31-2026","10",,,,"OHDA","No","No","Yes",,,"No",,"$0","$0","$0",,"$0","$0","$0","$0",,"$0","-97.830305","30.192655"
"83","4521","Westgate Grove - Phase I","Westgate Momark LLC","HomeBase Texas","2908 Acopio Bend","78745","0422231501","5","Single Family","Ownership","Project Completed","1","1","0","0","0","0","0","0","0","0","0","1","0","0","08-31-2016","08-31-2026","10",,,,"OHDA","No","No","Yes",,,"No",,"$0","$0","$0",,"$0","$0","$0","$0",,"$0","-97.830305","30.192665"
"83","4522","Westgate Grove - Phase I","Westgate Momark LLC","HomeBase Texas","2901 Acopio Bend","78745","0422231501","5","Single Family","Ownership","Project Completed","1","1","0","0","0","0","0","0","0","0","0","1","0","0","10-04-2016","10-04-2026","10",,,,"OHDA","No","No","Yes",,,"No",,"$0","$0","$0",,"$0","$0","$0","$0",,"$0","-97.830305","30.192655"
"83","4523","Westgate Grove - Phase I","Westgate Momark LLC","HomeBase Texas","2910 Acopio Bend","78745","0422231501","5","Single Family","Ownership","Project Completed","1","1","0","0","0","0","0","0","0","0","0","1","0","0","10-31-2016","10-31-2026","10",,,,"OHDA","No","No","Yes",,,"No",,"$0","$0","$0",,"$0","$0","$0","$0",,"$0","-97.830305","30.192655"
"83","4524","Westgate Grove - Phase I","Westgate Momark LLC","HomeBase Texas","2900 Pops Way","78745","0422231501","5","Single Family","Ownership","Project Completed","1","1","0","0","0","0","0","0","0","0","0","1","0","0","05-30-2017","05-30-2027","10",,,,"OHDA","No","No","Yes",,,"No",,"$0","$0","$0",,"$0","$0","$0","$0",,"$0","-97.830305","30.192655"
"83","4525","Westgate Grove - Phase I","Westgate Momark LLC","HomeBase Texas","2903 Pops Way","78745","0422231501","5","Single Family","Ownership","Project Completed","1","1","0","0","0","0","0","0","0","0","0","1","0","0","05-31-2017","05-31-2027","10",,,,"OHDA","No","No","Yes",,,"No",,"$0","$0","$0",,"$0","$0","$0","$0",,"$0","-97.830305","30.192655"
"83","4526","Westgate Grove - Phase I","Westgate Momark LLC","HomeBase Texas","2902 Pops Way","78745","0422231501","5","Single Family","Ownership","Project Completed","1","1","0","0","0","0","0","0","0","0","0","1","0","0","06-29-2017","06-29-2027","10",,,,"OHDA","No","No","Yes",,,"No",,"$0","$0","$0",,"$0","$0","$0","$0",,"$0","-97.830305","30.192655"
"83","4527","Westgate Grove - Phase I","Westgate Momark LLC","HomeBase Texas","2904 Pops Way","78745","0422231501","5","Single Family","Ownership","Project Completed","1","1","0","0","0","0","0","0","0","0","0","1","0","0","06-30-2017","06-30-2027","10",,,,"OHDA","No","No","Yes",,,"No",,"$0","$0","$0",,"$0","$0","$0","$0",,"$0","-97.830305","30.192655"
"83","4528","Westgate Grove - Phase I","Westgate Momark LLC","HomeBase Texas","2905 Pops Way","78745","0422231501","5","Single Family","Ownership","Project Completed","1","1","0","0","0","0","0","0","0","0","0","1","0","0","07-31-2017","07-31-2027","10",,,,"OHDA","No","No","Yes",,,"No",,"$0","$0","$0",,"$0","$0","$0","$0",,"$0","-97.830305","30.192655"
"83","4529","Westgate Grove - Phase I","Westgate Momark LLC","HomeBase Texas","2906 Pops Way","78745","0422231501","5","Single Family","Ownership","Project Completed","1","1","0","0","0","0","0","0","0","0","0","1","0","0","07-31-2017","07-31-2027","10",,,,"OHDA","No","No","Yes",,,"No",,"$0","$0","$0",,"$0","$0","$0","$0",,"$0","-97.830305","30.192655"
"83","4530","Westgate Grove - Phase I","Westgate Momark LLC","HomeBase Texas","2907 Pops Way","78745","0422231501","5","Single Family","Ownership","Project Completed","1","1","0","0","0","0","0","0","0","0","0","1","0","0","08-17-2017","08-17-2027","10",,,,"OHDA","No","No","Yes",,,"No",,"$0","$0","$0",,"$0","$0","$0","$0",,"$0","-97.830305","30.192655"
"83","4531","Westgate Grove - Phase I","Westgate Momark LLC","HomeBase Texas","2909 Pops Way","78745","0422231501","5","Single Family","Ownership","Project Completed","1","1","0","0","0","0","0","0","0","0","0","1","0","0","09-21-2017","09-21-2027","10",,,,"OHDA","No","No","Yes",,,"No",,"$0","$0","$0",,"$0","$0","$0","$0",,"$0","-97.830305","30.192655"
"83","4532","Westgate Grove - Phase I","Westgate Momark LLC","HomeBase Texas","2910 Pops Way","78745","0422231501","5","Single Family","Ownership","Project Completed","1","1","0","0","0","0","0","0","0","0","0","1","0","0","09-21-2017","09-21-2027","10",,,,"OHDA","No","No","Yes",,,"No",,"$0","$0","$0",,"$0","$0","$0","$0",,"$0","-97.830305","30.192655"
"83","4533","Westgate Grove - Phase I","Westgate Momark LLC","HomeBase Texas","2911 Pops Way","78745","0422231501","5","Single Family","Ownership","Project Completed","1","1","0","0","0","0","0","0","0","0","0","1","0","0","09-28-2017","09-28-2027","10",,,,"OHDA","No","No","Yes",,,"No",,"$0","$0","$0",,"$0","$0","$0","$0",,"$0","-97.830305","30.192655"
"83","4534","Westgate Grove - Phase I","Westgate Momark LLC","HomeBase Texas","2912 Pops Way","78745","0422231501","5","Single Family","Ownership","Project Completed","1","1","0","0","0","0","0","0","0","0","0","1","0","0","10-30-2017","10-30-2027","10",,,,"OHDA","No","No","Yes",,,"No",,"$0","$0","$0",,"$0","$0","$0","$0",,"$0","-97.830305","30.192655"
"83","4535","Westgate Grove - Phase I","Westgate Momark LLC","HomeBase Texas","2914 Pops Way","78745","0422231501","5","Single Family","Ownership","Project Completed","1","1","0","0","0","0","0","0","0","0","0","1","0","0","10-30-2017","10-30-2027","10",,,,"OHDA","No","No","Yes",,,"No",,"$0","$0","$0",,"$0","$0","$0","$0",,"$0","-97.830305","30.192655"
"426","4541","4910 West Wind Trail","Frameworks Community Development Corporation","Frameworks Community Development Corporation","4910 W Wind Trail","78745","0410150301","5","FourPlex","Rental","Project Completed","4","3","0","0","0","0","0","3","0","0","0","0","0","0","07-28-2015","07-28-2114","99",,,,"RHDA","No","No","No",,,"No",,"$0","$0","$0",,"$0","$0","$255,000","$0",,"$0","-97.8042","30.227193"
"434","4580","Accessible Housing Austin! - SF","Accessible Housing Austin!","Accessible Housing Austin!","9407 Kempler Drive","78748","0428211006","5","Single Family","Rental","Project Completed","2","2","0","0","0","0","0","2","0","0","0","0","0","0","09-02-2016","09-02-2115","99",,,,"RHDA","No","No","No",,,"No",,"$0","$0","$0",,"$153,500","$0","$0","$0",,"$0","-97.822205","30.178196"
"435","4581","Accessible Housing Austin! - SF","Accessible Housing Austin!","Accessible Housing Austin!","7624 Cayenne Lane","78741","0310180319","3","Single Family","Rental","Project Completed","1","1","0","0","0","0","0","1","0","0","0","0","0","0","09-02-2016","09-02-2115","99",,,,"RHDA","No","No","No",,,"No",,"$0","$0","$0",,"$0","$0","$98,151","$0",,"$0","-97.691337","30.224075"
"436","4582","Accessible Housing Austin! - SF","Accessible Housing Austin!","Accessible Housing Austin!","7009 Thannas Way","78744","0428011603","2","Single Family","Rental","Project Completed","1","1","0","0","0","0","0","1","0","0","0","0","0","0","09-02-2016","09-02-2115","99",,,,"RHDA","No","No","No",,,"No",,"$0","$0","$0",,"$0","$0","$56,922","$0",,"$0","-97.756125","30.177723"
"437","4583","Accessible Housing Austin! - SF","Accessible Housing Austin!","Accessible Housing Austin!","3705 Tamil Street","78749","0414271017","8","Single Family","Rental","Project Completed","1","1","0","0","0","0","0","1","0","0","0","0","0","0","09-02-2016","09-02-2115","99",,,,"RHDA","No","No","No",,,"No",,"$0","$0","$0",,"$0","$0","$137,900","$0",,"$0","-97.836008","30.211278"
"144","5150","Scenic Point Phase II","Austin Habitat for Humantiy","Austin Habitat for Humanity","7221 Boyle Drive","78724","0221330712","1","Single Family","Ownership","Project Completed","1","1","0","0","0","0","0","0","0","0","0","1","0","0","01-08-2021","01-08-2120","99",,,,"OHDA","No","No","Yes",,,"No",,"$0","$0","$0",,"$0","$0","$0","$0",,"$0","-97.644301","30.306922"
"144","5151","Scenic Point Phase II","Austin Habitat for Humantiy","Austin Habitat for Humanity","7225 Boyle Drive","78724","0221330713","1","Single Family","Ownership","Project Completed","1","1","0","0","0","0","0","0","0","0","0","1","0","0","10-11-2019","10-11-2118","99",,,,"OHDA","No","No","Yes",,,"No",,"$0","$0","$0",,"$0","$0","$0","$0",,"$0","-97.644223","30.307042"
"144","5152","Scenic Point Phase II","Austin Habitat for Humantiy","Austin Habitat for Humanity","7229 Boyle Drive","78724","0221330714","1","Single Family","Ownership","Project Completed","1","1","0","0","0","0","0","0","0","0","0","1","0","0","09-13-2019","09-13-2118","99",,,,"OHDA","No","No","Yes",,,"No",,"$0","$0","$0",,"$0","$0","$0","$0",,"$0","-97.644145","30.307162"
"144","5153","Scenic Point Phase II","Austin Habitat for Humantiy","Austin Habitat for Humanity","7233 Boyle Drive","78724","0221330715","1","Single Family","Ownership","Project Completed","1","1","0","0","0","0","0","0","0","0","0","1","0","0","10-11-2019","10-11-2118","99",,,,"OHDA","No","No","Yes",,,"No",,"$0","$0","$0",,"$0","$0","$0","$0",,"$0","-97.644033","30.307279"
"144","5157","Scenic Point Phase II","Austin Habitat for Humantiy","Austin Habitat for Humanity","6516 Farrell Glen Drive","78724","0221330717","1","Single Family","Ownership","Project Completed","1","1","0","0","0","0","0","0","0","0","0","1","0","0","10-11-2019","10-11-2118","99",,,,"OHDA","No","No","Yes",,,"No",,"$0","$0","$0",,"$0","$0","$0","$0",,"$0","-97.644226","30.307723"
"144","5159","Scenic Point Phase II","Austin Habitat for Humantiy","Austin Habitat for Humanity","6512 Farrell Glen Drive","78724","0221330718","1","Single Family","Ownership","Project Completed","1","1","0","0","0","0","0","0","0","0","0","1","0","0","10-18-2022","10-18-2121","99",,,,"OHDA","No","No","Yes",,,"No",,"$0","$0","$0",,"$0","$0","$0","$0",,"$0","-97.644393","30.30778"
"144","5161","Scenic Point Phase II","Austin Habitat for Humantiy","Austin Habitat for Humanity","6508 Farrell Glen Drive","78724","0221330719","1","Single Family","Ownership","Project Completed","1","1","0","0","0","0","0","0","0","0","0","1","0","0","09-12-2023","09-12-2122","99",,,,"OHDA","No","No","Yes",,,"No",,"$0","$0","$0",,"$0","$0","$0","$0",,"$0","-97.644542","30.30785"
"144","5166","Scenic Point Phase II","Austin Habitat for Humantiy","Austin Habitat for Humanity","6504 Farrell Glen Drive","78724","0221330720","1","Single Family","Ownership","Project Completed","1","1","0","0","0","0","0","0","0","0","0","1","0","0","10-11-2022","10-11-2121","99",,,,"OHDA","No","No","Yes",,,"No",,"$0","$0","$0",,"$0","$0","$0","$0",,"$0","-97.644691","30.307921"
"144","5168","Scenic Point Phase II","Austin Habitat for Humantiy","Austin Habitat for Humanity","6500 Farrell Glen Drive","78724","0221330721","1","Single Family","Ownership","Project Completed","1","1","0","0","0","0","0","0","0","0","0","1","0","0","12-15-2022","12-15-2121","99",,,,"OHDA","No","No","Yes",,,"No",,"$0","$0","$0",,"$0","$0","$0","$0",,"$0","-97.644847","30.308001"
"144","5171","Scenic Point Phase II","Austin Habitat for Humantiy","Austin Habitat for Humanity","6424 Farrell Glen Drive","78724","0221330722","1","Single Family","Ownership","Project Completed","1","1","0","0","0","0","0","0","0","0","0","1","0","0","09-12-2023","09-12-2122","99",,,,"OHDA","No","No","Yes",,,"No",,"$0","$0","$0",,"$0","$0","$0","$0",,"$0","-97.644989","30.308062"
"144","5174","Scenic Point Phase II","Austin Habitat for Humantiy","Austin Habitat for Humanity","6420 Farrell Glen Drive","78724","0221330723","1","Single Family","Ownership","Project Completed","1","1","0","0","0","0","0","0","0","0","0","1","0","0","11-15-2023","11-15-2122","99",,,,"OHDA","No","No","Yes",,,"No",,"$0","$0","$0",,"$0","$0","$0","$0",,"$0","-97.645149","30.308139"
"144","5178","Scenic Point Phase II","Austin Habitat for Humantiy","Austin Habitat for Humanity","6416 Farrell Glen Drive","78724","0221330724","1","Single Family","Ownership","Project Completed","1","1","0","0","0","0","0","0","0","0","0","1","0","0","09-27-2023","09-27-2122","99",,,,"OHDA","No","No","Yes",,,"No",,"$0","$0","$0",,"$0","$0","$0","$0",,"$0","-97.645322","30.30822"
"144","5181","Scenic Point Phase II","Austin Habitat for Humantiy","Austin Habitat for Humanity","6412 Farrell Glen Drive","78724","0221330725","1","Single Family","Ownership","Project Completed","1","1","0","0","0","0","0","0","0","0","0","1","0","0","11-15-2023","11-15-2122","99",,,,"OHDA","No","No","Yes",,,"No",,"$0","$0","$0",,"$0","$0","$0","$0",,"$0","-97.645489","30.308219"
"144","5185","Scenic Point Phase II","Austin Habitat for Humantiy","Austin Habitat for Humanity","6408 Farrell Glen Drive","78724","0221330726","1","Single Family","Ownership","Project Completed","1","1","0","0","0","0","0","0","0","0","0","1","0","0","09-26-2023","09-26-2122","99",,,,"OHDA","No","No","Yes",,,"No",,"$0","$0","$0",,"$0","$0","$0","$0",,"$0","-97.645652","30.308201"
"144","5186","Scenic Point Phase II","Austin Habitat for Humantiy","Austin Habitat for Humanity","6404 Farrell Glen Drive","78724","0221330727","1","Single Family","Ownership","Project Completed","1","1","0","0","0","0","0","0","0","0","0","1","0","0","10-07-2022","10-07-2121","99",,,,"OHDA","No","No","Yes",,,"No",,"$0","$0","$0",,"$0","$0","$0","$0",,"$0","-97.645811","30.308214"
"144","5187","Scenic Point Phase II","Austin Habitat for Humantiy","Austin Habitat for Humanity","6400 Farrell Glen Drive","78724","0221330728","1","Single Family","Ownership","Project Completed","1","1","0","0","0","0","0","0","0","0","0","1","0","0","10-19-2022","10-19-2121","99",,,,"OHDA","No","No","Yes",,,"No",,"$0","$0","$0",,"$0","$0","$0","$0",,"$0","-97.645967","30.308261"
"144","5188","Scenic Point Phase II","Austin Habitat for Humantiy","Austin Habitat for Humanity","6316 Farrell Glen Drive","78724","0221330729","1","Single Family","Ownership","Project Completed","1","1","0","0","0","0","0","0","0","0","0","1","0","0","06-30-2021","06-30-2120","99",,,,"OHDA","No","No","Yes",,,"No",,"$0","$0","$0",,"$0","$0","$0","$0",,"$0","-97.646212","30.308226"
"144","5189","Scenic Point Phase II","Austin Habitat for Humantiy","Austin Habitat for Humanity","6312 Farrell Glen Drive","78724","0221330730","1","Single Family","Ownership","Project Completed","1","1","0","0","0","0","0","0","0","0","0","1","0","0","05-06-2021","05-06-2120","99",,,,"OHDA","No","No","Yes",,,"No",,"$0","$0","$0",,"$0","$0","$0","$0",,"$0","-97.646188","30.30841"
"144","5195","Scenic Point Phase II","Austin Habitat for Humantiy","Austin Habitat for Humanity","6308 Farrell Glen Drive","78724","0221330731","1","Single Family","Ownership","Project Completed","1","1","0","0","0","0","0","0","0","0","0","1","0","0","12-10-2025","12-10-2065","40",,,,"OHDA","No","Yes","Yes",,,"No",,"$0","$0","$0",,"$0","$0","$0","$0",,"$0","-97.646342","30.308537"
"144","5196","Scenic Point Phase II","Austin Habitat for Humantiy","Austin Habitat for Humanity","6304 Farrell Glen Drive","78724","0221330732","1","Single Family","Ownership","Project Completed","1","1","0","0","0","0","0","0","0","0","0","1","0","0","11-18-2025","11-18-2065","40",,,,"OHDA","No","Yes","Yes",,,"No",,"$0","$0","$0",,"$0","$0","$0","$0",,"$0","-97.646597","30.308507"
"144","5197","Scenic Point Phase II","Austin Habitat for Humantiy","Austin Habitat for Humanity","6300 Farrell Glen Drive","78724","0221330733","1","Single Family","Ownership","Project Completed","1","1","0","0","0","0","0","0","0","0","0","1","0","0","03-29-2023","03-29-2122","99",,,,"OHDA","No","No","Yes",,,"No",,"$0","$0","$0",,"$0","$0","$0","$0",,"$0","-97.646731","30.308343"
"144","5198","Scenic Point Phase II","Austin Habitat for Humantiy","Austin Habitat for Humanity","6301 Farrell Glen Drive","78724","0221330734","1","Single Family","Ownership","Project Completed","1","1","0","0","0","0","0","0","0","0","0","1","0","0","02-06-2020","02-06-2119","99",,,,"OHDA","No","No","Yes",,,"No",,"$0","$0","$0",,"$0","$0","$0","$0",,"$0","-97.646779","30.308202"
"144","5199","Scenic Point Phase II","Austin Habitat for Humantiy","Austin Habitat for Humanity","6305 Farrell Glen Drive","78724","0221330735","1","Single Family","Ownership","Project Completed","1","1","0","0","0","0","0","0","0","0","0","1","0","0","03-27-2023","03-27-2122","99",,,,"OHDA","No","No","Yes",,,"No",,"$0","$0","$0",,"$0","$0","$0","$0",,"$0","-97.646843","30.308065"
"144","5200","Scenic Point Phase II","Austin Habitat for Humantiy","Austin Habitat for Humanity","6309 Farrell Glen Drive","78724","0221330736","1","Single Family","Ownership","Project Completed","1","1","0","0","0","0","0","0","0","0","0","1","0","0","08-29-2023","08-29-2122","99",,,,"OHDA","No","Yes","Yes",,,"No",,"$0","$0","$0",,"$0","$0","$0","$0",,"$0","-97.646779","30.307837"
"144","5201","Scenic Point Phase II","Austin Habitat for Humantiy","Austin Habitat for Humanity","6313 Farrell Glen Drive","78724","0221330737","1","Single Family","Ownership","Project Completed","1","1","0","0","0","0","0","0","0","0","0","1","0","0","05-06-2021","05-06-2120","99",,,,"OHDA","No","No","Yes",,,"No",,"$0","$0","$0",,"$0","$0","$0","$0",,"$0","-97.646469","30.307729"
"144","5202","Scenic Point Phase II","Austin Habitat for Humantiy","Austin Habitat for Humanity","6317 Farrell Glen Drive","78724","0221330738","1","Single Family","Ownership","Project Completed","1","1","0","0","0","0","0","0","0","0","0","1","0","0","09-30-2021","09-30-2120","99",,,,"OHDA","No","No","Yes",,,"No",,"$0","$0","$0",,"$0","$0","$0","$0",,"$0","-97.646366","30.30791"
"144","5203","Scenic Point Phase II","Austin Habitat for Humantiy","Austin Habitat for Humanity","6401 Farrell Glen Drive","78724","0221330739","1","Single Family","Ownership","Project Completed","1","1","0","0","0","0","0","0","0","0","0","1","0","0","07-08-2021","07-08-2120","99",,,,"OHDA","No","No","Yes",,,"No",,"$0","$0","$0",,"$0","$0","$0","$0",,"$0","-97.646172","30.307762"
"144","5204","Scenic Point Phase II","Austin Habitat for Humantiy","Austin Habitat for Humanity","6405 Farrell Glen Drive","78724","0221330740","1","Single Family","Ownership","Project Completed","1","1","0","0","0","0","0","0","0","0","0","1","0","0","04-22-2022","04-22-2121","99",,,,"OHDA","No","No","Yes",,,"No",,"$0","$0","$0",,"$0","$0","$0","$0",,"$0","-97.646014","30.307745"
"144","5205","Scenic Point Phase II","Austin Habitat for Humantiy","Austin Habitat for Humanity","6409 Farrell Glen Drive","78724","0221330741","1","Single Family","Ownership","Project Completed","1","1","0","0","0","0","0","0","0","0","0","1","0","0","06-17-2022","06-17-2121","99",,,,"OHDA","No","No","Yes",,,"No",,"$0","$0","$0",,"$0","$0","$0","$0",,"$0","-97.645855","30.307733"
"144","5206","Scenic Point Phase II","Austin Habitat for Humantiy","Austin Habitat for Humanity","6413 Farrell Glen Drive","78724","0221330742","1","Single Family","Ownership","Project Completed","1","1","0","0","0","0","0","0","0","0","0","1","0","0","10-04-2022","10-04-2121","99",,,,"OHDA","No","No","Yes",,,"No",,"$0","$0","$0",,"$0","$0","$0","$0",,"$0","-97.645694","30.307725"
"144","5207","Scenic Point Phase II","Austin Habitat for Humantiy","Austin Habitat for Humanity","7220 Zachary Drive","78724","0221330743","1","Single Family","Ownership","Project Completed","1","1","0","0","0","0","0","0","0","0","0","1","0","0","03-30-2023","03-30-2122","99",,,,"OHDA","No","No","Yes",,,"No",,"$0","$0","$0",,"$0","$0","$0","$0",,"$0","-97.645418","30.307782"
"144","5208","Scenic Point Phase II","Austin Habitat for Humantiy","Austin Habitat for Humanity","7216 Zachary Drive","78724","0221330744","1","Single Family","Ownership","Project Completed","1","1","0","0","0","0","0","0","0","0","0","1","0","0","02-27-2024","02-27-2123","99",,,,"OHDA","No","No","Yes",,,"No",,"$0","$0","$0",,"$0","$0","$0","$0",,"$0","-97.645512","30.307596"
"144","5209","Scenic Point Phase II","Austin Habitat for Humantiy","Austin Habitat for Humanity","7212 Zachary Drive","78724","0221330745","1","Single Family","Ownership","Project Completed","1","1","0","0","0","0","0","0","0","0","0","1","0","0","01-31-2025","01-31-2124","99",,,,"OHDA","No","No","Yes",,,"No",,"$0","$0","$0",,"$0","$0","$0","$0",,"$0","-97.645642","30.307451"
"144","5210","Scenic Point Phase II","Austin Habitat for Humantiy","Austin Habitat for Humanity","7208 Zachary Drive","78724","0221330746","1","Single Family","Ownership","Project Completed","1","1","0","0","0","0","0","0","0","0","0","1","0","0","03-26-2025","03-26-2124","99",,,,"OHDA","No","No","Yes",,,"No",,"$0","$0","$0",,"$0","$0","$0","$0",,"$0","-97.645725","30.307337"
"144","5211","Scenic Point Phase II","Austin Habitat for Humantiy","Austin Habitat for Humanity","7104 Zachary Drive","78724","0221330749","1","Single Family","Ownership","Project Completed","1","1","0","0","0","0","0","0","0","0","0","1","0","0","03-25-2021","03-25-2120","99",,,,"OHDA","No","No","Yes",,,"No",,"$0","$0","$0",,"$0","$0","$0","$0",,"$0","-97.646252","30.306434"
"144","5212","Scenic Point Phase II","Austin Habitat for Humantiy","Austin Habitat for Humanity","7100 Zachary Drive","78724","0221330750","1","Single Family","Ownership","Project Completed","1","1","0","0","0","0","0","0","0","0","0","1","0","0","10-25-2022","10-25-2121","99",,,,"OHDA","No","No","Yes",,,"No",,"$0","$0","$0",,"$0","$0","$0","$0",,"$0","-97.64642","30.30627"
"144","5213","Scenic Point Phase II","Austin Habitat for Humantiy","Austin Habitat for Humanity","7020 Zachary Drive","78724","0221330751","1","Single Family","Ownership","Project Completed","1","1","0","0","0","0","0","0","0","0","0","1","0","0","09-22-2020","09-22-2119","99",,,,"OHDA","No","No","Yes",,,"No",,"$0","$0","$0",,"$0","$0","$0","$0",,"$0","-97.646485","30.306147"
"144","5214","Scenic Point Phase II","Austin Habitat for Humantiy","Austin Habitat for Humanity","7016 Zachary Drive","78721","0221330752","1","Single Family","Ownership","Project Completed","1","1","0","0","0","0","0","0","0","0","0","1","0","0","03-31-2021","03-31-2120","99",,,,"OHDA","No","No","Yes",,,"No",,"$0","$0","$0",,"$0","$0","$0","$0",,"$0","-97.646563","30.306027"
"144","5215","Scenic Point Phase II","Austin Habitat for Humantiy","Austin Habitat for Humanity","7012 Zachary Drive","78724","0221330753","1","Single Family","Ownership","Project Completed","1","1","0","0","0","0","0","0","0","0","0","1","0","0","03-27-2020","03-27-2119","99",,,,"OHDA","No","No","Yes",,,"No",,"$0","$0","$0",,"$0","$0","$0","$0",,"$0","-97.646642","30.305908"
"144","5216","Scenic Point Phase II","Austin Habitat for Humantiy","Austin Habitat for Humanity","7232 Boyle Drive","78724","0221331001","1","Single Family","Ownership","Project Completed","1","1","0","0","0","0","0","0","0","0","0","1","0","0","06-16-2022","06-16-2121","99",,,,"OHDA","No","No","Yes",,,"No",,"$0","$0","$0",,"$0","$0","$0","$0",,"$0","-97.644616","30.307445"
"144","5217","Scenic Point Phase II","Austin Habitat for Humantiy","Austin Habitat for Humanity","7228 Boyle Drive","78724","0221331002","1","Single Family","Ownership","Project Completed","1","1","0","0","0","0","0","0","0","0","0","1","0","0","04-25-2019","04-25-2118","99",,,,"OHDA","No","No","Yes",,,"No",,"$0","$0","$0",,"$0","$0","$0","$0",,"$0","-97.644703","30.307311"
"144","5218","Scenic Point Phase II","Austin Habitat for Humantiy","Austin Habitat for Humanity","7224 Boyle Drive","78724","0221331003","1","Single Family","Ownership","Project Completed","1","1","0","0","0","0","0","0","0","0","0","1","0","0","06-19-2019","06-19-2118","99",,,,"OHDA","No","No","Yes",,,"No",,"$0","$0","$0",,"$0","$0","$0","$0",,"$0","-97.644774","30.307203"
"144","5219","Scenic Point Phase II","Austin Habitat for Humantiy","Austin Habitat for Humanity","7220 Boyle Drive","78724","0221331004","1","Single Family","Ownership","Project Completed","1","1","0","0","0","0","0","0","0","0","0","1","0","0","09-06-2019","09-06-2118","99",,,,"OHDA","No","No","Yes",,,"No",,"$0","$0","$0",,"$0","$0","$0","$0",,"$0","-97.644844","30.307096"
"144","5220","Scenic Point Phase II","Austin Habitat for Humantiy","Austin Habitat for Humanity","7216 Boyle Drive","78724","0221331005","1","Single Family","Ownership","Project Completed","1","1","0","0","0","0","0","0","0","0","0","1","0","0","05-21-2019","05-21-2118","99",,,,"OHDA","No","No","Yes",,,"No",,"$0","$0","$0",,"$0","$0","$0","$0",,"$0","-97.644914","30.306988"
"144","5221","Scenic Point Phase II","Austin Habitat for Humantiy","Austin Habitat for Humanity","7212 Boyle Drive","78724","0221331006","1","Single Family","Ownership","Project Completed","1","1","0","0","0","0","0","0","0","0","0","1","0","0","05-21-2019","05-21-2118","99",,,,"OHDA","No","No","Yes",,,"No",,"$0","$0","$0",,"$0","$0","$0","$0",,"$0","-97.644985","30.306881"
"144","5222","Scenic Point Phase II","Austin Habitat for Humantiy","Austin Habitat for Humanity","7208 Boyle Drive","78724","0221331007","1","Single Family","Ownership","Project Completed","1","1","0","0","0","0","0","0","0","0","0","1","0","0","06-18-2018","06-18-2117","99",,,,"OHDA","No","No","Yes",,,"No",,"$0","$0","$0",,"$0","$0","$0","$0",,"$0","-97.645055","30.306773"
"144","5223","Scenic Point Phase II","Austin Habitat for Humantiy","Austin Habitat for Humanity","7204 Boyle Drive","78724","0221331008","1","Single Family","Ownership","Project Completed","1","1","0","0","0","0","0","0","0","0","0","1","0","0","06-18-2018","06-18-2117","99",,,,"OHDA","No","No","Yes",,,"No",,"$0","$0","$0",,"$0","$0","$0","$0",,"$0","-97.645126","30.306665"
"144","5224","Scenic Point Phase II","Austin Habitat for Humantiy","Austin Habitat for Humanity","7013 Zachary Drive","78724","0221331026","1","Single Family","Ownership","Project Completed","1","1","0","0","0","0","0","0","0","0","0","1","0","0","06-04-2020","06-04-2119","99",,,,"OHDA","No","No","Yes",,,"No",,"$0","$0","$0",,"$0","$0","$0","$0",,"$0","-97.646231","30.305645"
"144","5225","Scenic Point Phase II","Austin Habitat for Humantiy","Austin Habitat for Humanity","7017 Zachary Drive","78724","0221331027","1","Single Family","Ownership","Project Completed","1","1","0","0","0","0","0","0","0","0","0","1","0","0","08-26-2021","08-26-2120","99",,,,"OHDA","No","No","Yes",,,"No",,"$0","$0","$0",,"$0","$0","$0","$0",,"$0","-97.64616","30.305752"
"144","5226","Scenic Point Phase II","Austin Habitat for Humantiy","Austin Habitat for Humanity","7021 Zachary Drive","78724","0221331028","1","Single Family","Ownership","Project Completed","1","1","0","0","0","0","0","0","0","0","0","1","0","0","03-23-2021","03-23-2120","99",,,,"OHDA","No","No","Yes",,,"No",,"$0","$0","$0",,"$0","$0","$0","$0",,"$0","-97.64609","30.30586"
"144","5227","Scenic Point Phase II","Austin Habitat for Humantiy","Austin Habitat for Humanity","7025 Zachary Drive","78724","0221331029","1","Single Family","Ownership","Project Completed","1","1","0","0","0","0","0","0","0","0","0","1","0","0","05-29-2020","05-29-2119","99",,,,"OHDA","No","No","Yes",,,"No",,"$0","$0","$0",,"$0","$0","$0","$0",,"$0","-97.64602","30.305968"
"144","5228","Scenic Point Phase II","Austin Habitat for Humantiy","Austin Habitat for Humanity","7101 Zachary Drive","78724","0221331030","1","Single Family","Ownership","Project Completed","1","1","0","0","0","0","0","0","0","0","0","1","0","0","07-14-2022","07-14-2121","99",,,,"OHDA","No","No","Yes",,,"No",,"$0","$0","$0",,"$0","$0","$0","$0",,"$0","-97.645949","30.306075"
"144","5229","Scenic Point Phase II","Austin Habitat for Humantiy","Austin Habitat for Humanity","7105 Zachary Drive","78724","0221331031","1","Single Family","Ownership","Project Completed","1","1","0","0","0","0","0","0","0","0","0","1","0","0","03-30-2021","03-30-2120","99",,,,"OHDA","No","No","Yes",,,"No",,"$0","$0","$0",,"$0","$0","$0","$0",,"$0","-97.645879","30.306183"
"144","5230","Scenic Point Phase II","Austin Habitat for Humantiy","Austin Habitat for Humanity","7109 Zachary Drive","78724","0221331032","1","Single Family","Ownership","Project Completed","1","1","0","0","0","0","0","0","0","0","0","1","0","0","09-23-2021","09-23-2120","99",,,,"OHDA","No","No","Yes",,,"No",,"$0","$0","$0",,"$0","$0","$0","$0",,"$0","-97.645808","30.30629"
"144","5231","Scenic Point Phase II","Austin Habitat for Humantiy","Austin Habitat for Humanity","7113 Zachary Drive","78724","0221331033","1","Single Family","Ownership","Project Completed","1","1","0","0","0","0","0","0","0","0","0","1","0","0","03-24-2023","03-24-2122","99",,,,"OHDA","No","No","Yes",,,"No",,"$0","$0","$0",,"$0","$0","$0","$0",,"$0","-97.645738","30.306398"
"144","5232","Scenic Point Phase II","Austin Habitat for Humantiy","Austin Habitat for Humanity","7117 Zachary Drive","78724","0221331034","1","Single Family","Ownership","Project Completed","1","1","0","0","0","0","0","0","0","0","0","1","0","0","04-06-2023","04-06-2122","99",,,,"OHDA","No","No","Yes",,,"No",,"$0","$0","$0",,"$0","$0","$0","$0",,"$0","-97.645668","30.306506"
"144","5233","Scenic Point Phase II","Austin Habitat for Humantiy","Austin Habitat for Humanity","7121 Zachary Drive","78724","0221331035","1","Single Family","Ownership","Project Completed","1","1","0","0","0","0","0","0","0","0","0","1","0","0","03-23-2023","03-23-2122","99",,,,"OHDA","No","No","Yes",,,"No",,"$0","$0","$0",,"$0","$0","$0","$0",,"$0","-97.645597","30.306613"
"144","5234","Scenic Point Phase II","Austin Habitat for Humantiy","Austin Habitat for Humanity","7125 Zachary Drive","78724","0221331036","1","Single Family","Ownership","Project Completed","1","1","0","0","0","0","0","0","0","0","0","1","0","0","04-15-2022","04-15-2121","99",,,,"OHDA","No","No","Yes",,,"No",,"$0","$0","$0",,"$0","$0","$0","$0",,"$0","-97.645527","30.306721"
"144","5235","Scenic Point Phase II","Austin Habitat for Humantiy","Austin Habitat for Humanity","7129 Zachary Drive","78724","0221331037","1","Single Family","Ownership","Project Completed","1","1","0","0","0","0","0","0","0","0","0","1","0","0","05-27-2022","05-27-2121","99",,,,"OHDA","No","No","Yes",,,"No",,"$0","$0","$0",,"$0","$0","$0","$0",,"$0","-97.645456","30.306828"
"144","5236","Scenic Point Phase II","Austin Habitat for Humantiy","Austin Habitat for Humanity","7201 Zachary Drive","78724","0221331038","1","Single Family","Ownership","Project Completed","1","1","0","0","0","0","0","0","0","0","0","1","0","0","06-23-2021","06-23-2120","99",,,,"OHDA","No","No","Yes",,,"No",,"$0","$0","$0",,"$0","$0","$0","$0",,"$0","-97.645386","30.306936"
"144","5237","Scenic Point Phase II","Austin Habitat for Humantiy","Austin Habitat for Humanity","7205 Zachary Drive","78724","0221331039","1","Single Family","Ownership","Project Completed","1","1","0","0","0","0","0","0","0","0","0","1","0","0","07-19-2019","07-19-2118","99",,,,"OHDA","No","No","Yes",,,"No",,"$0","$0","$0",,"$0","$0","$0","$0",,"$0","-97.645315","30.307044"
"144","5238","Scenic Point Phase II","Austin Habitat for Humantiy","Austin Habitat for Humanity","7209 Zachary Drive","78724","0221331040","1","Single Family","Ownership","Project Completed","1","1","0","0","0","0","0","0","0","0","0","1","0","0","06-19-2019","06-19-2118","99",,,,"OHDA","No","No","Yes",,,"No",,"$0","$0","$0",,"$0","$0","$0","$0",,"$0","-97.645245","30.307151"
"144","5239","Scenic Point Phase II","Austin Habitat for Humantiy","Austin Habitat for Humanity","7213 Zachary Drive","78724","0221331041","1","Single Family","Ownership","Project Completed","1","1","0","0","0","0","0","0","0","0","0","1","0","0","03-27-2020","03-27-2119","99",,,,"OHDA","No","No","Yes",,,"No",,"$0","$0","$0",,"$0","$0","$0","$0",,"$0","-97.645175","30.307259"
"144","5240","Scenic Point Phase II","Austin Habitat for Humantiy","Austin Habitat for Humanity","7217 Zachary Drive","78724","0221331042","1","Single Family","Ownership","Project Completed","1","1","0","0","0","0","0","0","0","0","0","1","0","0","05-15-2019","05-15-2118","99",,,,"OHDA","No","No","Yes",,,"No",,"$0","$0","$0",,"$0","$0","$0","$0",,"$0","-97.645104","30.307366"
"144","5241","Scenic Point Phase II","Austin Habitat for Humantiy","Austin Habitat for Humanity","7221 Zachary Drive","78724","0221331043","1","Single Family","Ownership","Project Completed","1","1","0","0","0","0","0","0","0","0","0","1","0","0","06-21-2019","06-21-2118","99",,,,"OHDA","No","No","Yes",,,"No",,"$0","$0","$0",,"$0","$0","$0","$0",,"$0","-97.645034","30.307474"
"144","5242","Scenic Point Phase II","Austin Habitat for Humantiy","Austin Habitat for Humanity","7225 Zachary Drive","78724","0221331044","1","Single Family","Ownership","Project Completed","1","1","0","0","0","0","0","0","0","0","0","1","0","0","04-21-2022","04-21-2121","99",,,,"OHDA","No","No","Yes",,,"No",,"$0","$0","$0",,"$0","$0","$0","$0",,"$0","-97.644945","30.307604"
"337","5417","The Lady Bird fka RBJ Wrap","Southwest Strategies Group Momark Development and Austin Geriatric Center","Unknown","21 Waller St","78702","0200050501","3","Multifamily","Rental","Project Completed","279","246","34","5","0","18","0","72","156","0","0","0","0","0","07-19-2018","07-19-2058","40",,,,"RHDA","No","No","Yes",,,"No",,"$0","$5,824,445","$0",,"$0","$654,555","$0","$679,555",,"$7,158,555","-97.733152","30.253439"
"620","5470","AHFC - SF","Austin Housing Finance Corporation","Unknown","7212 Providence Avenue","78752","0228170103","4","Single Family","Rental","Project Completed","1","1","0","0","0","0","0","0","0","0","0","1","0","0","12-26-2012","12-26-2027","15",,,,"RHDA","No","No","No",,,"No",,"$0","$0","$0",,"$0","$0","$0","$0",,"$0","-97.696935","30.330556"
"621","5471","AHFC - SF","Austin Housing Finance Corporation","Unknown","2008 E 10th Street","78702","0205080510","1","Single Family","Rental","Project Completed","1","1","0","0","0","0","0","0","1","0","0","0","0","0","01-01-2013","01-01-2112","99",,,,"RHDA","No","No","No",,,"No",,"$0","$0","$0",,"$0","$0","$0","$0",,"$0","-97.71899","30.264686"
"637","5510","Roosevelt Gardens","Project Transitions Inc","Project Transitions Inc","5606 Roosevelt Avenue","78756","0228060823","7","Multifamily","Rental","Project Completed","40","40","0","40","0","0","0","40","0","0","0","0","0","0","07-26-2022","07-26-2062","40",,,,"RHDA","No","Yes","Yes",,,"No",,,,"$5,209,925",,,,,,,"$5,209,925","-97.73246","30.32791"
"12","5514","809 San Marcos Street","Guadalupe Neighborhood Development Corporation","Guadalupe Neighborhood Development Corporation","809 San Marcos Street","78702","0206051017","1","Single Family","Ownership","Project Completed","1","1","0","0","0","0","0","0","0","0","0","1","0","0","08-18-2023","08-18-2122","99",,,,"OHDA","No","No","Yes",,,"No",,"$0","$0","$0",,"$0","$0","$0","$0",,"$0","-97.731249","30.26724647"
"641","5517","1008 Brass Street","Guadalupe Neighborhood Development Corporation","Guadalupe Neighborhood Development Corporation","1008 Brass Street","78702","0","3","Single Family","Ownership","Project Completed","1","1","0","0","0","0","0","1","0","0","0","0","0","0","11-13-2023","11-13-2122","99",,,,"OHDA","No","No","Yes",,,"No",,"$0","$0","$0",,"$0","$0","$0","$0",,"$0","-97.704386","30.26437"
"641","5518","1008 Brass Street (ADU)","Guadalupe Neighborhood Development Corporation","Guadalupe Neighborhood Development Corporation","1008-2 Brass Street","78702","0","3","ADU","Ownership","Project Completed","1","1","0","0","0","0","0","1","0","0","0","1","0","0","11-13-2023","11-13-2122","99",,,,"RHDA","No","No","Yes",,,"No",,"$0","$0","$0",,"$0","$0","$0","$0",,"$0","-97.704386","30.26437"
"641","5519","1113 E 9th St (Duplex)","Guadalupe Neighborhood Development Corporation","Guadalupe Neighborhood Development Corporation","1113 E 9th St","78702","0205070318","1","Duplex","Rental","Project Completed","2","2","0","0","0","1","0","0","0","0","0","1","0","0","07-29-2022","07-29-2121","99",,,,"RHDA","No","Yes","Yes",,,"No",,"$0","$0","$0",,"$0","$0","$181,705","$0",,"$0","-97.728787","30.26678"
"641","5520","810 Lydia Street (ADU)","Guadalupe Neighborhood Development Corporation","Guadalupe Neighborhood Development Corporation","810 Lydia Street","78702","0205070319","1","ADU","Rental","Project Completed","1","1","0","0","0","0","0","1","0","0","0","0","0","0","07-29-2022","07-29-2121","99",,,,"RHDA","No","Yes","Yes",,,"No",,"$0","$0","$0",,"$0","$0","$272,794","$0",,"$0","-97.728694","30.266541"
"661","5577","3000 Funston Street","Austin Housing Finance Corporation","Austin Housing Finance Corporation","3000 Funston Street","78703","0118020308","10","Single Family","Ownership","Certified","1","1","0","0","0","0","0","0","0","0","0","1","0","0",,"12-30-1998","99",,,,"OHDA","No","Yes","Yes",,,"No",,"$0","$0","$0",,"$0","$0","$0","$0",,"$0","-97.757881","30.304116"
"668","5587","Croslin Court Condominiums - Phase I","Jese Real Estate LLC","Jese Real Estate LLC","300 E Croslin Street","78752","0231141801","4","Multifamily","Ownership","Under Construction","21","17","0","0","0","0","0","0","0","0","0","17","0","0","05-07-2021","05-07-2120","99",,,,"OHDA","No","No","No",,,"No",,"$0","$0","$0",,"$0","$0","$300,000","$0",,"$0","-97.707007","30.336522"
"675","5605","Capital A Condominiums at Lamppost Lane","Parmer Housing LLC","Parmer Housing LLC","12500 Lamppost Lane","78727","0262162001","7","Multifamily","Ownership","Project Completed","17","17","0","0","0","0","0","0","0","0","0","17","0","0","05-16-2022","05-16-2121","99",,,,"OHDA","No","Yes","Yes",,,"No",,"$0","$0","$1,391,927",,"$0","$0","$0","$0",,"$1,391,927","-97.69468","30.41643"
"677","5612","6711 Porter Street","Guadalupe Neighborhood Development Corporation","Guadalupe Neighborhood Development Corporation","6711 Porter","78704","0308160115","3","Single Family","Ownership","Project Completed","2","2","0","0","0","0","0","0","1","0","0","1","0","0","06-21-2023","06-21-2122","99",,,,"OHDA","No","Yes","Yes",,,"No",,"$0","$0","$0",,"$240,000","$0","$0","$0",,"$0","-97.69479","30.22945"
"335","5670","Father Joe Znotas Phase V Tillery","Guadalupe Neighborhood Development Corporation","Guadalupe Neighborhood Development Corporation","1126 Tillery Street","78702","0","3","Single Family","Ownership","Project Completed","1","1","0","0","0","0","0","0","0","0","0","1","0","0","11-10-2024","11-10-2123","99",,,,"OHDA","No","No","Yes",,,"No",,"$0","$0","$0",,"$0","$0","$0","$0",,"$0","-97.70136","30.26833"
"668","5685","Croslin Court Condominiums - Phase II","Jese Real Estate LLC","Jese Real Estate LLC","300 E Croslin Street","78752","0231141801","4","Multifamily","Ownership","Certified","7","7","0","0","0","0","0","0","0","0","0","7","0","0",,"12-30-1998","99",,,,"OHDA","No","Yes","Yes",,,"No",,"$0","$0","$0",,"$0","$0","$300,000","$0",,"$0","-97.7071","30.33656"
"335","5707","3104 Father Joe Znotas Street","Guadalupe Neighborhood Development Corporation","Guadalupe Neighborhood Development Corporation","3104 Father Joe Znotas Street","78702","0207140343","3","Single Family","Ownership","Project Completed","1","1","0","0","0","0","0","0","0","0","0","1","0","0","09-03-2020","09-03-2035","15",,,,"OHDA","No","No","Yes",,,"No",,"$0","$0","$0",,"$0","$0","$123,520","$0",,"$0","-97.70186","30.26889"
"752","5722","Angelina + 12th Condominiums","1322 East 12th Ltd","1322 East 12th Ltd","1322 E 12th Street Unit 301","78702","0207282001","1","Multifamily","Ownership","Project Completed","1","1","0","0","0","0","0","0","0","0","0","1","0","0","06-12-2020","06-12-2060","40",,,,"OHDA","No","No","No",,,"No",,"$0","$0","$0",,"$0","$0","$0","$0",,"$0","-97.72562","30.27303"
"752","5723","Angelina + 12th Condominiums","1322 East 12th Ltd","1322 East 12th Ltd","1322 E 12th Street Unit 201","78702","0207282001","1","Multifamily","Ownership","Project Completed","1","1","0","0","0","0","0","0","0","0","0","1","0","0","08-19-2020","08-19-2060","40",,,,"OHDA","No","No","No",,,"No",,"$0","$0","$0",,"$0","$0","$0","$0",,"$0","-97.72562","30.27303"
"347","5729","Muskin Company -30  SF - Section 11 (RMMA MDA)","Catellus Austin LLC","Catellus Austin LLC","Multiple Addresses","78723",,"9","Single Family","Ownership","Project Completed","30","0","0","0","0","0","0","0","0","0","0","0","0","0",,"12-30-3799","0",,,,"OHDA","No","No","Yes",,,"No",,"$0","$0","$0",,"$0","$0","$0","$0",,"$0","-97.69492","30.29099"
"760","5737","1021 E. St Johns","Talia at E St Johns LLC","Capital A","1021 E St Johns","78752","0","4","Single Family","Ownership","Project Completed","6","3","0.0","0","0","0","0","0","0","0","0","3","0","0","04-25-2024","04-25-2123","99",,,,"OHDA","No","Yes","Yes",,,"No",,,,"$393,000",,,,,,,"$393,000","-97.69779","30.32964"
"347","5748","David Weekley - SF - Section 11 (RMMA MDA)","Catellus Austin LLC","Catellus Austin LLC","Multiple Addresses","78723","0","9","Single Family","Ownership","Affordability Period Expired","179","57","0.0","0","0","0","0","0","0","0","0","57","0","0","10-25-2023","10-25-2024","1",,,,"OHDA","No","No","Yes",,,"No",,"$0","$0","$0",,"$0","$0","$0","$0",,"$0","-97.69381454","30.29119033"
"335","5756","3020 Father Joe Znotas Street","Guadalupe Neighborhood Development Corporation","Guadalupe Neighborhood Development Corporation","3020 Father Joe Znotas Street","78702","0207140346","3","Single Family","Ownership","Project Completed","1","1","0.0","0","0","0","0","0","0","0","0","1","0","0","02-05-2019","02-05-2034","15",,,,"OHDA","No","No","Yes",,,"No",,"$0","$0","$0",,"$0","$0","$92,500","$0",,"$0","-97.702217","30.268999"
"335","5758","3021 Father Joe Znotas Street","Guadalupe Neighborhood Development Corporation","Guadalupe Neighborhood Development Corporation","3021 Father Joe Znotas Street","78702","0207140357","3","Single Family","Ownership","Project Completed","1","1","0.0","0","0","0","0","0","0","0","0","1","0","0","11-08-2018","11-08-2033","15",,,,"OHDA","No","No","Yes",,,"No",,"$0","$0","$0",,"$0","$0","$92,500","$0",,"$0","-97.702353","30.268705"
"335","5760","3100 Father Joe Znotas Street","Guadalupe Neighborhood Development Corporation","Guadalupe Neighborhood Development Corporation","3100 Father Joe Znotas Street","78702","0207140344","3","Single Family","Ownership","Project Completed","1","1","0.0","0","0","0","0","0","0","0","0","1","0","0","11-08-2018","11-08-2033","15",,,,"OHDA","No","No","Yes",,,"No",,"$0","$0","$0",,"$0","$0","$92,500","$0",,"$0","-97.70198","30.26894"
"335","5761","3101 Father Joe Znotas Street","Guadalupe Neighborhood Development Corporation","Guadalupe Neighborhood Development Corporation","3101 Father Joe Znotas Street","78702","0207140359","3","Single Family","Ownership","Project Completed","1","1","0.0","0","0","0","0","0","0","0","0","1","0","0","11-08-2018","11-08-2033","15",,,,"OHDA","No","No","Yes",,,"No",,"$0","$0","$0",,"$0","$0","$92,500","$0",,"$0","-97.70212","30.26864"
"668","5768","Croslin Court Condominiums","Jese Real Estate LLC","Jese Real Estate LLC","300 E Croslin St Unit 101","78752","0231141801","4","Multifamily","Ownership","Project Completed","1","1","0.0","0","0","0","0","0","0","0","0","1","0","0","12-18-2020","12-18-2119","99",,,,"OHDA","No","No","No",,,"No",,"$0","$0","$0",,"$0","$0","$0","$29,908.61",,"$29,908.61","-97.7071","30.33656"
"668","5769","Croslin Court Condominiums","Jese Real Estate LLC","Jese Real Estate LLC","300 E Croslin St Unit 102","78752","0231141801","4","Multifamily","Ownership","Project Completed","1","1","0.0","0","0","0","0","0","0","0","0","1","0","0","03-03-2020","03-03-2119","99",,,,"OHDA","No","No","No",,,"No",,"$0","$0","$0",,"$0","$0","$0","$29,908.61",,"$29,908.61","-97.7071","30.33656"
"668","5770","Croslin Court Condominiums","Jese Real Estate LLC","Jese Real Estate LLC","300 E Croslin St Unit 103","78752","0231141801","4","Multifamily","Ownership","Project Completed","1","1","0.0","0","0","0","0","0","0","0","0","1","0","0","01-12-2020","01-12-2119","99",,,,"OHDA","No","No","No",,,"No",,"$0","$0","$0",,"$0","$0","$0","$29,908.61",,"$29,908.61","-97.7071","30.33656"
"668","5771","Croslin Court Condominiums","Jese Real Estate LLC","Jese Real Estate LLC","300 E Croslin St Unit 105","78752","0231141801","4","Multifamily","Ownership","Project Completed","1","1","0.0","0","0","0","0","0","0","0","0","1","0","0","10-01-2019","10-01-2118","99",,,,"OHDA","No","No","No",,,"No",,"$0","$0","$0",,"$0","$0","$0","$29,908.61",,"$29,908.61","-97.7071","30.33656"
"668","5772","Croslin Court Condominiums","Jese Real Estate LLC","Jese Real Estate LLC","300 E Croslin St Unit 107","78752","0231141801","4","Multifamily","Ownership","Project Completed","1","1","0.0","0","0","0","0","0","0","0","0","1","0","0","10-01-2019","10-01-2118","99",,,,"OHDA","No","No","No",,,"No",,"$0","$0","$0",,"$0","$0","$0","$29,908.61",,"$29,908.61","-97.7071","30.33656"
"668","5773","Croslin Court Condominiums","Jese Real Estate LLC","Jese Real Estate LLC","300 E Croslin St Unit 108","78752","0231141801","4","Multifamily","Ownership","Project Completed","1","1","0.0","0","0","0","0","0","0","0","0","1","0","0","02-21-2020","02-21-2119","99",,,,"OHDA","No","No","No",,,"No",,"$0","$0","$0",,"$0","$0","$0","$29,908.61",,"$29,908.61","-97.7071","30.33656"
"668","5774","Croslin Court Condominiums","Jese Real Estate LLC","Jese Real Estate LLC","300 E Croslin St Unit 109","78752","0231141801","4","Multifamily","Ownership","Project Completed","1","1","0.0","0","0","0","0","0","0","0","0","1","0","0","11-20-2020","11-20-2119","99",,,,"OHDA","No","No","No",,,"No",,"$0","$0","$0",,"$0","$0","$0","$29,908.61",,"$29,908.61","-97.7071","30.33656"
"668","5775","Croslin Court Condominiums","Jese Real Estate LLC","Jese Real Estate LLC","300 E Croslin St Unit 110","78752","0231141801","4","Multifamily","Ownership","Project Completed","1","1","0.0","0","0","0","0","0","0","0","0","1","0","0","05-10-2021","05-10-2120","99",,,,"OHDA","No","No","No",,,"No",,"$0","$0","$0",,"$0","$0","$0","$29,908.61",,"$29,908.61","-97.7071","30.33656"
"668","5776","Croslin Court Condominiums","Jese Real Estate LLC","Jese Real Estate LLC","300 E Croslin St Unit 112","78752","0231141801","4","Multifamily","Ownership","Project Completed","1","1","0.0","0","0","0","0","0","0","0","0","1","0","0","03-17-2019","03-17-2118","99",,,,"OHDA","No","No","No",,,"No",,"$0","$0","$0",,"$0","$0","$0","$29,908.61",,"$29,908.61","-97.7071","30.33656"
"668","5777","Croslin Court Condominiums","Jese Real Estate LLC","Jese Real Estate LLC","300 E Croslin St Unit 113","78752","0231141801","4","Multifamily","Ownership","Project Completed","1","1","0.0","0","0","0","0","0","0","0","0","1","0","0","06-25-2020","06-25-2119","99",,,,"OHDA","No","No","No",,,"No",,"$0","$0","$0",,"$0","$0","$0","$29,908.61",,"$29,908.61","-97.7071","30.33656"
"668","5778","Croslin Court Condominiums","Jese Real Estate LLC","Jese Real Estate LLC","300 E Croslin St Unit 114","78752","0231141801","4","Multifamily","Ownership","Project Completed","1","1","0.0","0","0","0","0","0","0","0","0","1","0","0","07-26-2019","07-26-2118","99",,,,"OHDA","No","No","No",,,"No",,"$0","$0","$0",,"$0","$0","$0","$29,908.61",,"$29,908.61","-97.7071","30.33656"
"668","5779","Croslin Court Condominiums","Jese Real Estate LLC","Jese Real Estate LLC","300 E Croslin St Unit 115","78752","0231141801","4","Multifamily","Ownership","Project Completed","1","1","0.0","0","0","0","0","0","0","0","0","1","0","0","02-28-2020","02-28-2119","99",,,,"OHDA","No","No","No",,,"No",,"$0","$0","$0",,"$0","$0","$0","$29,908.61",,"$29,908.61","-97.7071","30.33656"
"781","5781","Industry SoMa","1905 Keilbar LLC","Industry ATX","1905 Keilbar Lane","78745","0","5","Single Family","Ownership","Under Construction","23","23","0.0","0","0","0","0","0","0","0","0","23","0","0",,"12-30-1998","99",,,,"OHDA","No","Yes","Yes",,,"No",,,,"$2,930,087",,,,,,,"$2,930,087","-97.80998","30.19498"
"668","5787","Croslin Court Condominiums","Jese Real Estate LLC","Jese Real Estate LLC","300 E Croslin St Unit 117","78752","0231141801","4","Multifamily","Ownership","Project Completed","1","1","0.0","0","0","0","0","0","0","0","0","1","0","0","04-03-2020","04-03-2119","99",,,,"OHDA","No","No","No",,,"No",,"$0","$0","$0",,"$0","$0","$0","$0",,"$0","-97.7071","30.336559"
"668","5788","Croslin Court Condominiums","Jese Real Estate LLC","Jese Real Estate LLC","300 E Croslin St Unit 118","78752","0231141801","4","Multifamily","Ownership","Project Completed","1","1","0.0","0","0","0","0","0","0","0","0","1","0","0","02-12-2020","02-12-2119","99",,,,"OHDA","No","No","No",,,"No",,"$0","$0","$0",,"$0","$0","$0","$0",,"$0","-97.7071","30.336559"
"668","5789","Croslin Court Condominiums","Jese Real Estate LLC","Jese Real Estate LLC","300 E Croslin St Unit 119","78752","0231141801","4","Multifamily","Ownership","Project Completed","1","1","0.0","0","0","0","0","0","0","0","0","1","0","0","08-13-2019","08-13-2118","99",,,,"OHDA","No","No","No",,,"No",,"$0","$0","$0",,"$0","$0","$0","$0",,"$0","-97.7071","30.336559"
"668","5790","Croslin Court Condominiums","Jese Real Estate LLC","Jese Real Estate LLC","300 E Croslin St Unit 120","78752","0231141801","4","Multifamily","Ownership","Project Completed","1","1","0.0","0","0","0","0","0","0","0","0","1","0","0","05-01-2020","05-01-2119","99",,,,"OHDA","No","No","No",,,"No",,"$0","$0","$0",,"$0","$0","$0","$0",,"$0","-97.7071","30.336559"
"668","5792","Croslin Court Condominiums","Jese Real Estate LLC","Jese Real Estate LLC","300 E Croslin St Unit 122","78752","0231141801","4","Multifamily","Ownership","Under Construction","1","1","0.0","0","0","0","0","0","0","0","0","1","0","0",,"12-30-1998","99",,,,"OHDA","No","Yes","No",,,"No",,"$0","$0","$0",,"$0","$0","$0","$0",,"$0","-97.7071","30.336559"
"668","5793","Croslin Court Condominiums","Jese Real Estate LLC","Jese Real Estate LLC","300 E Croslin St Unit 121","78752","0231141801","4","Multifamily","Ownership","Under Construction","1","1","0.0","0","0","0","0","0","0","0","0","1","0","0",,"12-30-1998","99",,,,"OHDA","No","Yes","No",,,"No",,"$0","$0","$0",,"$0","$0","$0","$0",,"$0","-97.7071","30.336559"
"335","5823","3105 Father Joe Znotas","Guadalupe Neighborhood Development Corporation","Guadalupe Neighborhood Development Corporation","3105 Father Joe Znotas Street","78702","0207140360","3","Single Family","Ownership","Project Completed","1","1","0.0","0","0","0","0","0","0","0","0","1","0","0","09-02-2020","09-02-2119","99",,,,"OHDA","No","No","Yes",,,"No",,"$0","$0","$0",,"$0","$0","$0","$0",,"$0","-97.702178","30.268562"
"335","5824","3108 Father Joe Znotas","Guadalupe Neighborhood Development Corporation","Guadalupe Neighborhood Development Corporation","3108 Father Joe Znotas","78702","0207140342","3","Single Family","Ownership","Project Completed","1","1","0.0","0","0","0","0","0","0","0","0","1","0","0","11-20-2020","11-20-2035","15",,,,"OHDA","No","No","Yes",,,"No",,"$0","$0","$0",,"$0","$0","$0","$0",,"$0","-97.701758","30.268896"
"335","5825","3112 Father Joe Znotas Street","Guadalupe Neighborhood Development Corporation","Guadalupe Neighborhood Development Corporation","3112 Father Joe Znotas Street","78702","0207140341","3","Single Family","Ownership","Project Completed","1","1","0.0","0","0","0","0","0","0","0","0","1","0","0","09-03-2020","09-03-2035","15",,,,"OHDA","No","No","Yes",,,"No",,"$0","$0","$0",,"$0","$0","$0","$0",,"$0","-97.701636","30.268872"
"335","5826","3109 Father Joe Znotas Street","Guadalupe Neighborhood Development Corporation","Guadalupe Neighborhood Development Corporation","3109 Father Joe Znotas Street","78702","0207140361","3","Single Family","Ownership","Project Completed","1","1","0.0","0","0","0","0","0","0","0","0","1","0","0","08-07-2020","08-07-2035","15",,,,"OHDA","No","No","Yes",,,"No",,"$0","$0","$0",,"$0","$0","$0","$0",,"$0","-97.701937","30.2685"
"335","5827","3113 Father Joe Znotas Street","Guadalupe Neighborhood Development Corporation","Guadalupe Neighborhood Development Corporation","3113 Father Joe Znotas Street","78702","0207140362","3","Single Family","Ownership","Project Completed","1","1","0.0","0","0","0","0","0","0","0","0","1","0","0","09-04-2020","09-04-2035","15",,,,"OHDA","No","No","Yes",,,"No",,"$0","$0","$0",,"$0","$0","$0","$0",,"$0","-97.70183","30.268455"
"335","5828","3116 Father Joe Znotas Street","Guadalupe Neighborhood Development Corporation","Guadalupe Neighborhood Development Corporation","3116 Father Joe Znotas Street","78702","0207140340","3","Single Family","Ownership","Project Completed","1","1","0.0","0","0","0","0","0","0","0","0","1","0","0","03-09-2021","03-09-2036","15",,,,"OHDA","No","No","Yes",,,"No",,"$0","$0","$0",,"$0","$0","$0","$0",,"$0","-97.70152451","30.26877603"
"803","5834","12815 Magnolia Mound","Austin Housing Finance Corporation","Unknown","12815 Magnolia Mound Trail","78727","0170010733","6","Single Family","Ownership","Certified","1","1","0.0","0","0","0","0","0","0","0","0","1","0","0",,"12-30-3799","0",,,,"OHDA","No","No","No",,,"No",,"$0","$0","$0",,"$0","$0","$0","$0",,"$0","-97.74997","30.44013"
"803","5835","12817 Magnolia Mound","Austin Housing Finance Corporation","Unknown","12817 Magnolia Mound Trail","78727","0170010734","6","Single Family","Ownership","Certified","1","1","0.0","0","0","0","0","0","0","0","0","1","0","0",,"12-30-3799","0",,,,"OHDA","No","No","No",,,"No",,"$0","$0","$0",,"$0","$0","$0","$0",,"$0","-97.75005","30.44026"
"803","5836","12902 Lazyfield","Austin Housing Finance Corporation","Unknown","12902 Lazyfield Trail","78727","0270000812","6","Single Family","Ownership","Certified","1","1","0.0","0","0","0","0","0","0","0","0","1","0","0",,"12-30-3799","0",,,,"OHDA","No","No","No",,,"No",,"$0","$0","$0",,"$0","$0","$0","$0",,"$0","-97.74408","30.43872"
"803","5838","5912 Green Acres","Austin Housing Finance Corporation","Unknown","5912 Green Acres","78727","0270001106","6","Single Family","Ownership","Certified","1","1","0.0","0","0","0","0","0","0","0","0","1","0","0",,"12-30-3799","0",,,,"OHDA","No","No","No",,,"No",,"$0","$0","$0",,"$0","$0","$0","$0",,"$0","-97.74309","30.43949"
"803","5839","5916 Richard Carlton","Austin Housing Finance Corporation","Unknown","5916 Richard Carlton Boulevard","78727","0270000903","6","Single Family","Ownership","Certified","1","1","0.0","0","0","0","0","0","0","0","0","1","0","0",,"12-30-3799","0",,,,"OHDA","No","No","No",,,"No",,"$0","$0","$0",,"$0","$0","$0","$0",,"$0","-97.74229","30.44043"
"803","5840","5919 Green Acres","Austin Housing Finance Corporation","Unknown","5919 Green Acres","78727","0270001309","6","Single Family","Ownership","Certified","1","1","0.0","0","0","0","0","0","0","0","0","1","0","0",,"12-30-3799","0",,,,"OHDA","No","No","No",,,"No",,"$0","$0","$0",,"$0","$0","$0","$0",,"$0","-97.74335","30.43904"
"803","5841","5506 Shreveport","Austin Housing Finance Corporation","Unknown","5506 Shreveport Drive","78727","0270030309","6","Single Family","Ownership","Certified","1","1","0.0","0","0","0","0","0","0","0","0","1","0","0",,"12-30-3799","0",,,,"OHDA","No","No","No",,,"No",,"$0","$0","$0",,"$0","$0","$0","$0",,"$0","-97.73702","30.43735"
"803","5842","5604 Shreveport","Austin Housing Finance Corporation","Unknown","5604 Shreveport Drive","78727","0270030310","6","Single Family","Ownership","Certified","1","1","0.0","0","0","0","0","0","0","0","0","1","0","0",,"12-30-3799","0",,,,"OHDA","No","No","No",,,"No",,"$0","$0","$0",,"$0","$0","$0","$0",,"$0","-97.736821053","30.437302602"
"803","5843","12915 Garfield","Austin Housing Finance Corporation","Unknown","12915 Garfield Lane","78727","0270000726","6","Single Family","Ownership","Certified","1","1","0.0","0","0","0","0","0","0","0","0","1","0","0",,"12-30-3799","0",,,,"OHDA","No","No","No",,,"No",,"$0","$0","$0",,"$0","$0","$0","$0",,"$0","-97.73825","30.43721"
"805","5845","North Lamar Mobile Home Park","Asociacion De Residentes De North Lamar","ASOCIACIÓN DE RESIDENTES DE NORTH LAMAR","8105 Research Blvd","78758","0238120205","4","Single Family","Ownership","Project Completed","68","68","0.0","0","0","0","0","0","67","0","0","1","0","0","04-30-2020","04-30-2119","99",,,,"OHDA","No","No","No",,,"No",,"$0","$0","$2,500,000",,"$0","$0","$0","$0",,"$2,500,000","-97.71108","30.35347"
"803","5881","13004 Garfield","Austin Housing Finance Corporation","Unknown","13004 Garfield Lane","78727","0270000621","6","Single Family","Ownership","Certified","1","1","0.0","0","0","0","0","0","0","0","0","1","0","0",,"12-30-3799","0",,,,"OHDA","No","No","No",,,"No",,"$0","$0","$0",,"$0","$0","$0","$0",,"$0","-97.73905","30.43719"
"803","5882","12906 Odie","Austin Housing Finance Corporation","Unknown","12906 Odie Lane","78727","0268001105","6","Single Family","Ownership","Certified","1","1","0.0","0","0","0","0","0","0","0","0","1","0","0",,"12-30-3799","0",,,,"OHDA","No","No","No",,,"No",,"$0","$0","$0",,"$0","$0","$0","$0",,"$0","-97.73834","30.43677"
"803","5883","12405 Odie","Austin Housing Finance Corporation","Unknown","12405 Odie Lane","78727","0264060822","7","Single Family","Ownership","Certified","1","1","0.0","0","0","0","0","0","0","0","0","1","0","0",,"12-30-3799","0",,,,"OHDA","No","No","No",,,"No",,"$0","$0","$0",,"$0","$0","$0","$0",,"$0","-97.7263","30.42399"
"803","5884","12821 Meehan","Austin Housing Finance Corporation","Unknown","12821 Meehan Drive","78727","0262181014","7","Single Family","Ownership","Certified","1","1","0.0","0","0","0","0","0","0","0","0","1","0","0",,"12-30-3799","0",,,,"OHDA","No","No","No",,,"No",,"$0","$0","$0",,"$0","$0","$0","$0",,"$0","-97.68651","30.41722"
"803","5885","6713 Shannon","Austin Housing Finance Corporation","Unknown","6713 Shannon Drive","78724","0219360605","1","Single Family","Ownership","Under Construction","1","1","0.0","0","0","0","0","0","0","0","0","1","0","0",,"12-30-3799","0",,,,"OHDA","No","No","No",,,"No",,"$0","$0","$0",,"$0","$0","$0","$0",,"$0","-97.64216","30.29949"
"803","5886","6805 Shannon","Austin Housing Finance Corporation","Unknown","6805 Shannon Drive","78724","0219360608","1","Single Family","Ownership","Certified","1","1","0.0","0","0","0","0","0","0","0","0","1","0","0",,"12-30-3799","0",,,,"OHDA","No","No","No",,,"No",,"$0","$0","$0",,"$0","$0","$0","$0",,"$0","-97.64213","30.29999"
"803","5887","7104 Shannon","Austin Housing Finance Corporation","Unknown","7104 Shannon Drive","78724","0221361025","1","Single Family;ADU","Ownership","Certified","1","1","0.0","0","0","0","0","0","0","0","0","1","0","0",,"12-30-3799","0",,,,"OHDA","No","No","Yes",,,"No",,"$0","$0","$0",,"$0","$0","$0","$0",,"$0","-97.64042","30.30345"
"803","5888","7012 Hillcroft","Austin Housing Finance Corporation","Unknown","7012 Hillcroft Drive","78724","0219361003","1","Single Family","Ownership","Certified","1","1","0.0","0","0","0","0","0","0","0","0","1","0","0",,"12-30-3799","0",,,,"OHDA","No","No","No",,,"No",,"$0","$0","$0",,"$0","$0","$0","$0",,"$0","-97.64206","30.30263"
"803","5889","7021 Hillcroft","Austin Housing Finance Corporation","Unknown","7021 Hillcroft Drive","78724","0219361104","1","Single Family","Ownership","Certified","1","1","0.0","0","0","0","0","0","0","0","0","1","0","0",,"12-30-3799","0",,,,"OHDA","No","No","No",,,"No",,"$0","$0","$0",,"$0","$0","$0","$0",,"$0","-97.64125","30.30287"
"803","5890","6515 Starstreak","Austin Housing Finance Corporation","Unknown","6515 Starstreak Drive","78745","0421100105","2","Single Family","Ownership","Certified","1","1","0.0","0","0","0","0","0","0","0","0","1","0","0",,"12-30-3799","0",,,,"OHDA","No","No","No",,,"No",,"$0","$0","$0",,"$0","$0","$0","$0",,"$0","-97.77943","30.19433"
"335","5900","3128 Father Joe Znotas","Guadalupe Neighborhood Development Corporation","Guadalupe Neighborhood Development Corporation","3128 Father Joe Znotas","78702","0207140337","3","Single Family","Ownership","Project Completed","1","1","0.0","0","0","0","0","0","0","0","0","1","0","0","11-10-2024","11-10-2123","99",,,,"OHDA","No","Yes","Yes",,,"No",,,,,,,,,,,,"-97.70116639","30.2686762"
"821","5907","Vera (fka 7308 South Congress)","Summertree Developer LLC","Summertree Developer LLC","7308 South Congress","78721","0423110703","2","Multifamily","Ownership","Certified","70","35","0.0","0","0","0","0","0","9","0","0","26","0","0",,"12-30-1998","99",,,,"OHDA","No","Yes","Yes",,,"No",,,,"$2,500,000","0",,,,,,"$2,500,000","-97.7816696","30.18622299"
"832","5917","Urban Empowerment Zone I","Narrow Road Group LP","Narrow Road Group","6400 FM 969","78721","0213280918","1","Multifamily","Rental","Loan Closed","80","80","0.0","0","0","23","0","57","0","0","0","0","0","0",,"12-30-1904","5",,,,"RHDA","No","No","Yes",,,"No",,,,"$4,000,000","3,001,385",,,"$0",,,"$4,000,000","-97.66015576","30.28614029"
"30","5928","1140 Salina Street","Blackshear Neighborhood Development Corporation","Blackshear Neighborhood Development Corporation","1140 Salina Street","78702","0206090745","1","Single Family","Rental","Project Completed","2","2","0.0","0","0","0","0","2","0","0","0","0","0","0","09-01-2020","09-01-2060","40",,,,"RHDA","No","No","No",,,"No",,"$0","$0","$0",,"$0","$0","$100,000","$0",,"$0","-97.72053","30.26861"
"60","3327","Meadowood Apartments","San Antonio Alternative Housing Corporation","San Antonio Alternative Housing Corporation","9601 Middle Fiskville Road","78758","0240210409","4","Multifamily","Rental","Project Completed","200","180","0","0","0","0","0","80","0","0","0","100","0","0","05-01-2007","05-01-2027","20",,,,,"Yes","No","No",,,"No","4% LIHTC",,,,,,,,,,,"-97.68500093","30.35940944"
"100","3486","Blunn Creek Apartments","Blunn Creek Ltd.","Unknown","701 Woodward Street","78704","0409000212","3","Multifamily","Rental","Affordability Period Expired","280","252","0","0","0","0","0","0","112","0","0","140","0","0","08-01-2001","08-01-2021","20",,,,,"Yes","No","No",,,"No","4% LIHTC",,,,,,,,,,,"-97.75296898199","30.22576699719"
"101","3487","Riverside Meadows Apartments","Riverside Meadows Ltd.","Unknown","1601 Montopolis Drive","78741","0308140309","3","Multifamily","Rental","Affordability Period Expired","240","240","0","0","0","0","0","0","240","0","0","0","0","0","12-01-2001","12-01-2021","20",,,,,"Yes","No","No",,,"No","4% LIHTC",,,,,,,,,,,"-97.70116657014","30.22771829967"
"123","3508","The Pointe at Ben White","Ben White Senior Development LP","Ben White Senior Development LP","6934 E Ben White Boulevard","78741","0312160305","3","Multifamily","Rental","Affordability Period Expired","250","250","0","0","0","0","0","0","0","0","0","250","0","0","02-26-2016","02-26-2021","5",,,,,"No","No","Yes",,,"No","4% LIHTC",,,,,,,,,,,"-97.70358301","30.21631803"
"124","3509","Villages at Ben White","Ben White Senior Development LP","Ben White Senior Development LP","7000 E Ben White Boulevard","78741","0312160304","3","Multifamily","Rental","Affordability Period Expired","183","183","0","0","0","0","0","0","183","0","0","0","0","0","03-31-2016","03-31-2021","5",,,,,"No","No","Yes",,,"No","4% LIHTC",,,,,,,,,,,"-97.702241","30.217979"
"125","3510","Heights on Parmer","Pedcor Investments 2012-CXXX LP","Pedcor Investments 2012-CXXX LP","1500 Parmer Lane","78727","0252300716","1","Multifamily","Rental","Affordability Period Expired","252","252","0","0","0","0","0","0","252","0","0","0","0","0","10-06-2016","10-06-2021","5",,,,,"No","No","Yes",,,"No","4% LIHTC",,,,,,,,,,,"-97.65173236706","30.39047199056"
"126","3511","William Cannon Apartments","Pedcor Investments 2012-CXXX LP","Pedcor Investments 2012-CXXX LP","2112 William Cannon Drive","78744","0422030119","2","Multifamily","Rental","Affordability Period Expired","252","252","0","0","0","0","0","0","252","0","0","0","0","0","01-08-2016","01-08-2021","5",,,,,"No","No","Yes",,,"No","4% LIHTC",,,,,,,,,,,"-97.7613179","30.18786679"
"127","3512","The Paddock at Norwood","LDG Norwood LP","LDG Norwood","1044 Norwood Park Boulevard","78753","0231180607","4","Multifamily","Rental","Affordability Period Expired","228","228","0","0","0","0","0","0","228","0","0","0","0","0","07-14-2014","07-14-2019","5",,,,,"No","No","Yes",,,"No","4% LIHTC",,,,,,,,,,,"-97.69155232831","30.33654670319"
"148","3530","Springdale Apartments","Ryan Companies US Inc.","Ryan Companies US INC.","5605 Springdale Road","78723","0218240103","1","Multifamily","Rental","Affordability Period Expired","292","292","0","0","0","0","0","0","292","0","0","0","0","0","03-10-2017","03-10-2022","5",,,,,"No","No","Yes",,,"No","4% LIHTC",,,,,,,,,,,"-97.673175","30.299133"
"156","3538","Harris Branch Senior Apartments","LDG Multifamily LLC","LDG Development LLC","12433 Dessau Road","78754","0251310240","1","Multifamily","Rental","Affordability Period Expired","216","216","0","0","0","0","0","0","216","0","0","0","0","0","06-27-2017","06-27-2022","5",,,,,"No","No","Yes",,,"No","4% LIHTC",,,,,,,,,,,"-97.646554","30.388891"
"157","3539","Urban Oaks","Ryan Companies US Inc.","Ryan Companies","6725 Circle S Road","78745","0422070204","2","Multifamily","Rental","Affordability Period Expired","194","194","0","0","0","0","0","0","194","0","0","0","0","0","10-13-2017","10-13-2022","5",,,,,"No","No","Yes",,,"No","4% LIHTC",,,,,,,,,,,"-97.77785641","30.19084454"
"274","3741","Colorado Creek Apartments","GCRE/TX Austin Master LLC","GCRE/TX Austin Master LLC","11700 Dionda Lane","78617","0315310701","2","Multifamily","Rental","Project Completed","240","96","0","0","0","0","0","0","96","0","0","0","0","0","03-01-2016","03-01-2031","15",,,,,"Yes","No","Yes",,,"No","4% LIHTC",,,,,,,,,,,"-97.633042","30.204703"
"110","3751","Summit Oaks","Housing Authority of Travis County","Housing Authority of Travis County","11607 Sierra Nevada","78759","0164031304","10","Multifamily","Rental","Affordability Period Expired","24","24","0","0","0","0","0","0","24","0","0","0","0","0","11-21-2018","11-21-2023","5",,,,,"No","No","Yes",,,"No","9% LIHTC",,,,,,,,,,,"-97.75443","30.420147"
"269","3752","Alexander Oaks Apartments","Housing Authority of Travis County","Housing Authority of Travis County","6119 Valiant Circle","78749","0408300450","8","Duplex","Rental","Affordability Period Expired","51","51","0","0","0","0","0","0","51","0","0","0","0","0","04-10-2019","04-10-2024","5",,,,,"No","No","Yes",,,"No","9% LIHTC",,,,,,,,,,,"-97.851947","30.233793"
"273","3760","Bridge at Cameron","LDG Multifamily LLC","LDG Development LLC","9201 Cameron Road","78754","0237230227","1","Multifamily","Rental","Affordability Period Expired","263","263","0","0","0","0","0","0","263","0","0","0","0","0","04-09-2020","04-09-2025","5",,,,,"No","No","Yes",,,"No","4% LIHTC",,,,,,,,,,,"-97.675314","30.348071"
"288","3768","Villages at Fiskville","LDG Multifamily LLC","LDG Development LLC","10127 Middle Fiskville Road","78753","0241220606","4","Multifamily","Rental","Project Completed","172","155","0","0","0","0","0","0","69","0","0","86","0","0","03-01-2017","03-01-2032","15",,,,,"Yes","No","Yes",,,"No","4% LIHTC",,,,,,,,,,,"-97.681344","30.364435"
"319","3844","Heights on Parmer Phase Two","Pedcor Investments-2016-CLVIII LP","Pedcor Investments-2016-CLVIII LP","1500 E Parmer Lane","78753","0252300716","1","Multifamily","Rental","Affordability Period Expired","80","80","0","0","0","0","0","0","80","0","0","0","0","0","05-03-2019","05-03-2024","5",,,,,"No","No","Yes",,,"No","4% LIHTC",,,,,,,,,,,"-97.650793","30.390823"
"264","3854","Commons at Goodnight (fka Villages at Goodnight)","Bradsher Family Trust and MVE Ventures LTD","Momark Development LLC","2022 E Slaugther Lane","78747","0436030106","2","Multifamily","Rental","Project Completed","304","304","0","0","0","0","0","0","304","0","0","0","0","0","12-12-2019","12-12-2059","40",,,,,"No","No","Yes",,,"No","4% LIHTC",,,,,,,,,,,"-97.76343","30.152479"
"328","3866","Westgate Ridge Multifamily","Songhai Development Company LLC","Pedcor Investments-2015 CXLVIII LP","8700 Westgate Boulevard","78745","0422230202","5","Multifamily","Rental","Affordability Period Expired","140","140","0","0","0","0","0","4","136","0","0","0","0","0","07-25-2018","07-25-2023","5",,,,,"No","No","Yes",,,"No","4% LIHTC",,,,,,,,,,,"-97.832293","30.193161"
"350","3897","Harris Ridge Apartments","The NRP Group LLC","The NRP Group LLC","1501 E Howard Lane","78754","0258332002","7","Multifamily","Rental","Affordability Period Expired","324","324","0","0","0","0","0","6","318","0","0","0","0","0","01-09-2019","01-09-2024","5",,,,,"No","No","Yes",,,"No","4% LIHTC",,,,,,,,,,,"-97.642906","30.404687"
"378","3971","The Creekview Apartment Homes","TX Creekview Austin LP","TX Creekview Austin LP","5001 Crainway Drive","78724","0226210201","1","Multifamily","Rental","Affordability Period Expired","264","264","0","0","0","8","0","13","243","0","0","0","0","0","12-11-2019","12-11-2024","5",,,,,"No","No","Yes",,,"No","4% LIHTC",,,,,,,,,,,"-97.658424","30.319029"
"384","4012","Pathways at Goodrich Place","Housing Authority of the City of Austin","Housing Authority of the City of Austin","2126 Goodrich Avenue","78704","0401070339","5","Multifamily","Rental","Project Completed","120","110","0","0","0","0","0","0","110","0","0","0","0","0","04-23-2021","04-23-2026","5",,,,,"No","No","Yes",,,"No","9% LIHTC",,,,,,,,,,,"-97.773865","30.248315"
"412","4436","Pathways at Chalmers Court - South","Housing Authority of the City of Austin","Housing Authority of the City of Austin","1638 E 2nd Street","78702","0204080102","3","Multifamily","Rental","Affordability Period Expired","87","87","0","0","0","0","0","0","87","0","0","0","0","0","04-03-2020","04-03-2025","5",,,,,"No","No","Yes",,,"No","4% LIHTC",,,,,,,,,,,"-97.726514","30.25911"
"428","4542","Pathways at Chalmers Courts East","Housing Authority of the City of Austin","Housing Authority of the City of Austin","1700 E 3rd Street","78702","0204080701","3","Multifamily","Rental","Project Completed","156","135","0","0","0","14","0","54","67","0","0","0","0","0","10-15-2021","10-15-2061","40",,,,,"No","No","Yes",,,"No","9% LIHTC",,,,,,,,,,,"-97.725685","30.259762"
"588","5370","Walnut Creek Apartments","LIH Walnut Creek Austin LP","LIH Walnut Creek Apartments","6409 Springdale Rd","78723","0221250407","1","Multifamily","Rental","Affordability Period Expired","98","98","0","0","0","0","0","0","98","0","0","0","0","0","11-08-2019","11-08-2024","5",,,,,"No","No","Yes",,,"No","4% LIHTC",,,,,,,,,,,"-97.668769","30.30718"
"591","5373","Legacy Ranch @ Dessau East","KCG Development LLC","KCG Development LLC","13527 Harrisglenn Drive","78753","0258360901","7","Multifamily","Rental","Under Construction","232","186","0","0","0","0","55","44","0","0","57","30","0","0","04-06-2022","04-06-2027","5",,,,,"No","No","Yes",,,"No","4% LIHTC",,,,,,,,,,,"-97.638149","30.405762"
"596","5378","Belmont Apartments","LDG Development LLC","LDG Development LLC","9100 Brown Lane","78754","0235230314","1","Multifamily","Rental","Project Completed","146","146","0","0","0","0","0","29","88","0","29","0","0","0","12-16-2024","12-16-2064","40",,,,,"No","Yes","Yes",,,"No","4% LIHTC",,,,,,,,,,,"-97.673684","30.347393"
"608","5416","Loyola Apartments Ltd","The NRP Group LLC","The NRP Group LLC","6400 Loyola Lane and 6800 Johnny Morris Road","78724","0219331601","1","Multifamily","Rental","Project Completed","204","200","0","0","0","0","32","0","136","0","0","32","0","0","02-16-2023","02-16-2028","5",,,,,"No","No","Yes",,,"No","4% LIHTC",,,,,,,,,,,"-97.648671","30.301274"
"611","5433","The Heights on South Congress (fka South Congress Village)","South Congress Apartments L.P.","Unknown","2703 S Congress Avenue","78704","0406020101","3","Multifamily","Rental","Affordability Period Expired","172","172","0","0","0","0","0","0","172","0","0","0","0","0","04-01-2000","04-01-2020","20",,,,,"Yes","No","No",,,"No","4% LIHTC",,,,,,,,,,,"-97.756111","30.235242"
"612","5434","Santa Maria Village Apartments","Austin Santa Maria Village Ltd.","Unknown","8071 N Lamar Boulevard","78753","0236120208","4","Multifamily","Rental","Affordability Period Expired","176","176","0","0","0","0","0","176","0","0","0","0","0","0","04-01-2000","04-01-2020","20",,,,,"Yes","No","No",,,"No","4% LIHTC",,,,,,,,,,,"-97.711261","30.34861"
"613","5435","Runnymede Apartments","SAAHC Runnymeade Apartments L.P.","Unknown","1101 Rutland Drive","78758","0242150204","4","Multifamily","Rental","Project Completed","252","252","0","0","0","0","0","0","252","0","0","0","0","0","10-01-2007","10-01-2027","20",,,,,"Yes","No","No",,,"No","4% LIHTC",,,,,,,,,,,"-97.702696","30.366887"
"614","5436","Sotol Riverside (fka Rosemont at Oak Valley Pleasant Valley Villas)","Pleasant Valley Villas Housing L.P.","Unknown","2800 Collins Creek Drive","78741","0309061001","3","Multifamily","Rental","Affordability Period Expired","280","280","0","0","0","0","0","0","280","0","0","0","0","0","08-01-2002","08-01-2022","20",,,,,"Yes","No","No",,,"No","4% LIHTC",,,,,,,,,,,"-97.731191","30.224565"
"615","5437","Fairway Village Apartments","Austin Fairway Village Ltd.","Unknown","6118 Fairway Street","78741","0307150617","3","Multifamily","Rental","Affordability Period Expired","128","128","0","0","0","0","0","128","0","0","0","0","0","0","05-01-2000","05-01-2020","20",,,,,"Yes","No","No",,,"No","4% LIHTC",,,,,,,,,,,"-97.702422","30.229618"
"646","5535","Estates at Norwood","LDG Development LLC","LDG Development LLC","916 Norwood Park Blvd","78753","0233170110","4","Multifamily","Rental","Project Completed","228","228","0","0","0","0","0","0","228","0","0","0","0","0","01-11-2024","01-11-2029","5",,,,,"No","No","Yes",,,"No","4% LIHTC",,,,,,,,,,,"-97.69434137","30.34135063"
"653","5564","Bridge at Canyon View","LDG Multifamily LLC","LDG Development LLC","2500 E William Cannon Drive","78744","0423010147","2","Multifamily","Rental","Under Construction","215","215","0","0","0","0","0","0","215","0","0","0","0","0",,"12-30-1904","5",,,,,"No","No","Yes",,,"No","4% LIHTC",,,,,,,,,,,"-97.753987","30.183906"
"671","5595","Cascades at Onion Creek","Cascades at Onion Creek Apartments LP","Cadence Multifamily","2333 Cascades Avenue","78747","0443110834","5","Multifamily","Rental","Under Construction","264","264","0","0","0","14","22","24","138","0","66","0","0","0","07-15-2022","07-15-2027","5",,,,,"No","No","Yes",,,"No","4% LIHTC",,,,,,,,,,,"-97.793758","30.131738"
"689","5632","Wildhorse Flats","Elmington Capital LLC","Elmington Capital LLC","10525 Wildhorse Ranch Trail (TCAD Property ID#849121)","78659","0226500502","1","Multifamily","Rental","Project Completed","310","310","0","0","0","0","0","0","310","0","0","0","0","0","01-28-2024","01-28-2029","5",,,,,"No","No","Yes",,,"No","4% LIHTC",,,,,,,,,,,"-97.583179","30.334"
"690","5640","The Matador (fka Soco Heights)","LDG Multifamily LLC","LDG Development LLC","5900 S Congress Avenue","78754","0418070407","2","Multifamily","Rental","Project Completed","285","144","0","0","0","0","0","96","0","0","0","48","0","0","09-29-2025","09-29-2065","40",,,,,"No","Yes","Yes",,,"No","4% LIHTC",,,,,,,,,,,"-97.7764","30.20231"
"696","5646","The Henderson fka Reinli Heights","LDG Development LLC","LDG Development LLC","1101 Reinli Street","78723","0224140220","4","Multifamily","Rental","Project Completed","306","306","0","0","0","0","0","150","68","0","88","0","0","0","01-16-2026","01-16-2066","40",,,,,"No","Yes","Yes",,,"No","4% LIHTC",,,,,,,,,,,"-97.703605","30.316316"
"819","5905","Residences at Howard Lane","The Residenctes at Howard Lane Ltd","NRP Group","5724 E Howard Ln","78753","0250430207","1","Multifamily","Rental","Project Completed","6","3","0","0","0","0","0","2","0","0","1","0","0","0","10-18-2024","10-18-2064","40",,,,,"No","Yes","No",,,"No","4% LIHTC",,,,,,,,,,,"-97.608819","30.378924"
"833","5919","Northwind Apartments","Northwind Apartment LP","Northwind Apartment LP","11122 11204 11208 and 11216 Cameron Road","78754","0239360106","1","Multifamily","Rental","Under Construction","240","240","0","0","0","12","0","8","200","0","20","0","0","0",,"12-30-1904","5",,,,,"No","No","Yes",,,"No","4% LIHTC",,,,,,,,,,,"-97.63646906","30.35592951"
"835","5921","Airport Commerce Affordable Multifamily","W2 Hill ACP II LP","The Richman Group","1501 Airport Commerce Drive","78741","0310200208","3","Multifamily","Rental","Under Construction","328","328","40","0","0","0","0","66","196","0","66","0","0","0",,"12-30-1939","40",,,,,"No","Yes","Yes",,,"No","4% LIHTC",,,,,,,,,,,"-97.68716","30.22222"
"97","3483","1004 Juniper Street","Undisclosed","Austin Revitalization Authority","1004 Juniper Street","78702","0208061324","1","Single Family","Ownership","Affordability Period Expired","1","1","0","0","0","0","0","0","0","0","0","1","0","0","03-10-2010","03-10-2011","1",,,,,"No","No","Yes",,,"No",,,,,,,,,,,,"-97.72933284","30.27022101"
"98","3484","Riverchase Apartments","Riverchase Associates Ltd.","Unknown","2239 Cromwell Circle","78741","0307110310","3","Multifamily","Rental","Affordability Period Expired","284","56","0","0","0","0","0","0","0","0","0","56","0","0","01-01-2002","01-01-2022","20",,,,,"Yes","No","No",,,"No",,,,,,,,,,,,"-97.7183836","30.22840445"
"99","3485","Woodland Heights Apartments","0","Texas Council for Foundation of Social Resources","8312 N IH 35","78753","0235160412","4","Multifamily","Rental","Affordability Period Expired","288","251","0","0","0","0","0","0","161","0","0","90","0","0","05-20-1997","05-20-2017","20",,,,,"Yes","No","No",,,"No",,,,,,,,,,,,"-97.69656794294","30.34664802497"
"102","3488","Rutland Place Apartments","San Antonio Alternative Housing Corporation No. 5","Unknown","1711 Rutland Drive","78758","0245110123","4","Multifamily","Rental","Affordability Period Expired","294","265","0","0","0","0","0","0","118","0","0","147","0","0","12-01-1998","12-01-2018","20",,,,,"Yes","No","No",,,"No",,,,,,,,,,,,"-97.71173968908","30.37521512217"
"103","3489","Stony Creek Apartments","San Antonio Alternative Housing Corporation","San Antonio Alternative Housing Corporation","4911 Manchaca Road","78745","0411130212","5","Multifamily","Rental","Affordability Period Expired","132","119","0","0","0","0","0","0","53","0","0","66","0","0","10-01-1999","10-01-2019","20",,,,,"Yes","No","No",,,"No",,,,,,,,,,,,"-97.79265960456","30.22196473166"
"103","3490","Wilshire West (fka Princeton Apartments.)","San Antonio Alternative Housing Corporation","San Antonio Alternative Housing Corporation","4411 Airport Boulevard","78745","0218110101","9","Multifamily","Rental","Affordability Period Expired","90","81","0","0","0","0","0","0","36","0","0","45","0","0","10-01-1999","10-01-2019","20",,,,,"Yes","No","No",,,"No",,,,,,,,,,,,"-97.7133740293","30.30116934194"
"104","3491","Trails at Vintage Creek (fka Village Green Apartments)","Village Green Mutual Housing Corporation","Foundation Communities Inc.","7224 Northeast Drive","78723","0226220206","4","Multifamily","Rental","Affordability Period Expired","200","180","0","0","0","0","0","0","80","0","0","100","0","0","02-01-2000","02-01-2020","20",,,,,"Yes","No","No",,,"No",,,,,,,,,,,,"-97.68008999334","30.32161385288"
"106","3493","Sheldon 230","KB Homes (a.k.a. KB Sheldon)","KB Homes","8101 Salt Springs Drive","78744","0334000501","2","Single Family","Ownership","Affordability Period Expired","910","364","0","0","0","0","0","0","0","0","0","364","0","0","04-11-2012","04-11-2013","1",,,,,"No","No","Yes",,,"No",,,,,,,,,,,,"-97.74549016","30.1587492"
"116","3501","St. James Apartments","Burlington Ventures Inc.","Burlington Ventures","5514 Roosevelt Avenue","78756","0228061501","7","Multifamily","Rental","Affordability Period Expired","9","2","0","0","0","0","0","0","0","0","0","2","0","0","02-15-2014","02-15-2019","5",,,,,"No","No","Yes",,,"No",,,,,,,,,,,,"-97.73296995","30.32693838"
"118","3503","2201 SL Davis Avenue","Jim Rath Owner","Jim Rath Owner","2201 S L Davis Avenue","78702","0208112401","1","Single Family","Rental","Affordability Period Expired","2","1","0","0","0","0","0","0","0","0","0","1","0","0","11-05-2013","11-05-2018","5",,,,,"No","No","Yes",,,"No",,,,,,,,,,,,"-97.716142","30.270998"
"122","3507","Lakeside Engineering - Duplexes (Aff. Unit 1)","Lakeside Engineering","Lakeside Engineering","1123 Walton Lane","78721","0204190506","3","Duplex","Rental","Affordability Period Expired","2","1","0","0","0","0","0","0","0","0","0","1","0","0","04-17-2015","04-17-2020","5",,,,,"No","No","Yes",,,"No",,,,,,,,,,,,"-97.68731","30.25926"
"128","3513","Rental - SF","Virginia Webb","Virginia Webb Owner","1616 Canterbury Street","78702","0202072501","3","Single Family","Rental","Affordability Period Expired","1","1","0","0","0","0","0","0","0","0","0","1","0","0","07-31-2013","07-31-2018","5",,,,,"No","No","Yes",,,"No",,,,,,,,,,,,"-97.72795259","30.25637842"
"134","3519","East 12th Street Homes","Butler Family Interests LLP","Butler Family Interests LLP","1101 E 12th Street","78702","0208060629","1","Single Family","Ownership","Project Completed","1","1","0","0","0","0","0","0","0","0","0","1","0","0","07-13-2015","07-13-2055","40",,,,,"No","No","Yes",,,"No",,,,,,,,,,,,"-97.728743","30.272138"
"143","3525","The District at SoCO","District at SoCo LLC","District at SoCo LLC","501 E Oltorf Street","78704","0405000209","3","Multifamily","Rental","Affordability Period Expired","215","22","0","0","0","0","0","0","0","0","0","22","0","0","10-12-2012","10-12-2017","5",,,,,"No","No","Yes",,,"No",,,,,,,,,,,,"-97.75096636","30.23706325"
"153","3535","Philips-Evans & Johnson","Phillips-Evans & Johnson","Philips-Evans & Johnson","1215 Arthur Stiles Road","78721","0205230501","3","ADU","Ownership","Affordability Period Expired","1","1","0","0","0","0","0","0","0","0","0","1","0","0","11-15-2017","11-15-2018","1",,,,,"No","No","Yes",,,"No",,,,,,,,,,,,"-97.67720347","30.26172498"
"169","3550","SAMdorosa","SAMdorosa Communities LLC","SAMdorosa LLC","6700 Manchaca Road","78745","0416180101","5","Multifamily","Rental","Affordability Period Expired","14","2","0","0","0","0","0","0","0","0","0","2","0","0","10-01-2018","10-01-2023","5",,,,,"No","No","Yes",,,"No",,,,,,,,,,,,"-97.80686954","30.20638764"
"251","3677","Colorado Crossing - SF","Lennar Buffington","Lennar Buffington","Multiple Addresses","78744","0320180104","2","Single Family","Ownership","Project Completed","584","0","0","0","0","0","0","0","0","0","0","0","0","0",,"12-30-3799","0",,,,,"No","No","Yes",,,"No",,,,,,,,,,,,"-97.69386239679","30.19521345724"
"252","3678","Bradshaw Crossing - SF","Lennar Buffington","Lennar Buffington","10409 Premier Park Street","78747","0443050609","2","Single Family","Ownership","Project Completed","525","0","0","0","0","0","0","0","0","0","0","0","0","0",,"12-30-3799","0",,,,,"No","No","Yes",,,"No",,,,,,,,,,,,"-97.77151172778","30.13936342879"
"254","3680","ADU","Austin Community Design and Development Center","Austin Community Design and Development Center","5413 Duval Street","78751","0225101315","4","ADU","Rental","Affordability Period Expired","1","1","0","0","0","0","0","0","0","0","0","1","0","0","07-12-2016","07-12-2021","5",,,,,"No","No","Yes",,,"No",,,,,,,,,,,,"-97.71696","30.31829"
"268","3730","1910 Salina Street","Blackland Community Development Corporation","Blackland Community Development Corporation","1910 Salina Street","78702","0211091603","1","ADU","Rental","Affordability Period Expired","1","1","0","0","0","0","0","1","0","0","0","0","0","0","07-27-2020","07-27-2025","5",,,,,"No","No","Yes",,,"No",,,,,,,,,,,,"-97.7226423","30.28043"
"277","3743","1211 Inks Avenue","Guadalupe Neighborhood Development Corporation","Guadalupe Neighborhood Development Corporation","1211 Inks Avenue","78702","0205070820","1","Duplex","Rental","Affordability Period Expired","2","2","0","0","0","0","0","0","1","0","0","1","0","0","08-30-2016","08-30-2021","5",,,,,"No","No","Yes",,,"No",,,,,,,,,,,,"-97.727998","30.26597"
"264","3749","Centerra Homes - SF - Section 2 (Goodnight Ranch)","Bradsher Family Trust and MVE Ventures LTD","Momark Development LLC","Multiple Addresses see C8-06-0133.02.1A.SH","78747",,"2","Single Family","Ownership","Project Completed","58","0","0","0","0","0","0","0","0","0","0","0","0","0",,"12-30-3799","0",,,,,"No","No","Yes",,,"No",,,,,,,,,,,,"-97.754462","30.152741"
"271","3762","AHFC - SF","Austin Housing Finance Corporation","Austin Housing Finance Corporation","6910 Colony Loop Drive","78724","0219361523","1","Single Family","Ownership","Affordability Period Expired","1","1","0","0","0","0","0","0","0","0","0","1","0","0","08-23-2017","08-23-2018","1",,,,,"No","No","Yes",,,"No",,,,,,,,,,,,"-97.64010534","30.300754448"
"271","3763","AHFC - SF","Austin Housing Finance Corporation","Austin Housing Finance Corporation","6111 Marigold Terrace","78741","0307150638","3","Single Family","Ownership","Affordability Period Expired","1","1","0","0","0","0","0","0","0","0","0","1","0","0","01-11-2017","01-11-2018","1",,,,,"No","No","Yes",,,"No",,,,,,,,,,,,"-97.702276","30.23093"
"271","3764","AHFC - SF","Austin Housing Finance Corporation","Austin Housing Finance Corporation","2214 Granada Drive","78741","0311040104","3","Single Family","Ownership","Affordability Period Expired","1","1","0","0","0","0","0","0","0","0","0","1","0","0","11-28-2016","11-28-2017","1",,,,,"No","No","Yes",,,"No",,,,,,,,,,,,"-97.736634","30.220751"
"114","3800","AHFC - SF","Austin Housing Finance Corporation","Austin Housing Finance Corporation","1206 Short Hackberry Street","78702","0207080219","1","Single Family","Ownership","Affordability Period Expired","1","1","0","0","0","0","0","0","0","0","0","1","0","0","04-01-2014","04-01-2015","1",,,,,"No","No","Yes",,,"No",,,,,,,,,,,,"-97.726706908","30.270056883"
"114","3801","AHFC - SF","Austin Housing Finance Corporation","Austin Housing Finance Corporation","4602 Reyes Street","78721","0209191623","1","Single Family","Ownership","Affordability Period Expired","1","1","0","0","0","0","0","0","0","0","0","1","0","0","06-03-2015","06-03-2016","1",,,,,"No","No","Yes",,,"No",,,,,,,,,,,,"-97.689042","30.275"
"114","3802","AHFC - SF","Austin Housing Finance Corporation","Austin Housing Finance Corporation","504 Montopolis Drive","78741","0304160201","3","Single Family","Ownership","Affordability Period Expired","1","1","0","0","0","0","0","0","0","0","0","1","0","0","07-22-2014","07-22-2015","1",,,,,"No","No","Yes",,,"No",,,,,,,,,,,,"-97.694157","30.240208"
"114","3803","AHFC - SF","Austin Housing Finance Corporation","Austin Housing Finance Corporation","6907 Pondsdale Lane","78724","0219361526","1","Single Family","Ownership","Affordability Period Expired","1","1","0","0","0","0","0","0","0","0","0","1","0","0","03-13-2013","03-13-2014","1",,,,,"No","No","Yes",,,"No",,,,,,,,,,,,"-97.640624","30.300716"
"114","3804","AHFC - SF","Austin Housing Finance Corporation","Austin Housing Finance Corporation","403 Tilbury Lane","78745","0414050608","3","Single Family","Ownership","Affordability Period Expired","1","1","0","0","0","0","0","0","0","0","0","1","0","0","03-20-2013","03-20-2014","1",,,,,"No","No","Yes",,,"No",,,,,,,,,,,,"-97.766461","30.209649"
"114","3805","AHFC - SF","Austin Housing Finance Corporation","Austin Housing Finance Corporation","4806 Santa Anna Street","78721","0209191407","1","Single Family","Ownership","Affordability Period Expired","1","1","0","0","0","0","0","0","0","0","0","1","0","0","08-15-2013","08-15-2014","1",,,,,"No","No","Yes",,,"No",,,,,,,,,,,,"-97.686345","30.274812"
"232","3813","Radius on Grove","Continental Homes of Texas LP","Continental Homes of Texas LP","2301 Grove Boulevard","78741","0315111004","3","Multifamily","Rental","Affordability Period Expired","160","64","0","0","0","0","0","0","0","0","0","64","0","0","01-24-2018","01-24-2023","5",,,,,"No","No","Yes",,,"No",,,,,,,,,,,,"-97.707232","30.223115"
"233","3814","Cobalt Wilson Street","Cobalt Partners Ltd.","Cobalt - Wilson Street","2606 Wilson Street","78704","0404021301","3","Multifamily","Ownership","Affordability Period Expired","62","6","0","0","0","0","0","0","0","0","0","6","0","0","05-16-2013","05-16-2014","1",,,,,"No","No","Yes",,,"No",,,,,,,,,,,,"-97.758929","30.237685"
"300","3815","Clawson Ridge Condominiums","Clawson Partners Mgmt","Clawson Partners Mgmt","3700 Clawson Road Unit 111","78704","0406101601","5","Multifamily","Ownership","Project Completed","39","1","0","0","0","0","0","0","0","0","0","1","0","0","08-25-2021","08-25-2120","99",,,,,"No","No","Yes",,,"No",,,,,,,,,,,,"-97.780677","30.233736"
"264","3853","MI Homes - SF - Section 2 (Goodnight Ranch)","Bradsher Family Trust and MVE Ventures LTD","Momark Development LLC","Multiple Addresses","78747",,"2","Single Family","Ownership","Project Completed","46","0","0.0","0","0","0","0","0","0","0","0","0","0","0",,"12-30-3799","0",,,,,"No","No","Yes",,,"No",,,,,,,,,,,,"-97.755347","30.156417"
"264","3855","Goodnight Ranch PUD","Bradsher Family Trust and MVE Ventures LTD","Momark Development LLC","Multiple Addresses","78747",,"2","Single Family","Ownership","Certified","2,202","0","0.0","0","0","0","0","0","0","0","0","0","0","0",,"12-30-3799","0",,,,,"No","No","Yes",,,"No",,,,,,,,,,,,"-97.753764","30.153442"
"322","3857","Plyler Resubdivision Home","The Plylers","Guadalupe Neighborhood Development Corporation","1022 E 7th Street","78702","0206050915","1","Single Family","Ownership","Project Completed","1","1","0.0","0","0","0","0","0","0","0","0","1","0","0","05-02-2008","05-02-2009","1",,,,,"No","No","Yes",,,"No",,,,,,,,,,,,"-97.730441","30.265723"
"327","3862","GNDC - SF","Guadalupe Neighborhood Development Corporation","Guadalupe Neighborhood Development Corporation","1100 E Cesar Chavez Street","78702","0204051612","3","Single Family","Rental","Certified","1","1","0.0","0","0","0","0","0","1","0","0","0","0","0",,"12-30-1904","5",,,,,"No","No","Yes",,,"No",,,,,,,,,,,,"-97.733341","30.260422"
"332","3874","AHFC - SF","Undisclosed","Austin Housing Finance Corporation","5603 Tura Lane","78721","0205210102","3","Single Family","Ownership","Affordability Period Expired","1","1","0.0","0","0","0","0","0","0","0","0","1","0","0","12-27-2018","12-27-2019","1",,,,,"No","No","Yes",,,"No",,,,,,,,,,,,"-97.681185","30.26771"
"334","3879","Blackland CDC - AlleyFlats","Blackland Community Development Corporation","Blackland Community Development Corporation","2203 Salina Street","78722","0211090208","1","ADU","Rental","Affordability Period Expired","1","1","0.0","0","0","0","0","1","0","0","0","0","0","0","06-05-2020","06-05-2025","5",,,,,"No","No","Yes",,,"No",,,,,,,,,,,,"-97.722697","30.28301"
"336","3881","SMART - SF","Manet-Avilleira & Lage","Manet-Avilleira & Lage","2502 Devonshire Drive","78723","0222210274","4","Single Family","Ownership","Affordability Period Expired","1","1","0.0","0","0","0","0","0","0","0","0","1","0","0","01-18-2013","01-18-2014","1",,,,,"No","No","Yes",,,"No",,,,,,,,,,,,"-97.681441","30.311427"
"340","3885","Meadow Lake","Austin Habitat for Humanity","Austin Habitat for Humanity","2504 Magin Meadow Drive","78744","0426031630","2","Single Family","Ownership","Affordability Period Expired","1","1","0.0","0","0","0","0","0","1","0","0","0","0","0","02-28-2017","02-28-2018","1",,,,,"No","No","Yes",,,"No",,,,,,,,,,,,"-97.761361","30.179799"
"359","3930","ACDDC - Alley Flat","Lorri Haden","Austin Community Design and Development Center","1406 Ruth Avenue","78757","0232060106","7","Single Family","Rental","Affordability Period Expired","1","1","0.0","0","0","0","0","0","0","0","0","1","0","0","12-08-2017","12-08-2022","5",,,,,"No","No","Yes",,,"No",,,,,,,,,,,,"-97.728433","30.338875"
"134","3951","East 12th Street Homes","Butler Family Interests LLP","Butler Family Interests LLP","1196 Navasota Street","78702","0208060709","1","Single Family","Ownership","Project Completed","1","1","0.0","0","0","0","0","0","0","0","0","1","0","0","04-01-2016","04-01-2056","40",,,,,"No","No","Yes",,,"No",,,,,,,,,,,,"-97.727928","30.272226"
"134","3952","East 12th Street Homes","Butler Family Interests LLP","Butler Family Interests LLP","1001 E 12th Street","78702","0208060622","1","Single Family","Ownership","Project Completed","13","0","0.0","0","0","0","0","0","0","0","0","0","0","0",,"12-30-3799","0",,,,,"No","No","Yes",,,"No",,,,,,,,,,,,"-97.729446","30.272047"
"347","3956","Muskin Company - SF - Section 9 (RMMA MDA)","Catellus Austin LLC","Catellus Austin LLC","Multiple Addresses","78723",,"9","Single Family","Ownership","Project Completed","17","0","0.0","0","0","0","0","0","0","0","0","0","0","0",,"12-30-3799","0",,,,,"No","No","Yes",,,"No",,,,,,,,,,,,"-97.700595","30.298665"
"381","3974","Greyshire Village","Saigebrook Development LLC","Saigebrook Development LLC","3700 Payload Pass","78704","0410010442","3","Multifamily","Rental","Affordability Period Expired","75","75","0.0","0","0","15","0","30","30","0","0","0","0","0","08-21-2020","08-21-2025","5",,,,,"No","No","Yes",,,"No",,,,,,,,,,,,"-97.755208","30.223162"
"388","4048","5605 Pinon Vista","Austin Habitat for Humanity","Austin Habitat for Humanity","5605 Pinon Vista Drive","78724","0215330926","1","Single Family","Ownership","Affordability Period Expired","1","1","0.0","0","0","0","0","0","0","0","0","1","0","0","01-18-2018","01-18-2019","1",,,,,"No","No","Yes",,,"No",,,,,,,,,,,,"-97.64723","30.287175"
"391","4184","4008 Brookview (ADU)","Prodanovic-Nelson Brown","Austin Community Design & Development Center/Prodanovic-Nelson Brown","4008 Brookview Road","78722","0215120305","9","Single Family","Rental","Affordability Period Expired","1","1","0.0","0","0","0","0","0","0","0","0","1","0","0","02-08-2019","02-08-2024","5",,,,,"No","No","Yes",,,"No",,,,,,,,,,,,"-97.71003","30.294169"
"97","4333","908 Juniper Street","Undisclosed","Austin Revitalization Authority","908 Juniper Street","78702","0208061226","1","Single Family","Ownership","Affordability Period Expired","1","1","0.0","0","0","0","0","0","0","0","0","1","0","0","03-14-2007","03-14-2008","1",,,,,"No","No","Yes",,,"No",,,,,,,,,,,,"-97.730487","30.270597"
"97","4334","912 Juniper Street","Undisclosed","Austin Revitalization Authority","912 Juniper Street","78702","0208061224","1","Single Family","Ownership","Affordability Period Expired","1","1","0.0","0","0","0","0","0","0","0","0","1","0","0","06-19-2006","06-19-2007","1",,,,,"No","No","Yes",,,"No",,,,,,,,,,,,"-97.730251","30.270465"
"97","4335","914 Juniper Street","Undisclosed","Austin Revitalization Authority","914 Juniper Street","78702","0208061223","1","Single Family","Ownership","Affordability Period Expired","1","1","0.0","0","0","0","0","0","0","0","0","1","0","0","10-15-2008","10-15-2009","1",,,,,"No","No","Yes",,,"No",,,,,,,,,,,,"-97.730126","30.270435"
"97","4336","916 Juniper Street","Undisclosed","Austin Revitalization Authority","916 Juniper Street","78702","0208061222","1","Single Family","Ownership","Affordability Period Expired","1","1","0.0","0","0","0","0","0","0","0","0","1","0","0","09-29-2008","09-29-2009","1",,,,,"No","No","Yes",,,"No",,,,,,,,,,,,"-97.73003","30.27043"
"97","4337","1006 Juniper Street","Undisclosed","Austin Revitalization Authority","1006 Juniper Street","78702","0208061323","1","Single Family","Ownership","Affordability Period Expired","1","1","0.0","0","0","0","0","0","0","0","0","1","0","0","12-23-2008","12-23-2009","1",,,,,"No","No","Yes",,,"No",,,,,,,,,,,,"-97.729199","30.270136"
"97","4338","1162 Curve Street","Undisclosed","Austin Revitalization Authority","1162 Curve Street","78702","0208061221","1","Single Family","Ownership","Affordability Period Expired","1","1","0.0","0","0","0","0","0","0","0","0","1","0","0","03-02-2005","03-02-2006","1",,,,,"No","No","Yes",,,"No",,,,,,,,,,,,"-97.729907","30.270405"
"97","4339","1169 Curve Street","Undisclosed","Austin Revitalization Authority","1169 Curve Street","78702","0208061319","1","Single Family","Ownership","Affordability Period Expired","1","1","0.0","0","0","0","0","0","0","0","0","1","0","0","04-26-2005","04-26-2006","1",,,,,"No","No","Yes",,,"No",,,,,,,,,,,,"-97.729573","30.27056"
"340","4413","Meadow Lake","Austin Habitat for Humanity","Austin Habitat for Humanity","2506 Magin Meadow Drive","78744","0426031629","2","Single Family","Ownership","Affordability Period Expired","1","1","0.0","0","0","0","0","0","1","0","0","0","0","0","03-17-2017","03-17-2018","1",,,,,"No","No","Yes",,,"No",,,,,,,,,,,,"-97.761221","30.179789"
"340","4414","Meadow Lake","Austin Habitat for Humanity","Austin Habitat for Humanity","2508 Magin Meadow Drive","78744","0426031628","2","Single Family","Ownership","Affordability Period Expired","1","1","0.0","0","0","0","0","0","1","0","0","0","0","0","05-24-2016","05-24-2017","1",,,,,"No","No","Yes",,,"No",,,,,,,,,,,,"-97.761125","30.17976"
"340","4415","Meadow Lake","Austin Habitat for Humanity","Austin Habitat for Humanity","2510 Magin Meadow Drive","78744","0426031627","2","Single Family","Ownership","Affordability Period Expired","1","1","0.0","0","0","0","0","0","1","0","0","0","0","0","09-23-2016","09-23-2017","1",,,,,"No","No","Yes",,,"No",,,,,,,,,,,,"-97.760996","30.17973"
"340","4416","Meadow Lake","Austin Habitat for Humanity","Austin Habitat for Humanity","2512 Magin Meadow Drive","78744","0426031626","2","Single Family","Ownership","Affordability Period Expired","1","1","0.0","0","0","0","0","0","1","0","0","0","0","0","05-19-2017","05-19-2018","1",,,,,"No","No","Yes",,,"No",,,,,,,,,,,,"-97.760856","30.17972"
"340","4417","Meadow Lake","Austin Habitat for Humanity","Austin Habitat for Humanity","2514 Magin Meadow Drive","78744","0426031625","2","Single Family","Ownership","Affordability Period Expired","1","1","0.0","0","0","0","0","0","1","0","0","0","0","0","09-30-2016","09-30-2017","1",,,,,"No","No","Yes",,,"No",,,,,,,,,,,,"-97.760715","30.179683"
"340","4418","Meadow Lake","Austin Habitat for Humanity","Austin Habitat for Humanity","2516 Magin Meadow Drive","78744","0426031624","2","Single Family","Ownership","Affordability Period Expired","1","1","0.0","0","0","0","0","0","1","0","0","0","0","0","07-27-2016","07-27-2017","1",,,,,"No","No","Yes",,,"No",,,,,,,,,,,,"-97.760586","30.179646"
"340","4419","Meadow Lake","Austin Habitat for Humanity","Austin Habitat for Humanity","2518 Magin Meadow Drive","78744","0426031623","2","Single Family","Ownership","Affordability Period Expired","1","1","0.0","0","0","0","0","0","1","0","0","0","0","0","01-24-2017","01-24-2018","1",,,,,"No","No","Yes",,,"No",,,,,,,,,,,,"-97.760467","30.179635"
"340","4420","Meadow Lake","Austin Habitat for Humanity","Austin Habitat for Humanity","2505 Magin Meadow Drive","78744","0426031819","2","Single Family","Ownership","Affordability Period Expired","1","1","0.0","0","0","0","0","0","1","0","0","0","0","0","08-19-2016","08-19-2017","1",,,,,"No","No","Yes",,,"No",,,,,,,,,,,,"-97.761478","30.179415"
"340","4421","Meadow Lake","Austin Habitat for Humanity","Austin Habitat for Humanity","2507 Magin Meadow Drive","78744","0426031630","2","Single Family","Ownership","Affordability Period Expired","1","1","0.0","0","0","0","0","0","1","0","0","0","0","0","08-12-2016","08-12-2017","1",,,,,"No","No","Yes",,,"No",,,,,,,,,,,,"-97.761355","30.179697"
"340","4422","Meadow Lake","Austin Habitat for Humanity","Austin Habitat for Humanity","2515 Magin Meadow Drive","78744","0426031824","2","Single Family","Ownership","Affordability Period Expired","1","1","0.0","0","0","0","0","0","1","0","0","0","0","0","03-31-2017","03-31-2018","1",,,,,"No","No","Yes",,,"No",,,,,,,,,,,,"-97.760887","30.179269"
"340","4423","Meadow Lake","Austin Habitat for Humanity","Austin Habitat for Humanity","2519 Magin Meadow Drive","78744","0426031826","2","Single Family","Ownership","Affordability Period Expired","1","1","0.0","0","0","0","0","0","1","0","0","0","0","0","02-28-2017","02-28-2018","1",,,,,"No","No","Yes",,,"No",,,,,,,,,,,,"-97.760619","30.179224"
"340","4424","Meadow Lake","Austin Habitat for Humanity","Austin Habitat for Humanity","2509 Magin Meadow Drive","78744","0426031821","2","Single Family","Ownership","Affordability Period Expired","1","1","0.0","0","0","0","0","0","1","0","0","0","0","0","03-31-2017","03-31-2018","1",,,,,"No","No","Yes",,,"No",,,,,,,,,,,,"-97.761255","30.179369"
"340","4425","Meadow Lake","Austin Habitat for Humanity","Austin Habitat for Humanity","2511 Magin Meadow Drive","78744","0426031822","2","Single Family","Ownership","Affordability Period Expired","1","1","0.0","0","0","0","0","0","1","0","0","0","0","0","08-08-2017","08-08-2018","1",,,,,"No","No","Yes",,,"No",,,,,,,,,,,,"-97.761121","30.179333"
"340","4426","Meadow Lake","Austin Habitat for Humanity","Austin Habitat for Humanity","2513 Magin Meadow Drive","78744","0426031823","2","Single Family","Ownership","Affordability Period Expired","1","1","0.0","0","0","0","0","0","1","0","0","0","0","0","08-18-2017","08-18-2018","1",,,,,"No","No","Yes",,,"No",,,,,,,,,,,,"-97.761009","30.179296"
"340","4427","Meadow Lake","Austin Habitat for Humanity","Austin Habitat for Humanity","2517 Magin Meadow Drive","78744","0426031825","2","Single Family","Ownership","Affordability Period Expired","1","1","0.0","0","0","0","0","0","1","0","0","0","0","0","03-28-2014","03-28-2015","1",,,,,"No","No","Yes",,,"No",,,,,,,,,,,,"-97.760749","30.179288"
"411","4435","Tricia & David Ciccocioppo (Homeowners) -Alley Flat","Tricia & David Ciccocioppo","Austin Community Design and Development Center","1608 Cedar Avenue","78702","0210111509","1","ADU","Rental","Affordability Period Expired","1","1","0.0","0","0","0","0","0","0","0","0","1","0","0","03-26-2019","03-26-2024","5",,,,,"No","No","Yes",,,"No",,,,,,,,,,,,"-97.714054","30.278448"
"264","4660","AVI - MF - Section 2 (Goodnight Ranch)","Bradsher Family Trust and MVE Ventures LTD","Momark Development LLC","9015 Cattle Baron Path","78747","0436010305","2","Multifamily","Ownership","Project Completed","90","0","0.0","0","0","0","0","0","0","0","0","0","0","0",,"12-30-3799","0",,,,,"No","No","Yes",,,"No",,,,,,,,,,,,"-97.754196","30.15482"
"264","4664","MI Homes - SF - Section 3 (Goodnight Ranch)","Bradsher Family Trust and MVE Ventures LTD","Momark Development LLC","Multiple Addresses","78747",,"2","Single Family","Ownership","Certified","34","0","0.0","0","0","0","0","0","0","0","0","0","0","0",,"12-30-3799","0",,,,,"No","No","Yes",,,"No",,,,,,,,,,,,"-97.753764","30.153442"
"264","4668","Centerra Homes - SF - Section 3 (Goodnight Ranch)","Bradsher Family Trust and MVE Ventures LTD","Momark Development LLC","Multiple Addresses","78747",,"2","Single Family","Ownership","Certified","40","0","0.0","0","0","0","0","0","0","0","0","0","0","0",,"12-30-3799","0",,,,,"No","No","Yes",,,"No",,,,,,,,,,,,"-97.753764","30.153442"
"264","4685","MI Homes - SF - Section 7 (Goodnight Ranch)","Bradsher Family Trust and MVE Ventures LTD","Momark Development LLC","Multiple Addresses","78747",,"2","Single Family","Ownership","Project Completed","32","0","0.0","0","0","0","0","0","0","0","0","0","0","0",,"12-30-3799","0",,,,,"No","No","Yes",,,"No",,,,,,,,,,,,"-97.753764","30.153442"
"264","4686","Centerra Homes - SF - Section 7 (Goodnight Ranch)","Bradsher Family Trust and MVE Ventures LTD","Momark Development LLC","Multiple Addresses","78747",,"2","Single Family","Ownership","Certified","51","0","0.0","0","0","0","0","0","0","0","0","0","0","0",,"12-30-3799","0",,,,,"No","No","Yes",,,"No",,,,,,,,,,,,"-97.753764","30.153442"
"252","4746","Bradshaw Crossing - SF","Lennar Buffington","Lennar Buffington","10424 Cameo Lane","78747","0443050104","2","Single Family","Ownership","Affordability Period Expired","1","1","0.0","0","0","0","0","0","0","0","0","1","0","0","12-18-2006","12-18-2007","1",,,,,"No","No","Yes",,,"No",,,,,,,,,,,,"-97.770597","30.140066"
"252","4767","Bradshaw Crossing - SF","Lennar Buffington","Lennar Buffington","10312 Cameo Lane","78747","0440050211","2","Single Family","Ownership","Affordability Period Expired","1","1","0.0","0","0","0","0","0","0","0","0","1","0","0","11-27-2006","11-27-2007","1",,,,,"No","No","Yes",,,"No",,,,,,,,,,,,"-97.769797","30.141183"
"252","4768","Bradshaw Crossing - SF","Lennar Buffington","Lennar Buffington","10400 Cameo Lane","78747","0440050214","2","Single Family","Ownership","Affordability Period Expired","1","1","0.0","0","0","0","0","0","0","0","0","1","0","0","12-05-2006","12-05-2007","1",,,,,"No","No","Yes",,,"No",,,,,,,,,,,,"-97.770046","30.140847"
"252","4769","Bradshaw Crossing - SF","Lennar Buffington","Lennar Buffington","10408 Cameo Lane","78747","0440050216","2","Single Family","Ownership","Affordability Period Expired","1","1","0.0","0","0","0","0","0","0","0","0","1","0","0","12-11-2006","12-11-2007","1",,,,,"No","No","Yes",,,"No",,,,,,,,,,,,"-97.770205","30.140652"
"252","4770","Bradshaw Crossing - SF","Lennar Buffington","Lennar Buffington","10420 Cameo Lane","78747","0443050103","2","Single Family","Ownership","Affordability Period Expired","1","1","0.0","0","0","0","0","0","0","0","0","1","0","0","12-13-2006","12-13-2007","1",,,,,"No","No","Yes",,,"No",,,,,,,,,,,,"-97.770538","30.140247"
"252","4771","Bradshaw Crossing - SF","Lennar Buffington","Lennar Buffington","5601 Abby Ann Lane","78747","0443050105","2","Single Family","Ownership","Affordability Period Expired","1","1","0.0","0","0","0","0","0","0","0","0","1","0","0","12-15-2006","12-15-2007","1",,,,,"No","No","Yes",,,"No",,,,,,,,,,,,"-97.770413","30.139892"
"252","4772","Bradshaw Crossing - SF","Lennar Buffington","Lennar Buffington","10308 Cameo Lane","78747","0440050210","2","Single Family","Ownership","Affordability Period Expired","1","1","0.0","0","0","0","0","0","0","0","0","1","0","0","11-22-2006","11-22-2007","1",,,,,"No","No","Yes",,,"No",,,,,,,,,,,,"-97.769706","30.141276"
"252","4773","Bradshaw Crossing - SF","Lennar Buffington","Lennar Buffington","10412 Cameo Lane","78747","0443050101","2","Single Family","Ownership","Affordability Period Expired","1","1","0.0","0","0","0","0","0","0","0","0","1","0","0","12-22-2006","12-22-2007","1",,,,,"No","No","Yes",,,"No",,,,,,,,,,,,"-97.770288","30.140544"
"252","4774","Bradshaw Crossing - SF","Lennar Buffington","Lennar Buffington","5625 Abby Ann Lane","78747","0443050111","2","Single Family","Ownership","Affordability Period Expired","1","1","0.0","0","0","0","0","0","0","0","0","1","0","0","02-21-2007","02-21-2008","1",,,,,"No","No","Yes",,,"No",,,,,,,,,,,,"-97.769655","30.139575"
"252","4775","Bradshaw Crossing - SF","Lennar Buffington","Lennar Buffington","5600 Abby Ann Lane","78747","0443050209","2","Single Family","Ownership","Affordability Period Expired","1","1","0.0","0","0","0","0","0","0","0","0","1","0","0","04-26-2007","04-26-2008","1",,,,,"No","No","Yes",,,"No",,,,,,,,,,,,"-97.77","30.140266"
"252","4776","Bradshaw Crossing - SF","Lennar Buffington","Lennar Buffington","10228 Deer Chase Trail","78747","0440030202","2","Single Family","Ownership","Affordability Period Expired","1","1","0.0","0","0","0","0","0","0","0","0","1","0","0","05-31-2007","05-31-2008","1",,,,,"No","No","Yes",,,"No",,,,,,,,,,,,"-97.767816","30.140811"
"252","4777","Bradshaw Crossing - SF","Lennar Buffington","Lennar Buffington","5600 Silver Screen Drive","78747","0440050405","2","Single Family","Ownership","Affordability Period Expired","1","1","0.0","0","0","0","0","0","0","0","0","1","0","0","06-08-2007","06-08-2008","1",,,,,"No","No","Yes",,,"No",,,,,,,,,,,,"-97.769554","30.140874"
"252","4778","Bradshaw Crossing - SF","Lennar Buffington","Lennar Buffington","5700 Silver Screen Drive","78747","0443050304","2","Single Family","Ownership","Affordability Period Expired","1","1","0.0","0","0","0","0","0","0","0","0","1","0","0","06-13-2007","06-13-2008","1",,,,,"No","No","Yes",,,"No",,,,,,,,,,,,"-97.768833","30.140467"
"252","4779","Bradshaw Crossing - SF","Lennar Buffington","Lennar Buffington","5716 Silver Screen Drive","78747","0443030104","2","Single Family","Ownership","Affordability Period Expired","1","1","0.0","0","0","0","0","0","0","0","0","1","0","0","11-20-2007","11-20-2008","1",,,,,"No","No","Yes",,,"No",,,,,,,,,,,,"-97.768332","30.140231"
"252","4780","Bradshaw Crossing - SF","Lennar Buffington","Lennar Buffington","5536 Kleberg Trail","78747","0440050309","2","Single Family","Ownership","Affordability Period Expired","1","1","0.0","0","0","0","0","0","0","0","0","1","0","0","12-12-2007","12-12-2008","1",,,,,"No","No","Yes",,,"No",,,,,,,,,,,,"-97.769361","30.14185"
"252","4781","Bradshaw Crossing - SF","Lennar Buffington","Lennar Buffington","5701 Silver Screen Drive","78747","0443050216","2","Single Family","Ownership","Affordability Period Expired","1","1","0.0","0","0","0","0","0","0","0","0","1","0","0","02-22-2007","02-22-2008","1",,,,,"No","No","Yes",,,"No",,,,,,,,,,,,"-97.769074","30.140142"
"252","4782","Bradshaw Crossing - SF","Lennar Buffington","Lennar Buffington","5617 Abby Ann Lane","78747","0443050109","2","Single Family","Ownership","Affordability Period Expired","1","1","0.0","0","0","0","0","0","0","0","0","1","0","0","02-23-2007","02-23-2008","1",,,,,"No","No","Yes",,,"No",,,,,,,,,,,,"-97.769898","30.139716"
"252","4783","Bradshaw Crossing - SF","Lennar Buffington","Lennar Buffington","5609 Silver Screen Drive","78747","0443050212","2","Single Family","Ownership","Affordability Period Expired","1","1","0.0","0","0","0","0","0","0","0","0","1","0","0","02-23-2007","02-23-2008","1",,,,,"No","No","Yes",,,"No",,,,,,,,,,,,"-97.76954","30.140429"
"252","4784","Bradshaw Crossing - SF","Lennar Buffington","Lennar Buffington","10229 Deer Chase Trail","78747","0440030301","2","Single Family","Ownership","Affordability Period Expired","1","1","0.0","0","0","0","0","0","0","0","0","1","0","0","03-28-2007","03-28-2008","1",,,,,"No","No","Yes",,,"No",,,,,,,,,,,,"-97.767375","30.140559"
"252","4785","Bradshaw Crossing - SF","Lennar Buffington","Lennar Buffington","5805 Kleberg Trail","78747","0443030204","2","Single Family","Ownership","Affordability Period Expired","1","1","0.0","0","0","0","0","0","0","0","0","1","0","0","03-30-2007","03-30-2008","1",,,,,"No","No","Yes",,,"No",,,,,,,,,,,,"-97.767569","30.140206"
"252","4786","Bradshaw Crossing - SF","Lennar Buffington","Lennar Buffington","10224 Deer Chase Trail","78747","0440030201","2","Single Family","Ownership","Affordability Period Expired","1","1","0.0","0","0","0","0","0","0","0","0","1","0","0","04-13-2007","04-13-2008","1",,,,,"No","No","Yes",,,"No",,,,,,,,,,,,"-97.767772","30.140929"
"252","4787","Bradshaw Crossing - SF","Lennar Buffington","Lennar Buffington","5704 Abby Ann Lane","78747","0443050202","2","Single Family","Ownership","Affordability Period Expired","1","1","0.0","0","0","0","0","0","0","0","0","1","0","0","04-20-2007","04-20-2008","1",,,,,"No","No","Yes",,,"No",,,,,,,,,,,,"-97.769175","30.139777"
"252","4788","Bradshaw Crossing - SF","Lennar Buffington","Lennar Buffington","5609 Abby Ann Lane","78747","0443050107","2","Single Family","Ownership","Affordability Period Expired","1","1","0.0","0","0","0","0","0","0","0","0","1","0","0","05-15-2007","05-15-2008","1",,,,,"No","No","Yes",,,"No",,,,,,,,,,,,"-97.770131","30.13983"
"252","4789","Bradshaw Crossing - SF","Lennar Buffington","Lennar Buffington","5616 Silver Screen Drive","78747","0440050401","2","Single Family","Ownership","Affordability Period Expired","1","1","0.0","0","0","0","0","0","0","0","0","1","0","0","05-24-2007","05-24-2008","1",,,,,"No","No","Yes",,,"No",,,,,,,,,,,,"-97.769078","30.140636"
"252","4790","Bradshaw Crossing - SF","Lennar Buffington","Lennar Buffington","5712 Silver Screen Drive","78747","0443050301","2","Single Family","Ownership","Affordability Period Expired","1","1","0.0","0","0","0","0","0","0","0","0","1","0","0","05-25-2007","05-25-2008","1",,,,,"No","No","Yes",,,"No",,,,,,,,,,,,"-97.768459","30.140317"
"252","4791","Bradshaw Crossing - SF","Lennar Buffington","Lennar Buffington","5709 Kleberg Trail","78747","0440030402","2","Single Family","Ownership","Affordability Period Expired","1","1","0.0","0","0","0","0","0","0","0","0","1","0","0","05-31-2007","05-31-2008","1",,,,,"No","No","Yes",,,"No",,,,,,,,,,,,"-97.768249","30.140603"
"252","4792","Bradshaw Crossing - SF","Lennar Buffington","Lennar Buffington","5704 Silver Screen Drive","78747","0443050303","2","Single Family","Ownership","Affordability Period Expired","1","1","0.0","0","0","0","0","0","0","0","0","1","0","0","06-25-2007","06-25-2008","1",,,,,"No","No","Yes",,,"No",,,,,,,,,,,,"-97.768701","30.140421"
"252","4793","Bradshaw Crossing - SF","Lennar Buffington","Lennar Buffington","5612 Silver Screen Drive","78747","0439080501","2","Single Family","Ownership","Affordability Period Expired","1","1","0.0","0","0","0","0","0","0","0","0","1","0","0","07-13-2007","07-13-2008","1",,,,,"No","No","Yes",,,"No",,,,,,,,,,,,"-97.76167","30.140669"
"252","4794","Bradshaw Crossing - SF","Lennar Buffington","Lennar Buffington","5720 Abby Ann Lane","78747","0443050222","2","Single Family","Ownership","Affordability Period Expired","1","1","0.0","0","0","0","0","0","0","0","0","1","0","0","07-26-2007","07-26-2008","1",,,,,"No","No","Yes",,,"No",,,,,,,,,,,,"-97.768693","30.139485"
"252","4795","Bradshaw Crossing - SF","Lennar Buffington","Lennar Buffington","5612 Kleberg Trail","78747","0440050304","2","Single Family","Ownership","Affordability Period Expired","1","1","0.0","0","0","0","0","0","0","0","0","1","0","0","07-31-2007","07-31-2008","1",,,,,"No","No","Yes",,,"No",,,,,,,,,,,,"-97.768815","30.141447"
"252","4796","Bradshaw Crossing - SF","Lennar Buffington","Lennar Buffington","5609 Kleberg Trail","78747","0439080501","2","Single Family","Ownership","Affordability Period Expired","1","1","0.0","0","0","0","0","0","0","0","0","1","0","0","08-23-2007","08-23-2008","1",,,,,"No","No","Yes",,,"No",,,,,,,,,,,,"-97.7609","30.141046"
"252","4797","Bradshaw Crossing - SF","Lennar Buffington","Lennar Buffington","5713 Abby Ann Lane","78747","0443050115","2","Single Family","Ownership","Affordability Period Expired","1","1","0.0","0","0","0","0","0","0","0","0","1","0","0","08-28-2007","08-28-2008","1",,,,,"No","No","Yes",,,"No",,,,,,,,,,,,"-97.769155","30.139321"
"252","4798","Bradshaw Crossing - SF","Lennar Buffington","Lennar Buffington","5613 Kleberg Trail","78747","0440050409","2","Single Family","Ownership","Affordability Period Expired","1","1","0.0","0","0","0","0","0","0","0","0","1","0","0","09-14-2007","09-14-2008","1",,,,,"No","No","Yes",,,"No",,,,,,,,,,,,"-97.768992","30.140954"
"252","4799","Bradshaw Crossing - SF","Lennar Buffington","Lennar Buffington","5608 Kleberg Trail","78747","0440050305","2","Single Family","Ownership","Affordability Period Expired","1","1","0.0","0","0","0","0","0","0","0","0","1","0","0","09-17-2007","09-17-2008","1",,,,,"No","No","Yes",,,"No",,,,,,,,,,,,"-97.768984","30.141432"
"252","4800","Bradshaw Crossing - SF","Lennar Buffington","Lennar Buffington","5900 Silver Screen Drive","78747","0443030211","2","Single Family","Ownership","Affordability Period Expired","1","1","0.0","0","0","0","0","0","0","0","0","1","0","0","10-03-2007","10-03-2008","1",,,,,"No","No","Yes",,,"No",,,,,,,,,,,,"-97.766954","30.139419"
"252","4801","Bradshaw Crossing - SF","Lennar Buffington","Lennar Buffington","5824 Silver Screen Drive","78747","0443030212","2","Single Family","Ownership","Affordability Period Expired","1","1","0.0","0","0","0","0","0","0","0","0","1","0","0","10-19-2007","10-19-2008","1",,,,,"No","No","Yes",,,"No",,,,,,,,,,,,"-97.767038","30.139534"
"252","4802","Bradshaw Crossing - SF","Lennar Buffington","Lennar Buffington","5904 Silver Screen Drive","78747","0443030210","2","Single Family","Ownership","Affordability Period Expired","1","1","0.0","0","0","0","0","0","0","0","0","1","0","0","11-14-2007","11-14-2008","1",,,,,"No","No","Yes",,,"No",,,,,,,,,,,,"-97.766805","30.139383"
"252","4803","Bradshaw Crossing - SF","Lennar Buffington","Lennar Buffington","5605 Silver Screen Drive","78747","0443050211","2","Single Family","Ownership","Affordability Period Expired","1","1","0.0","0","0","0","0","0","0","0","0","1","0","0","03-16-2007","03-16-2008","1",,,,,"No","No","Yes",,,"No",,,,,,,,,,,,"-97.769649","30.140507"
"252","4804","Bradshaw Crossing - SF","Lennar Buffington","Lennar Buffington","5700 Abby Ann Lane","78747","0443050203","2","Single Family","Ownership","Affordability Period Expired","1","1","0.0","0","0","0","0","0","0","0","0","1","0","0","03-28-2007","03-28-2008","1",,,,,"No","No","Yes",,,"No",,,,,,,,,,,,"-97.769291","30.139847"
"252","4805","Bradshaw Crossing - SF","Lennar Buffington","Lennar Buffington","5608 Abby Ann Lane","78747","0443050207","2","Single Family","Ownership","Affordability Period Expired","1","1","0.0","0","0","0","0","0","0","0","0","1","0","0","05-10-2007","05-10-2008","1",,,,,"No","No","Yes",,,"No",,,,,,,,,,,,"-97.769768","30.140096"
"252","4806","Bradshaw Crossing - SF","Lennar Buffington","Lennar Buffington","5708 Silver Screen Drive","78747","0443050302","2","Single Family","Ownership","Affordability Period Expired","1","1","0.0","0","0","0","0","0","0","0","0","1","0","0","05-25-2007","05-25-2008","1",,,,,"No","No","Yes",,,"No",,,,,,,,,,,,"-97.768542","30.140359"
"252","4807","Bradshaw Crossing - SF","Lennar Buffington","Lennar Buffington","5705 Kleberg Trail","78747","0440030401","2","Single Family","Ownership","Affordability Period Expired","1","1","0.0","0","0","0","0","0","0","0","0","1","0","0","05-31-2007","05-31-2008","1",,,,,"No","No","Yes",,,"No",,,,,,,,,,,,"-97.768363","30.140637"
"252","4808","Bradshaw Crossing - SF","Lennar Buffington","Lennar Buffington","5625 Kleberg Trail","78747","0440050412","2","Single Family","Ownership","Affordability Period Expired","1","1","0.0","0","0","0","0","0","0","0","0","1","0","0","06-21-2007","06-21-2008","1",,,,,"No","No","Yes",,,"No",,,,,,,,,,,,"-97.768612","30.140798"
"252","4809","Bradshaw Crossing - SF","Lennar Buffington","Lennar Buffington","5715 Abby Ann Lane","78747","0443050116","2","Single Family","Ownership","Affordability Period Expired","1","1","0.0","0","0","0","0","0","0","0","0","1","0","0","07-31-2007","07-31-2008","1",,,,,"No","No","Yes",,,"No",,,,,,,,,,,,"-97.769078","30.139269"
"252","4810","Bradshaw Crossing - SF","Lennar Buffington","Lennar Buffington","5812 Silver Screen Drive","78747","0443030215","2","Single Family","Ownership","Affordability Period Expired","1","1","0.0","0","0","0","0","0","0","0","0","1","0","0","08-31-2007","08-31-2008","1",,,,,"No","No","Yes",,,"No",,,,,,,,,,,,"-97.767511","30.139746"
"252","4811","Bradshaw Crossing - SF","Lennar Buffington","Lennar Buffington","5604 Kleberg Trail","78747","0440050306","2","Single Family","Ownership","Affordability Period Expired","1","1","0.0","0","0","0","0","0","0","0","0","1","0","0","11-21-2007","11-21-2008","1",,,,,"No","No","Yes",,,"No",,,,,,,,,,,,"-97.769078","30.141597"
"252","4812","Bradshaw Crossing - SF","Lennar Buffington","Lennar Buffington","5621 Abby Ann Lane","78747","0443050110","2","Single Family","Ownership","Affordability Period Expired","1","1","0.0","0","0","0","0","0","0","0","0","1","0","0","01-29-2007","01-29-2008","1",,,,,"No","No","Yes",,,"No",,,,,,,,,,,,"-97.7697671","30.139647"
"252","4813","Bradshaw Crossing - SF","Lennar Buffington","Lennar Buffington","5613 Abby Ann Lane","78747","0443050108","2","Single Family","Ownership","Affordability Period Expired","1","1","0.0","0","0","0","0","0","0","0","0","1","0","0","02-08-2007","02-08-2008","1",,,,,"No","No","Yes",,,"No",,,,,,,,,,,,"-97.770026","30.139778"
"252","4825","Bradshaw Crossing - SF","Lennar Buffington","Lennar Buffington","5701 Abby Ann Lane","78747","0443050112","2","Single Family","Ownership","Affordability Period Expired","1","1","0.0","0","0","0","0","0","0","0","0","1","0","0","02-22-2007","02-22-2008","1",,,,,"No","No","Yes",,,"No",,,,,,,,,,,,"-97.769515","30.139522"
"252","4826","Bradshaw Crossing - SF","Lennar Buffington","Lennar Buffington","5801 Kleberg Trail","78747","0443030203","2","Single Family","Ownership","Affordability Period Expired","1","1","0.0","0","0","0","0","0","0","0","0","1","0","0","04-02-2007","04-02-2008","1",,,,,"No","No","Yes",,,"No",,,,,,,,,,,,"-97.767687","30.140268"
"252","4827","Bradshaw Crossing - SF","Lennar Buffington","Lennar Buffington","5708 Abby Ann Lane","78747","0443050201","2","Single Family","Ownership","Affordability Period Expired","1","1","0.0","0","0","0","0","0","0","0","0","1","0","0","05-30-2007","05-30-2008","1",,,,,"No","No","Yes",,,"No",,,,,,,,,,,,"-97.769046","30.139731"
"252","4828","Bradshaw Crossing - SF","Lennar Buffington","Lennar Buffington","5532 Kleberg Trail","78747","0440050310","2","Single Family","Ownership","Affordability Period Expired","1","1","0.0","0","0","0","0","0","0","0","0","1","0","0","01-23-2008","01-23-2009","1",,,,,"No","No","Yes",,,"No",,,,,,,,,,,,"-97.769395","30.141983"
"252","4829","Bradshaw Crossing - SF","Lennar Buffington","Lennar Buffington","5708 Zachary Scott Street","78747","0443050123","2","Single Family","Ownership","Affordability Period Expired","1","1","0.0","0","0","0","0","0","0","0","0","1","0","0","06-17-2008","06-17-2009","1",,,,,"No","No","Yes",,,"No",,,,,,,,,,,,"-97.769752","30.139205"
"252","4830","Bradshaw Crossing - SF","Lennar Buffington","Lennar Buffington","5829 Silver Screen Drive","78747","0443030308","2","Single Family","Ownership","Affordability Period Expired","1","1","0.0","0","0","0","0","0","0","0","0","1","0","0","06-27-2008","06-27-2009","1",,,,,"No","No","Yes",,,"No",,,,,,,,,,,,"-97.767283","30.139179"
"252","4831","Bradshaw Crossing - SF","Lennar Buffington","Lennar Buffington","5912 Silver Screen Drive","78747","0443030208","2","Single Family","Ownership","Affordability Period Expired","1","1","0.0","0","0","0","0","0","0","0","0","1","0","0","02-27-2008","02-27-2009","1",,,,,"No","No","Yes",,,"No",,,,,,,,,,,,"-97.766601","30.139231"
"252","4832","Bradshaw Crossing - SF","Lennar Buffington","Lennar Buffington","5540 Kleberg Trail","78747","0440050308","2","Single Family","Ownership","Affordability Period Expired","1","1","0.0","0","0","0","0","0","0","0","0","1","0","0","03-27-2008","03-27-2009","1",,,,,"No","No","Yes",,,"No",,,,,,,,,,,,"-97.769291","30.141786"
"252","4833","Bradshaw Crossing - SF","Lennar Buffington","Lennar Buffington","5716 Zachary Scott Street","78747","0443050121","2","Single Family","Ownership","Affordability Period Expired","1","1","0.0","0","0","0","0","0","0","0","0","1","0","0","04-11-2008","04-11-2009","1",,,,,"No","No","Yes",,,"No",,,,,,,,,,,,"-97.769505","30.139087"
"252","4834","Bradshaw Crossing - SF","Lennar Buffington","Lennar Buffington","5809 Silver Screen Drive","78747","0443030303","2","Single Family","Ownership","Affordability Period Expired","1","1","0.0","0","0","0","0","0","0","0","0","1","0","0","04-16-2008","04-16-2009","1",,,,,"No","No","Yes",,,"No",,,,,,,,,,,,"-97.767866","30.139516"
"252","4835","Bradshaw Crossing - SF","Lennar Buffington","Lennar Buffington","5600 Kleberg Trail","78747","0440050307","2","Single Family","Ownership","Affordability Period Expired","1","1","0.0","0","0","0","0","0","0","0","0","1","0","0","04-18-2008","04-18-2009","1",,,,,"No","No","Yes",,,"No",,,,,,,,,,,,"-97.769171","30.141664"
"252","4836","Bradshaw Crossing - SF","Lennar Buffington","Lennar Buffington","5720 Zachary Scott Street","78747","0443050120","2","Single Family","Ownership","Affordability Period Expired","1","1","0.0","0","0","0","0","0","0","0","0","1","0","0","04-28-2008","04-28-2009","1",,,,,"No","No","Yes",,,"No",,,,,,,,,,,,"-97.769403","30.139"
"252","4837","Bradshaw Crossing - SF","Lennar Buffington","Lennar Buffington","5905 Silver Screen Drive","78747","0443030310","2","Single Family","Ownership","Affordability Period Expired","1","1","0.0","0","0","0","0","0","0","0","0","1","0","0","07-17-2008","07-17-2018","10",,,,,"No","No","Yes",,,"No",,,,,,,,,,,,"-97.76705","30.139056"
"252","4838","Bradshaw Crossing - SF","Lennar Buffington","Lennar Buffington","5817 Silver Screen Drive","78747","0443030305","2","Single Family","Ownership","Affordability Period Expired","1","1","0.0","0","0","0","0","0","0","0","0","1","0","0","09-26-2008","09-26-2009","1",,,,,"No","No","Yes",,,"No",,,,,,,,,,,,"-97.767643","30.139383"
"252","4839","Bradshaw Crossing - SF","Lennar Buffington","Lennar Buffington","5612 Zachary Scott Street","78747","0443050128","2","Single Family","Ownership","Affordability Period Expired","1","1","0.0","0","0","0","0","0","0","0","0","1","0","0","11-26-2008","11-26-2009","1",,,,,"No","No","Yes",,,"No",,,,,,,,,,,,"-97.770339","30.139573"
"252","4840","Bradshaw Crossing - SF","Lennar Buffington","Lennar Buffington","5813 Silver Screen Drive","78747","0443030304","2","Single Family","Ownership","Affordability Period Expired","1","1","0.0","0","0","0","0","0","0","0","0","1","0","0","04-15-2008","04-15-2009","1",,,,,"No","No","Yes",,,"No",,,,,,,,,,,,"-97.767772","30.139462"
"252","4841","Bradshaw Crossing - SF","Lennar Buffington","Lennar Buffington","5821 Silver Screen Drive","78747","0443030306","2","Single Family","Ownership","Affordability Period Expired","1","1","0.0","0","0","0","0","0","0","0","0","1","0","0","06-20-2008","06-20-2009","1",,,,,"No","No","Yes",,,"No",,,,,,,,,,,,"-97.767515","30.1393"
"252","4842","Bradshaw Crossing - SF","Lennar Buffington","Lennar Buffington","5616 Zachary Scott Street","78747","0443050127","2","Single Family","Ownership","Affordability Period Expired","1","1","0.0","0","0","0","0","0","0","0","0","1","0","0","11-26-2008","11-26-2009","1",,,,,"No","No","Yes",,,"No",,,,,,,,,,,,"-97.770239","30.139481"
"252","4843","Bradshaw Crossing - SF","Lennar Buffington","Lennar Buffington","5921 Silver Screen Drive","78474","0443030314","2","Single Family","Ownership","Affordability Period Expired","1","1","0.0","0","0","0","0","0","0","0","0","1","0","0","12-01-2008","12-01-2009","1",,,,,"No","No","Yes",,,"No",,,,,,,,,,,,"-97.766563","30.138765"
"252","4844","Bradshaw Crossing - SF","Lennar Buffington","Lennar Buffington","5805 Abby Ann Lane","78747","0443050803","2","Single Family","Ownership","Affordability Period Expired","1","1","0.0","0","0","0","0","0","0","0","0","1","0","0","05-01-2009","05-01-2019","10",,,,,"No","No","Yes",,,"No",,,,,,,,,,,,"-97.768492","30.138923"
"252","4845","Bradshaw Crossing - SF","Lennar Buffington","Lennar Buffington","5812 Abby Ann Lane","78747","0443030327","2","Single Family","Ownership","Affordability Period Expired","1","1","0.0","0","0","0","0","0","0","0","0","1","0","0","05-21-2009","05-21-2010","1",,,,,"No","No","Yes",,,"No",,,,,,,,,,,,"-97.767986","30.139142"
"252","4846","Bradshaw Crossing - SF","Lennar Buffington","Lennar Buffington","5821 Abby Ann Lane","78747","0443030404","2","Single Family","Ownership","Affordability Period Expired","1","1","0.0","0","0","0","0","0","0","0","0","1","0","0","10-28-2009","10-28-2010","1",,,,,"No","No","Yes",,,"No",,,,,,,,,,,,"-97.768018","30.138643"
"252","4847","Bradshaw Crossing - SF","Lennar Buffington","Lennar Buffington","5709 Zachary Scott Street","78747","0443050703","2","Single Family","Ownership","Affordability Period Expired","1","1","0.0","0","0","0","0","0","0","0","0","1","0","0","11-25-2009","11-25-2010","1",,,,,"No","No","Yes",,,"No",,,,,,,,,,,,"-97.770062","30.138807"
"252","4848","Bradshaw Crossing - SF","Lennar Buffington","Lennar Buffington","5800 Abby Ann Lane","78747","0443030330","2","Single Family","Ownership","Affordability Period Expired","1","1","0.0","0","0","0","0","0","0","0","0","1","0","0","02-23-2009","02-23-2010","1",,,,,"No","No","Yes",,,"No",,,,,,,,,,,,"-97.76834","30.139365"
"252","4849","Bradshaw Crossing - SF","Lennar Buffington","Lennar Buffington","5828 Abby Ann Lane","78747","0443030323","2","Single Family","Ownership","Affordability Period Expired","1","1","0.0","0","0","0","0","0","0","0","0","1","0","0","04-23-2009","04-23-2010","1",,,,,"No","No","Yes",,,"No",,,,,,,,,,,,"-97.767514","30.13885"
"252","4850","Bradshaw Crossing - SF","Lennar Buffington","Lennar Buffington","5921 Abby Ann Lane","78747","0443030412","2","Single Family","Ownership","Affordability Period Expired","1","1","0.0","0","0","0","0","0","0","0","0","1","0","0","07-31-2009","07-31-2010","1",,,,,"No","No","Yes",,,"No",,,,,,,,,,,,"-97.767046","30.138156"
"252","4851","Bradshaw Crossing - SF","Lennar Buffington","Lennar Buffington","5601 Zachary Scott Street","78747","0443050614","2","Single Family","Ownership","Affordability Period Expired","1","1","0.0","0","0","0","0","0","0","0","0","1","0","0","08-24-2009","08-24-2010","1",,,,,"No","No","Yes",,,"No",,,,,,,,,,,,"-97.771035","30.139336"
"252","4852","Bradshaw Crossing - SF","Lennar Buffington","Lennar Buffington","5613 Zachary Scott Street","78747","0443050617","2","Single Family","Ownership","Affordability Period Expired","1","1","0.0","0","0","0","0","0","0","0","0","1","0","0","08-28-2009","08-28-2010","1",,,,,"No","No","Yes",,,"No",,,,,,,,,,,,"-97.770603","30.139188"
"252","4853","Bradshaw Crossing - SF","Lennar Buffington","Lennar Buffington","5912 Abby Ann Lane","78747","0443030319","2","Single Family","Ownership","Affordability Period Expired","1","1","0.0","0","0","0","0","0","0","0","0","1","0","0","09-23-2009","09-23-2010","1",,,,,"No","No","Yes",,,"No",,,,,,,,,,,,"-97.767075","30.138606"
"252","4854","Bradshaw Crossing - SF","Lennar Buffington","Lennar Buffington","5701 Zachary Scott Street","78747","0443050701","2","Single Family","Ownership","Affordability Period Expired","1","1","0.0","0","0","0","0","0","0","0","0","1","0","0","10-30-2009","10-30-2010","1",,,,,"No","No","Yes",,,"No",,,,,,,,,,,,"-97.770303","30.138943"
"252","4855","Bradshaw Crossing - SF","Lennar Buffington","Lennar Buffington","5801 Abby Ann Lane","78747","0443050802","2","Single Family","Ownership","Affordability Period Expired","1","1","0.0","0","0","0","0","0","0","0","0","1","0","0","11-24-2009","11-24-2010","1",,,,,"No","No","Yes",,,"No",,,,,,,,,,,,"-97.768627","30.138978"
"252","4856","Bradshaw Crossing -SF","Lennar Buffington","Lennar Buffington","5717 Zachary Scott Street","78747","0443050705","2","Single Family","Ownership","Affordability Period Expired","1","1","0.0","0","0","0","0","0","0","0","0","1","0","0","11-25-2009","11-25-2010","1",,,,,"No","No","Yes",,,"No",,,,,,,,,,,,"-97.7698","30.138701"
"252","4857","Bradshaw Crossing - SF","Lennar Buffington","Lennar Buffington","5905 Abby Ann Lane","78747","0443030408","2","Single Family","Ownership","Affordability Period Expired","1","1","0.0","0","0","0","0","0","0","0","0","1","0","0","11-30-2009","11-30-2010","1",,,,,"No","No","Yes",,,"No",,,,,,,,,,,,"-97.767568","30.138361"
"252","4858","Bradshaw Crossing - SF","Lennar Buffington","Lennar Buffington","10300 Lone Pine Lane","78747","0440050201","2","Single Family","Ownership","Affordability Period Expired","1","1","0.0","0","0","0","0","0","0","0","0","1","0","0","12-15-2009","12-15-2010","1",,,,,"No","No","Yes",,,"No",,,,,,,,,,,,"-97.7702","30.14237"
"252","4859","Bradshaw Crossing - SF","Lennar Buffington","Lennar Buffington","5824 Abby Ann Lane","78747","0443030324","2","Single Family","Ownership","Affordability Period Expired","1","1","0.0","0","0","0","0","0","0","0","0","1","0","0","10-21-2009","10-21-2010","1",,,,,"No","No","Yes",,,"No",,,,,,,,,,,,"-97.767607","30.138967"
"252","4860","Bradshaw Crossing -SF","Lennar Buffington","Lennar Buffington","5705 Zachary Scott Street","78474","0443050702","2","Single Family","Ownership","Affordability Period Expired","1","1","0.0","0","0","0","0","0","0","0","0","1","0","0","10-30-2009","10-30-2010","1",,,,,"No","No","Yes",,,"No",,,,,,,,,,,,"-97.770167","30.138895"
"252","4861","Bradshaw Crossing - SF","Lennar Buffington","Lennar Buffington","5800 Zachary Scott Street","78747","0443050801","2","Single Family","Ownership","Affordability Period Expired","1","1","0.0","0","0","0","0","0","0","0","0","1","0","0","11-19-2009","11-19-2010","1",,,,,"No","No","No",,,"No",,,,,,,,,,,,"-97.768834","30.138678"
"252","4862","Bradshaw Crossing - SF","Lennar Buffington","Lennar Buffington","5713 Zachary Scott Street","78747","0443050704","2","Single Family","Ownership","Affordability Period Expired","1","1","0.0","0","0","0","0","0","0","0","0","1","0","0","11-30-2009","11-30-2010","1",,,,,"No","No","Yes",,,"No",,,,,,,,,,,,"-97.769958","30.138743"
"252","4863","Bradshaw Crossing - SF","Lennar Buffington","Lennar Buffington","5817 Abby Ann Lane","78747","0443030403","2","Single Family","Ownership","Affordability Period Expired","1","1","0.0","0","0","0","0","0","0","0","0","1","0","0","04-30-2010","04-30-2011","1",,,,,"No","No","Yes",,,"No",,,,,,,,,,,,"-97.768144","30.138725"
"252","4864","Bradshaw Crossing - SF","Lennar Buffington","Lennar Buffington","5924 Abby Ann Lane","78747","0443030316","2","Single Family","Ownership","Affordability Period Expired","1","1","0.0","0","0","0","0","0","0","0","0","1","0","0","04-22-2010","04-22-2020","10",,,,,"No","No","Yes",,,"No",,,,,,,,,,,,"-97.766686","30.138413"
"252","4865","Bradshaw Crossing - SF","Lennar Buffington","Lennar Buffington","5933 Silver Screen Drive","78747","0443030332","2","Single Family","Ownership","Affordability Period Expired","1","1","0.0","0","0","0","0","0","0","0","0","1","0","0","11-24-2010","11-24-2011","1",,,,,"No","No","Yes",,,"No",,,,,,,,,,,,"-97.766238","30.138564"
"252","4866","Bradshaw Crossing - SF","Lennar Buffington","Lennar Buffington","5932 Abby Ann Lane","78747","0443030335","2","Single Family","Ownership","Affordability Period Expired","1","1","0.0","0","0","0","0","0","0","0","0","1","0","0","12-17-2010","12-17-2011","1",,,,,"No","No","Yes",,,"No",,,,,,,,,,,,"-97.766449","30.13829"
"252","4867","Bradshaw Crossing - SF","Lennar Buffington","Lennar Buffington","10208 Lone Pine Lane","78747","0440050112","2","Single Family","Ownership","Affordability Period Expired","1","1","0.0","0","0","0","0","0","0","0","0","1","0","0","12-23-2010","12-23-2011","1",,,,,"No","No","Yes",,,"No",,,,,,,,,,,,"-97.769651","30.142677"
"252","4868","Bradshaw Crossing - SF","Lennar Buffington","Lennar Buffington","10308 Lone Pine Lane","78747","0440050203","2","Single Family","Ownership","Affordability Period Expired","1","1","0.0","0","0","0","0","0","0","0","0","1","0","0","02-26-2010","02-26-2011","1",,,,,"No","No","Yes",,,"No",,,,,,,,,,,,"-97.770512","30.142157"
"252","4869","Bradshaw Crossing - SF","Lennar Buffington","Lennar Buffington","5932 Silver Screen Drive","78747","0443030221","2","Single Family","Ownership","Affordability Period Expired","1","1","0.0","0","0","0","0","0","0","0","0","1","0","0","11-22-2010","11-22-2011","1",,,,,"No","No","Yes",,,"No",,,,,,,,,,,,"-97.765983","30.138933"
"252","4870","Bradshaw Crossing - SF","Lennar Buffington","Lennar Buffington","5537 Kleberg Trail","78747","0440050208","2","Single Family","Ownership","Affordability Period Expired","1","1","0.0","0","0","0","0","0","0","0","0","1","0","0","06-17-2010","06-17-2020","10",,,,,"No","No","Yes",,,"No",,,,,,,,,,,,"-97.769731","30.141624"
"252","4871","Bradshaw Crossing - SF","Lennar Buffington","Lennar Buffington","5936 Silver Screen Drive","78747","0443030220","2","Single Family","Ownership","Affordability Period Expired","1","1","0.0","0","0","0","0","0","0","0","0","1","0","0","11-18-2010","11-18-2011","1",,,,,"No","No","Yes",,,"No",,,,,,,,,,,,"-97.765813","30.138904"
"252","4872","Bradshaw Crossing - SF","Lennar Buffington","Lennar Buffington","5545 Kleberg Trail","78747","0440050209","2","Single Family","Ownership","Affordability Period Expired","1","1","0.0","0","0","0","0","0","0","0","0","1","0","0","03-23-2010","03-23-2011","1",,,,,"No","No","Yes",,,"No",,,,,,,,,,,,"-97.769639","30.141479"
"252","4873","Bradshaw Crossing - SF","Lennar Buffington","Lennar Buffington","5604 Zachary Scott Street","78747","0443050130","2","Single Family","Ownership","Affordability Period Expired","1","1","0.0","0","0","0","0","0","0","0","0","1","0","0","03-30-2010","03-30-2011","1",,,,,"No","No","Yes",,,"No",,,,,,,,,,,,"-97.770601","30.13968"
"252","4874","Bradshaw Crossing - SF","Lennar Buffington","Lennar Buffington","5801 Silver Screen Drive","78747","0443030301","2","Single Family","Ownership","Affordability Period Expired","1","1","0.0","0","0","0","0","0","0","0","0","1","0","0","04-29-2010","04-29-2011","1",,,,,"No","No","Yes",,,"No",,,,,,,,,,,,"-97.768126","30.139652"
"252","4875","Bradshaw Crossing - SF","Lennar Buffington","Lennar Buffington","5813 Abby Ann Lane","78747","0443030402","2","Single Family","Ownership","Affordability Period Expired","1","1","0.0","0","0","0","0","0","0","0","0","1","0","0","06-24-2010","06-24-2011","1",,,,,"No","No","Yes",,,"No",,,,,,,,,,,,"-97.768291","30.13876"
"252","4876","Bradshaw Crossing - SF","Lennar Buffington","Lennar Buffington","5809 Abby Ann Lane","78747","0443030401","2","Single Family","Ownership","Affordability Period Expired","1","1","0.0","0","0","0","0","0","0","0","0","1","0","0","02-26-2010","02-26-2011","1",,,,,"No","No","Yes",,,"No",,,,,,,,,,,,"-97.768403","30.138836"
"252","4877","Bradshaw Crossing - SF","Lennar Buffington","Lennar Buffington","5912 Zachary Scott Street","78747","0443030418","2","Single Family","Ownership","Affordability Period Expired","1","1","0.0","0","0","0","0","0","0","0","0","1","0","0","05-25-2011","05-25-2012","1",,,,,"No","No","Yes",,,"No",,,,,,,,,,,,"-97.767369","30.137906"
"252","4878","Bradshaw Crossing - SF","Lennar Buffington","Lennar Buffington","5500 Emma Thompson Way","78747","0440050109","2","Single Family","Ownership","Affordability Period Expired","1","1","0.0","0","0","0","0","0","0","0","0","1","0","0","06-29-2011","06-29-2012","1",,,,,"No","No","Yes",,,"No",,,,,,,,,,,,"-97.769324","30.142901"
"252","4879","Bradshaw Crossing - SF","Lennar Buffington","Lennar Buffington","5608 Emma Thompson Way","78747","0440050502","2","Single Family","Ownership","Affordability Period Expired","1","1","0.0","0","0","0","0","0","0","0","0","1","0","0","07-20-2011","07-20-2012","1",,,,,"No","No","Yes",,,"No",,,,,,,,,,,,"-97.768491","30.142205"
"252","4880","Bradshaw Crossing - SF","Lennar Buffington","Lennar Buffington","5821 Zachary Scott Street","78747","0443050906","2","Single Family","Ownership","Affordability Period Expired","1","1","0.0","0","0","0","0","0","0","0","0","1","0","0","08-17-2011","08-17-2012","1",,,,,"No","No","Yes",,,"No",,,,,,,,,,,,"-97.768476","30.138019"
"252","4881","Bradshaw Crossing - SF","Lennar Buffington","Lennar Buffington","5808 Zachary Scott Street","78747","0443050805","2","Single Family","Ownership","Affordability Period Expired","1","1","0.0","0","0","0","0","0","0","0","0","1","0","0","08-30-2011","08-30-2012","1",,,,,"No","No","Yes",,,"No",,,,,,,,,,,,"-97.768619","30.13855"
"252","4882","Bradshaw Crossing - SF","Lennar Buffington","Lennar Buffington","5616 Emma Thompson Way","78747","0440050501","2","Single Family","Ownership","Affordability Period Expired","1","1","0.0","0","0","0","0","0","0","0","0","1","0","0","08-31-2011","08-31-2012","1",,,,,"No","No","Yes",,,"No",,,,,,,,,,,,"-97.768372","30.142102"
"252","4883","Bradshaw Crossing","Lennar Buffington","Lennar Buffington","5809 Zachary Scott Street","78747","0443050903","2","Single Family","Ownership","Affordability Period Expired","1","1","0.0","0","0","0","0","0","0","0","0","1","0","0","12-30-2011","12-30-2012","1",,,,,"No","No","Yes",,,"No",,,,,,,,,,,,"-97.768938","30.138172"
"252","4884","Bradshaw Crossing - SF","Lennar Buffington","Lennar Buffington","5929 Silver Screen Drive","78747","0443030331","2","Single Family","Ownership","Affordability Period Expired","1","1","0.0","0","0","0","0","0","0","0","0","1","0","0","03-30-2011","03-30-2012","1",,,,,"No","No","Yes",,,"No",,,,,,,,,,,,"-97.766349","30.138648"
"252","4885","Bradshaw Crossing - SF","Lennar Buffington","Lennar Buffington","5928 Silver Screen Drive","78747","0443030222","2","Single Family","Ownership","Affordability Period Expired","1","1","0.0","0","0","0","0","0","0","0","0","1","0","0","03-31-2011","03-31-2012","1",,,,,"No","No","Yes",,,"No",,,,,,,,,,,,"-97.766103","30.138975"
"252","4886","Bradshaw Crossing - SF","Lennar Buffington","Lennar Buffington","5804 Zachary Scott Street","78747","0443050806","2","Single Family","Ownership","Affordability Period Expired","1","1","0.0","0","0","0","0","0","0","0","0","1","0","0","07-28-2011","07-28-2012","1",,,,,"No","No","Yes",,,"No",,,,,,,,,,,,"-97.768731","30.13862"
"252","4887","Bradshaw Crossing - SF","Lennar Buffington","Lennar Buffington","5605 Emma Thompson Way","78747","0440050314","2","Single Family","Ownership","Affordability Period Expired","1","1","0.0","0","0","0","0","0","0","0","0","1","0","0","08-30-2011","08-30-2012","1",,,,,"No","No","Yes",,,"No",,,,,,,,,,,,"-97.768963","30.141994"
"252","4888","Bradshaw Crossing - SF","Lennar Buffington","Lennar Buffington","5901 Zachary Scott Street","78747","0443030504","2","Single Family","Ownership","Affordability Period Expired","1","1","0.0","0","0","0","0","0","0","0","0","1","0","0","09-12-2011","09-12-2012","1",,,,,"No","No","Yes",,,"No",,,,,,,,,,,,"-97.768045","30.137731"
"252","4889","Bradshaw Crossing - SF","Lennar Buffington","Lennar Buffington","5625 Emma Thompson Way","78747","0440030501","2","Single Family","Ownership","Affordability Period Expired","1","1","0.0","0","0","0","0","0","0","0","0","1","0","0","10-21-2011","10-21-2012","1",,,,,"No","No","Yes",,,"No",,,,,,,,,,,,"-97.76836","30.141573"
"252","4890","Bradshaw Crossing - SF","Lennar Buffington","Lennar Buffington","5640 Emma Thompson Way","78747","0440030209","2","Single Family","Ownership","Affordability Period Expired","1","1","0.0","0","0","0","0","0","0","0","0","1","0","0","11-23-2011","11-23-2012","1",,,,,"No","No","Yes",,,"No",,,,,,,,,,,,"-97.767659","30.141722"
"252","4891","Bradshaw Crossing - SF","Lennar Buffington","Lennar Buffington","5805 Zachary Scott Street","78747","0443050902","2","Single Family","Ownership","Affordability Period Expired","1","1","0.0","0","0","0","0","0","0","0","0","1","0","0","11-30-2011","11-30-2012","1",,,,,"No","No","Yes",,,"No",,,,,,,,,,,,"-97.769047","30.138252"
"252","4892","Bradshaw Crossing - SF","Lennar Buffington","Lennar Buffington","5813 Zachary Scott Street","78747","0443050904","2","Single Family","Ownership","Affordability Period Expired","1","1","0.0","0","0","0","0","0","0","0","0","1","0","0","12-22-2011","12-22-2012","1",,,,,"No","No","Yes",,,"No",,,,,,,,,,,,"-97.768772","30.138099"
"252","4893","Bradshaw Crossing - SF","Lennar Buffington","Lennar Buffington","5629 Emma Thompson Way","78747","0440030502","2","Single Family","Ownership","Affordability Period Expired","1","1","0.0","0","0","0","0","0","0","0","0","1","0","0","11-29-2011","11-29-2012","1",,,,,"No","No","Yes",,,"No",,,,,,,,,,,,"-97.768228","30.141532"
"252","4894","Bradshaw Crossing - SF","Lennar Buffington","Lennar Buffington","5817 Zachary Scott Street","78747","0443050905","2","Single Family","Ownership","Affordability Period Expired","1","1","0.0","0","0","0","0","0","0","0","0","1","0","0","02-28-2012","02-28-2013","1",,,,,"No","No","Yes",,,"No",,,,,,,,,,,,"-97.768598","30.13811"
"252","4895","Bradshaw Crossing - SF","Lennar Buffington","Lennar Buffington","5632 Emma Thompson Way","78747","0440030211","2","Single Family","Ownership","Affordability Period Expired","1","1","0.0","0","0","0","0","0","0","0","0","1","0","0","02-29-2012","03-01-2013","1",,,,,"No","No","Yes",,,"No",,,,,,,,,,,,"-97.7679","30.1419"
"252","4896","Bradshaw Crossing - SF","Lennar Buffington","Lennar Buffington","5601 Emma Thompson Way","78747","0440050314","2","Single Family","Ownership","Affordability Period Expired","1","1","0.0","0","0","0","0","0","0","0","0","1","0","0","05-31-2012","05-31-2013","1",,,,,"No","No","Yes",,,"No",,,,,,,,,,,,"-97.769051","30.142057"
"252","4897","Bradshaw Crossing - SF","Lennar Buffington","Lennar Buffington","5617 Emma Thompson Way","78747","0440050318","2","Single Family","Ownership","Affordability Period Expired","1","1","0.0","0","0","0","0","0","0","0","0","1","0","0","06-29-2012","06-29-2013","1",,,,,"No","No","Yes",,,"No",,,,,,,,,,,,"-97.768564","30.141735"
"252","4898","Bradshaw Crossing - SF","Lennar Buffington","Lennar Buffington","10108 Deer Chase Trail","78747","0440030217","2","Single Family","Ownership","Affordability Period Expired","1","1","0.0","0","0","0","0","0","0","0","0","1","0","0","09-28-2012","09-28-2013","1",,,,,"No","No","Yes",,,"No",,,,,,,,,,,,"-97.766879","30.141977"
"252","4899","Bradshaw Crossing - SF","Lennar Buffington","Lennar Buffington","10120 Copper Ridge Cove","78747","0440030326","2","Single Family","Ownership","Affordability Period Expired","1","1","0.0","0","0","0","0","0","0","0","0","1","0","0","10-17-2012","10-17-2013","1",,,,,"No","No","Yes",,,"No",,,,,,,,,,,,"-97.76651","30.141138"
"252","4900","Bradshaw Crossing - SF","Lennar Buffington","Lennar Buffington","10120 Deer Chase Trail","78747","0440030220","2","Single Family","Ownership","Affordability Period Expired","1","1","0.0","0","0","0","0","0","0","0","0","1","0","0","11-27-2012","11-27-2013","1",,,,,"No","No","Yes",,,"No",,,,,,,,,,,,"-97.767127","30.14169"
"252","4901","Bradshaw Crossing - SF","Lennar Buffington","Lennar Buffington","10208 Deer Chase Trail","78747","0440030224","2","Single Family","Ownership","Affordability Period Expired","1","1","0.0","0","0","0","0","0","0","0","0","1","0","0","11-30-2012","11-30-2013","1",,,,,"No","No","Yes",,,"No",,,,,,,,,,,,"-97.767428","30.141317"
"252","4902","Bradshaw Crossing - SF","Lennar Buffington","Lennar Buffington","10217 Deer Chase Trail","78747","0440030304","2","Single Family","Ownership","Affordability Period Expired","1","1","0.0","0","0","0","0","0","0","0","0","1","0","0","12-31-2012","12-31-2013","1",,,,,"No","No","Yes",,,"No",,,,,,,,,,,,"-97.76718","30.140894"
"252","4903","Bradshaw Crossing - SF","Lennar Buffington","Lennar Buffington","5644 Emma Thompson Way","78747","0440030208","2","Single Family","Ownership","Affordability Period Expired","1","1","0.0","0","0","0","0","0","0","0","0","1","0","0","04-24-2012","04-24-2013","1",,,,,"No","No","Yes",,,"No",,,,,,,,,,,,"-97.7677","30.141547"
"252","4904","Bradshaw Crossing - SF","Lennar Buffington","Lennar Buffington","5832 Zachary Scott Street","78747","0443030422","2","Single Family","Ownership","Affordability Period Expired","1","1","0.0","0","0","0","0","0","0","0","0","1","0","0","04-27-2012","04-27-2013","1",,,,,"No","No","Yes",,,"No",,,,,,,,,,,,"-97.767894","30.138173"
"252","4905","Bradshaw Crossing - SF","Lennar Buffington","Lennar Buffington","5621 Emma Thompson Way","78747","0440050319","2","Single Family","Ownership","Affordability Period Expired","1","1","0.0","0","0","0","0","0","0","0","0","1","0","0","05-03-2012","05-03-2013","1",,,,,"No","No","Yes",,,"No",,,,,,,,,,,,"-97.768447","30.141659"
"252","4906","Bradshaw Crossing - SF","Lennar Buffington","Lennar Buffington","5613 Emma Thompson Way","78747","0440050317","2","Single Family","Ownership","Affordability Period Expired","1","1","0.0","0","0","0","0","0","0","0","0","1","0","0","05-29-2012","05-29-2013","1",,,,,"No","No","Yes",,,"No",,,,,,,,,,,,"-97.768688","30.14178"
"252","4907","Bradshaw Crossing - SF","Lennar Buffington","Lennar Buffington","5521 Emma Thompson Way","78747","0440050321","2","Single Family","Ownership","Affordability Period Expired","1","1","0.0","0","0","0","0","0","0","0","0","1","0","0","05-30-2012","05-30-2013","1",,,,,"No","No","Yes",,,"No",,,,,,,,,,,,"-97.769283","30.142368"
"252","4908","Bradshaw Crossing - SF","Lennar Buffington","Lennar Buffington","5624 Emma Thompson Way","78747","0440030213","2","Single Family","Ownership","Affordability Period Expired","1","1","0.0","0","0","0","0","0","0","0","0","1","0","0","05-31-2012","05-31-2013","1",,,,,"No","No","Yes",,,"No",,,,,,,,,,,,"-97.768144","30.141959"
"252","4909","Bradshaw Crossing - SF","Lennar Buffington","Lennar Buffington","10105 Deer Chase Trail","78747","0440030314","2","Single Family","Ownership","Affordability Period Expired","1","1","0.0","0","0","0","0","0","0","0","0","1","0","0","10-05-2012","10-05-2013","1",,,,,"No","No","Yes",,,"No",,,,,,,,,,,,"-97.766377","30.14183"
"252","4910","Bradshaw Crossing - SF","Lennar Buffington","Lennar Buffington","10225 Copper Ridge Cove","78747","0443030701","2","Single Family","Ownership","Affordability Period Expired","1","1","0.0","0","0","0","0","0","0","0","0","1","0","0","10-31-2012","10-31-2013","1",,,,,"No","No","Yes",,,"No",,,,,,,,,,,,"-97.766646","30.140176"
"252","4911","Bradshaw Crossing - SF","Lennar Buffington","Lennar Buffington","10117 Copper Ridge Cove","78747","0440030318","2","Single Family","Ownership","Affordability Period Expired","1","1","0.0","0","0","0","0","0","0","0","0","1","0","0","10-31-2012","10-31-2013","1",,,,,"No","No","Yes",,,"No",,,,,,,,,,,,"-97.765988","30.140907"
"252","4912","Bradshaw Crossing - SF","Lennar Buffington","Lennar Buffington","10121 Deer Chase Trail","78747","0440030310","2","Single Family","Ownership","Affordability Period Expired","1","1","0.0","0","0","0","0","0","0","0","0","1","0","0","11-20-2012","11-20-2013","1",,,,,"No","No","Yes",,,"No",,,,,,,,,,,,"-97.766751","30.141493"
"252","4913","Bradshaw Crossing - SF","Lennar Buffington","Lennar Buffington","10200 Deer Chase Trail","78747","0440030222","2","Single Family","Ownership","Affordability Period Expired","1","1","0.0","0","0","0","0","0","0","0","0","1","0","0","11-27-2012","11-27-2013","1",,,,,"No","No","Yes",,,"No",,,,,,,,,,,,"-97.767251","30.141502"
"252","4914","Bradshaw Crossing - SF","Lennar Buffington","Lennar Buffington","5636 Emma Thompson Way","78747","0440030210","2","Single Family","Ownership","Affordability Period Expired","1","1","0.0","0","0","0","0","0","0","0","0","1","0","0","06-20-2012","06-20-2013","1",,,,,"No","No","Yes",,,"No",,,,,,,,,,,,"-97.767796","30.141854"
"252","4915","Bradshaw Crossing - SF","Lennar Buffington","Lennar Buffington","10201 Copper Ridge Cove","78747","0440030317","2","Single Family","Ownership","Affordability Period Expired","1","1","0.0","0","0","0","0","0","0","0","0","1","0","0","10-03-2012","10-03-2013","1",,,,,"No","No","Yes",,,"No",,,,,,,,,,,,"-97.766151","30.140846"
"252","4916","Bradshaw Crossing - SF","Lennar Buffington","Lennar Buffington","5525 Emma Thompson Way","78747","0440050322","2","Single Family","Ownership","Affordability Period Expired","1","1","0.0","0","0","0","0","0","0","0","0","1","0","0","02-29-2012","03-01-2013","1",,,,,"No","No","Yes",,,"No",,,,,,,,,,,,"-97.769209","30.142272"
"252","4917","Bradshaw Crossing - SF","Lennar Buffington","Lennar Buffington","10112 Copper Ridge Cove","78747","0440030324","2","Single Family","Ownership","Affordability Period Expired","1","1","0.0","0","0","0","0","0","0","0","0","1","0","0","10-02-2012","10-02-2013","1",,,,,"No","No","Yes",,,"No",,,,,,,,,,,,"-97.766409","30.14137"
"252","4918","Bradshaw Crossing - SF","Lennar Buffington","Lennar Buffington","10108 Copper Ridge Cove","78747","0440030323","2","Single Family","Ownership","Affordability Period Expired","1","1","0.0","0","0","0","0","0","0","0","0","1","0","0","01-29-2013","01-29-2014","1",,,,,"No","No","Yes",,,"No",,,,,,,,,,,,"-97.766294","30.141465"
"252","4919","Bradshaw Crossing - SF","Lennar Buffington","Lennar Buffington","10213 Copper Ridge Cove","78747","0443030704","2","Single Family","Ownership","Affordability Period Expired","1","1","0.0","0","0","0","0","0","0","0","0","1","0","0","05-21-2013","05-21-2014","1",,,,,"No","No","Yes",,,"No",,,,,,,,,,,,"-97.766339","30.140484"
"252","4920","Bradshaw Crossing - SF","Lennar Buffington","Lennar Buffington","10216 Deer Chase Trail","78747","0440030226","2","Single Family","Ownership","Affordability Period Expired","1","1","0.0","0","0","0","0","0","0","0","0","1","0","0","09-20-2013","09-20-2014","1",,,,,"No","No","Yes",,,"No",,,,,,,,,,,,"-97.767611","30.14113"
"252","4921","Bradshaw Crossing - SF","Lennar Buffington","Lennar Buffington","10001 Pinnacle Crest Loop","78747","0443030808","2","Single Family","Ownership","Affordability Period Expired","1","1","0.0","0","0","0","0","0","0","0","0","1","0","0","10-31-2013","10-31-2014","1",,,,,"No","No","Yes",,,"No",,,,,,,,,,,,"-97.765785","30.139717"
"252","4922","Bradshaw Crossing - SF","Lennar Buffington","Lennar Buffington","10220 Copper Ridge Cove","78747","0443030601","2","Single Family","Ownership","Affordability Period Expired","1","1","0.0","0","0","0","0","0","0","0","0","1","0","0","04-30-2013","04-30-2014","1",,,,,"No","No","Yes",,,"No",,,,,,,,,,,,"-97.76694","30.140493"
"252","4923","Bradshaw Crossing - SF","Lennar Buffington","Lennar Buffington","10216 Lone Pine Lane","78747","0440050102","2","Single Family","Ownership","Affordability Period Expired","1","1","0.0","0","0","0","0","0","0","0","0","1","0","0","10-30-2013","10-30-2014","1",,,,,"No","No","Yes",,,"No",,,,,,,,,,,,"-97.769891","30.142569"
"252","4924","Bradshaw Crossing - SF","Lennar Buffington","Lennar Buffington","5524 Kleberg Trail","78747","0440050312","2","Single Family","Ownership","Affordability Period Expired","1","1","0.0","0","0","0","0","0","0","0","0","1","0","0","11-22-2013","11-22-2014","1",,,,,"No","No","Yes",,,"No",,,,,,,,,,,,"-97.769596","30.142176"
"252","4925","Bradshaw Crossing - SF","Lennar Buffington","Lennar Buffington","10208 Pinnacle Crest Loop","78747","0443030902","2","Single Family","Ownership","Affordability Period Expired","1","1","0.0","0","0","0","0","0","0","0","0","1","0","0","11-27-2013","11-27-2014","1",,,,,"No","No","Yes",,,"No",,,,,,,,,,,,"-97.764629","30.139718"
"252","4926","Bradshaw Crossing - SF","Lennar Buffington","Lennar Buffington","10212 Copper Ridge Cove","78747","0440030330","2","Single Family","Ownership","Affordability Period Expired","1","1","0.0","0","0","0","0","0","0","0","0","1","0","0","02-27-2013","02-27-2014","1",,,,,"No","No","Yes",,,"No",,,,,,,,,,,,"-97.766792","30.140718"
"252","4927","Bradshaw Crossing - SF","Lennar Buffington","Lennar Buffington","10213 Deer Chase Trail","78747","0440030305","2","Single Family","Ownership","Affordability Period Expired","1","1","0.0","0","0","0","0","0","0","0","0","1","0","0","02-28-2013","02-28-2014","1",,,,,"No","No","Yes",,,"No",,,,,,,,,,,,"-97.767105","30.141003"
"252","4928","Bradshaw Crossing - SF","Lennar Buffington","Lennar Buffington","10125 Deer Chase Trail","78747","0440030309","2","Single Family","Ownership","Affordability Period Expired","1","1","0.0","0","0","0","0","0","0","0","0","1","0","0","04-24-2013","04-24-2014","1",,,,,"No","No","Yes",,,"No",,,,,,,,,,,,"-97.766803","30.141399"
"252","4929","Bradshaw Crossing - SF","Lennar Buffington","Lennar Buffington","10120 Pinnacle Crest Loop","78747","0443030908","2","Single Family","Ownership","Affordability Period Expired","1","1","0.0","0","0","0","0","0","0","0","0","1","0","0","11-27-2013","11-27-2014","1",,,,,"No","No","Yes",,,"No",,,,,,,,,,,,"-97.764574","30.140361"
"252","4930","Bradshaw Crossing - SF","Lennar Buffington","Lennar Buffington","10204 Deer Chase Trail","78747","0440030223","2","Single Family","Ownership","Affordability Period Expired","1","1","0.0","0","0","0","0","0","0","0","0","1","0","0","01-11-2013","01-11-2014","1",,,,,"No","No","Yes",,,"No",,,,,,,,,,,,"-97.767385","30.141417"
"252","4931","Bradshaw Crossing - SF","Lennar Buffington","Lennar Buffington","10200 Pinnacle Crest Loop","78747","0443030904","2","Single Family","Ownership","Affordability Period Expired","1","1","0.0","0","0","0","0","0","0","0","0","1","0","0","03-04-2014","03-04-2015","1",,,,,"No","No","Yes",,,"No",,,,,,,,,,,,"-97.764476","30.139909"
"252","4932","Bradshaw Crossing - SF","Lennar Buffington","Lennar Buffington","5913 Kleberg Trail","78747","0443030236","2","Single Family","Ownership","Affordability Period Expired","1","1","0.0","0","0","0","0","0","0","0","0","1","0","0","05-30-2014","05-30-2015","1",,,,,"No","No","Yes",,,"No",,,,,,,,,,,,"-97.765757","30.139274"
"252","4933","Bradshaw Crossing - SF","Lennar Buffington","Lennar Buffington","5605 Little Theatre Bend","78747","0440050119","2","Single Family","Ownership","Affordability Period Expired","1","1","0.0","0","0","0","0","0","0","0","0","1","0","0","08-29-2014","08-29-2015","1",,,,,"No","No","Yes",,,"No",,,,,,,,,,,,"-97.768645","30.143142"
"252","4934","Bradshaw Crossing - SF","Lennar Buffington","Lennar Buffington","10024 Pinnacle Crest Loop","78747","0443030705","2","Single Family","Ownership","Affordability Period Expired","1","1","0.0","0","0","0","0","0","0","0","0","1","0","0","02-27-2014","02-27-2015","1",,,,,"No","No","Yes",,,"No",,,,,,,,,,,,"-97.765717","30.140566"
"252","4935","Bradshaw Crossing - SF","Lennar Buffington","Lennar Buffington","10008 Pinnacle Crest Loop","78747","0443030705","2","Single Family","Ownership","Affordability Period Expired","1","1","0.0","0","0","0","0","0","0","0","0","1","0","0","02-28-2014","02-28-2015","1",,,,,"No","No","Yes",,,"No",,,,,,,,,,,,"-97.765717","30.140566"
"252","4936","Bradshaw Crossing - SF","Lennar Buffington","Lennar Buffington","10209 Pinnacle Crest Loop","78747","0443030803","2","Single Family","Ownership","Affordability Period Expired","1","1","0.0","0","0","0","0","0","0","0","0","1","0","0","02-28-2014","02-28-2015","1",,,,,"No","No","Yes",,,"No",,,,,,,,,,,,"-97.765044","30.139891"
"252","4937","Bradshaw Crossing - SF","Lennar Buffington","Lennar Buffington","5632 Arbor Hill Lane","78747","0440030603","2","Single Family","Ownership","Affordability Period Expired","1","1","0.0","0","0","0","0","0","0","0","0","1","0","0","07-31-2014","07-31-2015","1",,,,,"No","No","Yes",,,"No",,,,,,,,,,,,"-97.766761","30.142883"
"252","4938","Bradshaw Crossing - SF","Lennar Buffington","Lennar Buffington","5629 Arbor Hill Lane","78747","0440030708","2","Single Family","Ownership","Affordability Period Expired","1","1","0.0","0","0","0","0","0","0","0","0","1","0","0","11-26-2014","11-26-2015","1",,,,,"No","No","Yes",,,"No",,,,,,,,,,,,"-97.767251","30.142762"
"252","4939","Bradshaw Crossing - SF","Lennar Buffington","Lennar Buffington","5617 Arbor Hill Lane","78747","0440030705","2","Single Family","Ownership","Affordability Period Expired","1","1","0.0","0","0","0","0","0","0","0","0","1","0","0","11-26-2014","11-26-2015","1",,,,,"No","No","Yes",,,"No",,,,,,,,,,,,"-97.767396","30.143158"
"252","4940","Bradshaw Crossing - SF","Lennar Buffington","Lennar Buffington","5601 Little Theatre Bend","78747","0440050119","2","Single Family","Ownership","Affordability Period Expired","1","1","0.0","0","0","0","0","0","0","0","0","1","0","0","12-31-2014","12-31-2015","1",,,,,"No","No","Yes",,,"No",,,,,,,,,,,,"-97.768641","30.143142"
"252","4941","Bradshaw Crossing - SF","Lennar Buffington","Lennar Buffington","5612 Little Theatre Bend","78747","0440030713","2","Single Family","Ownership","Affordability Period Expired","1","1","0.0","0","0","0","0","0","0","0","0","1","0","0","05-30-2014","05-30-2015","1",,,,,"No","No","Yes",,,"No",,,,,,,,,,,,"-97.767974","30.143029"
"252","4942","Bradshaw Crossing - SF","Lennar Buffington","Lennar Buffington","5717 Little Theatre Bend","78747","0440030237","2","Single Family","Ownership","Affordability Period Expired","1","1","0.0","0","0","0","0","0","0","0","0","1","0","0","08-29-2014","08-29-2015","1",,,,,"No","No","Yes",,,"No",,,,,,,,,,,,"-97.766945","30.14251"
"252","4943","Bradshaw Crossing - SF","Lennar Buffington","Lennar Buffington","5917 Kleberg Trail","78747","0443030237","2","Single Family","Ownership","Affordability Period Expired","1","1","0.0","0","0","0","0","0","0","0","0","1","0","0","05-30-2014","05-30-2015","1",,,,,"No","No","Yes",,,"No",,,,,,,,,,,,"-97.765644","30.139223"
"252","4944","Bradshaw Crossing - SF","Lennar Buffington","Lennar Buffington","5604 Little Theatre Bend","78747","0440030715","2","Single Family","Ownership","Affordability Period Expired","1","1","0.0","0","0","0","0","0","0","0","0","1","0","0","11-25-2014","11-25-2015","1",,,,,"No","No","Yes",,,"No",,,,,,,,,,,,"-97.768096","30.143289"
"252","4945","Bradshaw Crossing - SF","Lennar Buffington","Lennar Buffington","10028 Epic Knoll Drive","78747","0440050118","2","Single Family","Ownership","Affordability Period Expired","1","1","0.0","0","0","0","0","0","0","0","0","1","0","0","02-23-2015","02-23-2016","1",,,,,"No","No","Yes",,,"No",,,,,,,,,,,,"-97.768743","30.143294"
"252","4946","Bradshaw Crossing - SF","Lennar Buffington","Lennar Buffington","10241 Crescendo Lane","78747","0443031302","2","Single Family","Ownership","Affordability Period Expired","1","1","0.0","0","0","0","0","0","0","0","0","1","0","0","04-15-2015","04-15-2016","1",,,,,"No","No","Yes",,,"No",,,,,,,,,,,,"-97.764085","30.138915"
"252","4947","Bradshaw Crossing - SF","Lennar Buffington","Lennar Buffington","6024 Mary Lewis Drive","78747","0443031007","2","Single Family","Ownership","Affordability Period Expired","1","1","0.0","0","0","0","0","0","0","0","0","1","0","0","05-08-2015","05-08-2016","1",,,,,"No","No","Yes",,,"No",,,,,,,,,,,,"-97.766612","30.136464"
"252","4948","Bradshaw Crossing - SF","Lennar Buffington","Lennar Buffington","10024 Epic Knoll Drive","78747","0440050117","2","Single Family","Ownership","Affordability Period Expired","1","1","0.0","0","0","0","0","0","0","0","0","1","0","0","05-21-2015","05-21-2016","1",,,,,"No","No","Yes",,,"No",,,,,,,,,,,,"-97.768688","30.143517"
"252","4949","Bradshaw Crossing - SF","Lennar Buffington","Lennar Buffington","10501 Crescendo Lane","78747","0443031207","2","Single Family","Ownership","Affordability Period Expired","1","1","0.0","0","0","0","0","0","0","0","0","1","0","0","06-09-2015","06-09-2016","1",,,,,"No","No","Yes",,,"No",,,,,,,,,,,,"-97.765667","30.136756"
"252","4950","Bradshaw Crossing - SF","Lennar Buffington","Lennar Buffington","6029 Mary Lewis Drive","78747","0443031107","2","Single Family","Ownership","Affordability Period Expired","1","1","0.0","0","0","0","0","0","0","0","0","1","0","0","11-30-2015","11-30-2016","1",,,,,"No","No","Yes",,,"No",,,,,,,,,,,,"-97.766795","30.136022"
"252","4951","Bradshaw Crossing - SF","Lennar Buffington","Lennar Buffington","6024 Mary Lewis Drive","78747","0443031007","2","Single Family","Ownership","Affordability Period Expired","1","1","0.0","0","0","0","0","0","0","0","0","1","0","0","05-08-2015","05-08-2016","1",,,,,"No","No","Yes",,,"No",,,,,,,,,,,,"-97.766595","30.13647"
"252","4952","Bradshaw Crossing - SF","Lennar Buffington","Lennar Buffington","6033 Mary Lewis Drive","78747","0443031108","2","Single Family","Ownership","Affordability Period Expired","1","1","0.0","0","0","0","0","0","0","0","0","1","0","0","08-31-2015","08-31-2016","1",,,,,"No","No","Yes",,,"No",,,,,,,,,,,,"-97.766673","30.135968"
"252","4953","Bradshaw Crossing - SF","Lennar Buffington","Lennar Buffington","6020 Mary Lewis Drive","78747","0443031008","2","Single Family","Ownership","Affordability Period Expired","1","1","0.0","0","0","0","0","0","0","0","0","1","0","0","04-23-2015","04-23-2016","1",,,,,"No","No","Yes",,,"No",,,,,,,,,,,,"-97.766733","30.136508"
"252","4954","Bradshaw Crossing - SF","Lennar Buffington","Lennar Buffington","10421 Crescendo Drive","78747","0443031211","2","Single Family","Ownership","Affordability Period Expired","1","1","0.0","0","0","0","0","0","0","0","0","1","0","0","02-29-2016","03-01-2017","1",,,,,"No","No","Yes",,,"No",,,,,,,,,,,,"-97.765267","30.137309"
"252","4955","Bradshaw Crossing - SF","Lennar Buffington","Lennar Buffington","10509 Sunday Drive","78747","0443031013","2","Single Family","Ownership","Affordability Period Expired","1","1","0.0","0","0","0","0","0","0","0","0","1","0","0","02-20-2016","02-20-2017","1",,,,,"No","No","Yes",,,"No",,,,,,,,,,,,"-97.766632","30.137046"
"251","4956","Colorado Crossing - SF","Lennar Buffington","Lennar Buffington","4017 Bronco Bend Loop","78744","0320181102","2","Single Family","Ownership","Affordability Period Expired","1","1","0.0","0","0","0","0","0","0","0","0","1","0","0","07-28-2006","07-28-2007","1",,,,,"No","No","Yes",,,"No",,,,,,,,,,,,"-97.695617","30.194979"
"251","4957","Colorado Crossing - SF","Lennar Buffington","Lennar Buffington","3616 Sand Dunes Avenue","78744","0320180208","2","Single Family","Ownership","Affordability Period Expired","1","1","0.0","0","0","0","0","0","0","0","0","1","0","0","08-22-2006","08-22-2007","1",,,,,"No","No","Yes",,,"No",,,,,,,,,,,,"-97.693007","30.19886"
"251","4958","Colorado Crossing - SF","Lennar Buffington","Lennar Buffington","3920 Bronco Bend Loop","78744","0320181028","2","Single Family","Ownership","Affordability Period Expired","1","1","0.0","0","0","0","0","0","0","0","0","1","0","0","08-24-2006","08-24-2007","1",,,,,"No","No","Yes",,,"No",,,,,,,,,,,,"-97.695225","30.195953"
"251","4959","Colorado Crossing - SF","Lennar Buffington","Lennar Buffington","7525 Aspen Brook Drive","78744","0320180321","2","Single Family","Ownership","Affordability Period Expired","1","1","0.0","0","0","0","0","0","0","0","0","1","0","0","01-27-2009","01-27-2019","10",,,,,"No","No","Yes",,,"No",,,,,,,,,,,,"-97.693373","30.198572"
"251","4960","Colorado Crossing - SF","Lennar Buffington","Lennar Buffington","7509 Aspen Brook Drive","78744","0320180317","2","Single Family","Ownership","Affordability Period Expired","1","1","0.0","0","0","0","0","0","0","0","0","1","0","0","08-25-2006","08-25-2007","1",,,,,"No","No","Yes",,,"No",,,,,,,,,,,,"-97.693868","30.19872"
"251","4961","Colorado Crossing - SF","Lennar Buffington","Lennar Buffington","7429 Aspen Brook Drive","78744","0320180309","2","Single Family","Ownership","Affordability Period Expired","1","1","0.0","0","0","0","0","0","0","0","0","1","0","0","08-28-2006","08-28-2007","1",,,,,"No","No","Yes",,,"No",,,,,,,,,,,,"-97.694895","30.199018"
"251","4963","Colorado Crossing - SF","Lennar Buffington","Lennar Buffington","7516 Aspen Brook Drive","78744","0320180211","2","Single Family","Ownership","Affordability Period Expired","1","1","0.0","0","0","0","0","0","0","0","0","1","0","0","05-28-2006","05-28-2007","1",,,,,"No","No","Yes",,,"No",,,,,,,,,,,,"-97.693484","30.199027"
"251","4964","Colorado Crossing - SF","Lennar Buffington","Lennar Buffington","3621 Sand Dunes Avenue","78744","0320180326","2","Single Family","Ownership","Affordability Period Expired","1","1","0.0","0","0","0","0","0","0","0","0","1","0","0","09-15-2006","09-15-2007","1",,,,,"No","No","Yes",,,"No",,,,,,,,,,,,"-97.692471","30.198663"
"251","4965","Colorado Crossing - SF","Lennar Buffington","Lennar Buffington","7509 Elk Pass Drive","78744","0320180202","2","Single Family","Ownership","Affordability Period Expired","1","1","0.0","0","0","0","0","0","0","0","0","1","0","0","10-31-2006","10-31-2007","1",,,,,"No","No","Yes",,,"No",,,,,,,,,,,,"-97.693289","30.199329"
"251","4966","Colorado Crossing - SF","Lennar Buffington","Lennar Buffington","7513 Elk Pass Drive","78744","0320180203","2","Single Family","Ownership","Affordability Period Expired","1","1","0.0","0","0","0","0","0","0","0","0","1","0","0","10-31-2006","10-31-2007","1",,,,,"No","No","Yes",,,"No",,,,,,,,,,,,"-97.693163","30.199301"
"251","4967","Colorado Crossing - SF","Lennar Buffington","Lennar Buffington","7500 Aspen Brook Drive","78744","0320180215","2","Single Family","Ownership","Affordability Period Expired","1","1","0.0","0","0","0","0","0","0","0","0","1","0","0","11-15-2006","11-15-2007","1",,,,,"No","No","Yes",,,"No",,,,,,,,,,,,"-97.69396","30.199168"
"251","4968","Colorado Crossing - SF","Lennar Buffington","Lennar Buffington","3817 Bronco Bend Loop","78744","0320181119","2","Single Family","Ownership","Affordability Period Expired","1","1","0.0","0","0","0","0","0","0","0","0","1","0","0","11-17-2006","11-17-2007","1",,,,,"No","No","Yes",,,"No",,,,,,,,,,,,"-97.693945","30.196594"
"251","4969","Colorado Crossing - SF","Lennar Buffington","Lennar Buffington","7420 Elk Pass Drive","78744","0318180205","2","Single Family","Ownership","Affordability Period Expired","1","1","0.0","0","0","0","0","0","0","0","0","1","0","0","12-29-2006","12-29-2007","1",,,,,"No","No","Yes",,,"No",,,,,,,,,,,,"-97.694294","30.200027"
"251","4970","Colorado Crossing - SF","Lennar Buffington","Lennar Buffington","7404 Aspen Brook Drive","78744","0318180504","2","Single Family","Ownership","Affordability Period Expired","1","1","0.0","0","0","0","0","0","0","0","0","1","0","0","05-31-2006","05-31-2007","1",,,,,"No","No","Yes",,,"No",,,,,,,,,,,,"-97.695322","30.199577"
"251","4971","Colorado Crossing - SF","Lennar Buffington","Lennar Buffington","7504 Aspen Brook Drive","78744","0320180206","2","Single Family","Ownership","Affordability Period Expired","1","1","0.0","0","0","0","0","0","0","0","0","1","0","0","06-27-2006","06-27-2007","1",,,,,"No","No","Yes",,,"No",,,,,,,,,,,,"-97.693032","30.199127"
"251","4972","Colorado Crossing - SF","Lennar Buffington","Lennar Buffington","7409 Aspen Brook Drive","78744","0320180304","2","Single Family","Ownership","Affordability Period Expired","1","1","0.0","0","0","0","0","0","0","0","0","1","0","0","06-27-2006","06-27-2007","1",,,,,"No","No","Yes",,,"No",,,,,,,,,,,,"-97.695525","30.199251"
"251","4973","Colorado Crossing - SF","Lennar Buffington","Lennar Buffington","7437 Aspen Brook Drive","78744","0320180311","2","Single Family","Ownership","Affordability Period Expired","1","1","0.0","0","0","0","0","0","0","0","0","1","0","0","07-19-2006","07-19-2007","1",,,,,"No","No","Yes",,,"No",,,,,,,,,,,,"-97.694655","30.198939"
"251","4974","Colorado Crossing - SF","Lennar Buffington","Lennar Buffington","7445 Aspen Brook Drive","78744","0320180313","2","Single Family","Ownership","Affordability Period Expired","1","1","0.0","0","0","0","0","0","0","0","0","1","0","0","07-27-2006","07-27-2007","1",,,,,"No","No","Yes",,,"No",,,,,,,,,,,,"-97.694412","30.198872"
"251","4975","Colorado Crossing - SF","Lennar Buffington","Lennar Buffington","4013 Bronco Bend Loop","78744","0320181103","2","Single Family","Ownership","Affordability Period Expired","1","1","0.0","0","0","0","0","0","0","0","0","1","0","0","07-28-2006","07-28-2007","1",,,,,"No","No","Yes",,,"No",,,,,,,,,,,,"-97.695539","30.195083"
"251","4976","Colorado Crossing - SF","Lennar Buffington","Lennar Buffington","4009 Bronco Bend Loop","78744","0320181104","2","Single Family","Ownership","Affordability Period Expired","1","1","0.0","0","0","0","0","0","0","0","0","1","0","0","07-28-2006","07-28-2007","1",,,,,"No","No","Yes",,,"No",,,,,,,,,,,,"-97.695433","30.195178"
"251","4977","Colorado Crossing - SF","Lennar Buffington","Lennar Buffington","3921 Bronco Bend Loop","78744","0320181109","2","Single Family","Ownership","Affordability Period Expired","1","1","0.0","0","0","0","0","0","0","0","0","1","0","0","08-23-2006","08-23-2007","1",,,,,"No","No","Yes",,,"No",,,,,,,,,,,,"-97.694933","30.195638"
"251","4978","Colorado Crossing - SF","Lennar Buffington","Lennar Buffington","3913 Bronco Bend Loop","78744","0320181111","2","Single Family","Ownership","Affordability Period Expired","1","1","0.0","0","0","0","0","0","0","0","0","1","0","0","08-30-2006","08-30-2007","1",,,,,"No","No","Yes",,,"No",,,,,,,,,,,,"-97.694709","30.195802"
"251","4979","Colorado Crossing - SF","Lennar Buffington","Lennar Buffington","7537 Aspen Brook Drive","78744","0320180324","2","Single Family","Ownership","Affordability Period Expired","1","1","0.0","0","0","0","0","0","0","0","0","1","0","0","09-07-2006","09-07-2007","1",,,,,"No","No","Yes",,,"No",,,,,,,,,,,,"-97.693019","30.198456"
"251","4980","Colorado Crossing - SF","Lennar Buffington","Lennar Buffington","3604 Sand Dunes Avenue","78744","0320180205","2","Single Family","Ownership","Affordability Period Expired","1","1","0.0","0","0","0","0","0","0","0","0","1","0","0","09-21-2006","09-21-2007","1",,,,,"No","No","Yes",,,"No",,,,,,,,,,,,"-97.6929","30.199217"
"251","4981","Colorado Crossing - SF","Lennar Buffington","Lennar Buffington","3612 Sand Dunes Avenue","78744","0320180207","2","Single Family","Ownership","Affordability Period Expired","1","1","0.0","0","0","0","0","0","0","0","0","1","0","0","09-21-2006","09-21-2007","1",,,,,"No","No","Yes",,,"No",,,,,,,,,,,,"-97.692948","30.198983"
"251","4982","Colorado Crossing - SF","Lennar Buffington","Lennar Buffington","3928 Bronco Bend Loop","78744","0320181030","2","Single Family","Ownership","Affordability Period Expired","1","1","0.0","0","0","0","0","0","0","0","0","1","0","0","09-21-2006","09-21-2007","1",,,,,"No","No","Yes",,,"No",,,,,,,,,,,,"-97.695411","30.195764"
"251","4983","Colorado Crossing - SF","Lennar Buffington","Lennar Buffington","3608 Sand Dunes Avenue","78744","0320180206","2","Single Family","Ownership","Affordability Period Expired","1","1","0.0","0","0","0","0","0","0","0","0","1","0","0","09-25-2006","09-25-2007","1",,,,,"No","No","Yes",,,"No",,,,,,,,,,,,"-97.692912","30.199093"
"251","4984","Colorado Crossing - SF","Lennar Buffington","Lennar Buffington","7517 Aspen Brook Drive","78744","0320180319","2","Single Family","Ownership","Affordability Period Expired","1","1","0.0","0","0","0","0","0","0","0","0","1","0","0","09-27-2006","09-27-2007","1",,,,,"No","No","Yes",,,"No",,,,,,,,,,,,"-97.693614","30.198678"
"251","4985","Colorado Crossing - SF","Lennar Buffington","Lennar Buffington","3601 Sand Dunes Avenue","78744","0320180331","2","Single Family","Ownership","Affordability Period Expired","1","1","0.0","0","0","0","0","0","0","0","0","1","0","0","10-31-2006","10-31-2007","1",,,,,"No","No","Yes",,,"No",,,,,,,,,,,,"-97.692432","30.19925"
"251","4986","Colorado Crossing - SF","Lennar Buffington","Lennar Buffington","3529 Sand Dunes Avenue","78744","0320180332","2","Single Family","Ownership","Affordability Period Expired","1","1","0.0","0","0","0","0","0","0","0","0","1","0","0","10-31-2006","10-31-2007","1",,,,,"No","No","Yes",,,"No",,,,,,,,,,,,"-97.692421","30.199358"
"251","4987","Colorado Crossing - SF","Lennar Buffington","Lennar Buffington","3821 Bronco Bend Loop","78744","0320181118","2","Single Family","Ownership","Affordability Period Expired","1","1","0.0","0","0","0","0","0","0","0","0","1","0","0","11-17-2006","11-17-2007","1",,,,,"No","No","Yes",,,"No",,,,,,,,,,,,"-97.694037","30.196489"
"251","4988","Colorado Crossing - SF","Lennar Buffington","Lennar Buffington","7417 Elk Pass Drive","78744","0318180510","2","Single Family","Ownership","Affordability Period Expired","1","1","0.0","0","0","0","0","0","0","0","0","1","0","0","11-21-2006","11-21-2007","1",,,,,"No","No","Yes",,,"No",,,,,,,,,,,,"-97.694622","30.19972"
"251","4989","Colorado Crossing - SF","Lennar Buffington","Lennar Buffington","3716 Bronco Bend Loop","78744","0320181017","2","Single Family","Ownership","Affordability Period Expired","1","1","0.0","0","0","0","0","0","0","0","0","1","0","0","12-18-2006","12-18-2007","1",,,,,"No","No","Yes",,,"No",,,,,,,,,,,,"-97.694074","30.197059"
"251","4990","Colorado Crossing - SF","Lennar Buffington","Lennar Buffington","7425 Aspen Brook Drive","78744","0320180308","2","Single Family","Ownership","Affordability Period Expired","1","1","0.0","0","0","0","0","0","0","0","0","1","0","0","07-10-2006","07-10-2007","1",,,,,"No","No","Yes",,,"No",,,,,,,,,,,,"-97.695025","30.199055"
"251","4991","Colorado Crossing - SF","Lennar Buffington","Lennar Buffington","3925 Bronco Bend Loop","78744","0320181108","2","Single Family","Ownership","Affordability Period Expired","1","1","0.0","0","0","0","0","0","0","0","0","1","0","0","09-21-2006","09-21-2007","1",,,,,"No","No","Yes",,,"No",,,,,,,,,,,,"-97.695","30.195552"
"251","4992","Colorado Crossing - SF","Lennar Buffington","Lennar Buffington","7445 Elk Pass Drive","78744","0318180517","2","Single Family","Ownership","Affordability Period Expired","1","1","0.0","0","0","0","0","0","0","0","0","1","0","0","10-31-2006","10-31-2007","1",,,,,"No","No","Yes",,,"No",,,,,,,,,,,,"-97.693794","30.19944"
"251","4993","Colorado Crossing - SF","Lennar Buffington","Lennar Buffington","3829 Bronco Bend Loop","78744","0320181116","2","Single Family","Ownership","Affordability Period Expired","1","1","0.0","0","0","0","0","0","0","0","0","1","0","0","10-31-2006","10-31-2007","1",,,,,"No","No","Yes",,,"No",,,,,,,,,,,,"-97.694204","30.196239"
"251","4994","Colorado Crossing - SF","Lennar Buffington","Lennar Buffington","7529 Aspen Brook Drive","78744","0320180322","2","Single Family","Ownership","Affordability Period Expired","1","1","0.0","0","0","0","0","0","0","0","0","1","0","0","08-23-2006","08-23-2007","1",,,,,"No","No","Yes",,,"No",,,,,,,,,,,,"-97.693266","30.198536"
"251","4995","Colorado Crossing - SF","Lennar Buffington","Lennar Buffington","3712 Bronco Bend Loop","78744","0320181016","2","Single Family","Ownership","Affordability Period Expired","1","1","0.0","0","0","0","0","0","0","0","0","1","0","0","12-15-2006","12-15-2007","1",,,,,"No","No","Yes",,,"No",,,,,,,,,,,,"-97.694194","30.197126"
"251","4996","Colorado Crossing - SF","Lennar Buffington","Lennar Buffington","3624 Autumn Bay Drive","78744","0318180111","2","Single Family","Ownership","Affordability Period Expired","1","1","0.0","0","0","0","0","0","0","0","0","1","0","0","01-22-2007","01-22-2008","1",,,,,"No","No","Yes",,,"No",,,,,,,,,,,,"-97.695821","30.199813"
"251","4997","Colorado Crossing - SF","Lennar Buffington","Lennar Buffington","3709 Bronco Bend Loop","78744","0320181130","2","Single Family","Ownership","Affordability Period Expired","1","1","0.0","0","0","0","0","0","0","0","0","1","0","0","01-25-2007","01-25-2008","1",,,,,"No","No","Yes",,,"No",,,,,,,,,,,,"-97.694198","30.197676"
"251","4998","Colorado Crossing - SF","Lennar Buffington","Lennar Buffington","3809 Bronco Bend Loop","78744","0320181121","2","Single Family","Ownership","Affordability Period Expired","1","1","0.0","0","0","0","0","0","0","0","0","1","0","0","01-25-2007","01-25-2008","1",,,,,"No","No","Yes",,,"No",,,,,,,,,,,,"-97.69374","30.196768"
"251","4999","Colorado Crossing - SF","Lennar Buffington","Lennar Buffington","3713 Bronco Bend Loop","78744","0320181129","2","Single Family","Ownership","Affordability Period Expired","1","1","0.0","0","0","0","0","0","0","0","0","1","0","0","01-26-2007","01-26-2008","1",,,,,"No","No","Yes",,,"No",,,,,,,,,,,,"-97.69406","30.197622"
"251","5000","Colorado Crossing - SF","Lennar Buffington","Lennar Buffington","3532 Autumn Bay Drive","78744","0318180104","2","Single Family","Ownership","Affordability Period Expired","1","1","0.0","0","0","0","0","0","0","0","0","1","0","0","02-22-2007","02-22-2008","1",,,,,"No","No","Yes",,,"No",,,,,,,,,,,,"-97.695222","30.20039"
"251","5001","Colorado Crossing - SF","Lennar Buffington","Lennar Buffington","3520 Autumn Bay Drive","78744","0318180101","2","Single Family","Ownership","Affordability Period Expired","1","1","0.0","0","0","0","0","0","0","0","0","1","0","0","02-23-2007","02-23-2008","1",,,,,"No","No","Yes",,,"No",,,,,,,,,,,,"-97.694962","30.200626"
"251","5002","Colorado Crossing - SF","Lennar Buffington","Lennar Buffington","3616 Autumn Bay Drive","78744","0318180109","2","Single Family","Ownership","Affordability Period Expired","1","1","0.0","0","0","0","0","0","0","0","0","1","0","0","02-27-2007","02-27-2008","1",,,,,"No","No","Yes",,,"No",,,,,,,,,,,,"-97.695641","30.199965"
"251","5003","Colorado Crossing - SF","Lennar Buffington","Lennar Buffington","3825 Yarborough Avenue","78744","0320181011","2","Single Family","Ownership","Affordability Period Expired","1","1","0.0","0","0","0","0","0","0","0","0","1","0","0","02-27-2007","02-27-2008","1",,,,,"No","No","Yes",,,"No",,,,,,,,,,,,"-97.694773","30.1969664"
"251","5004","Colorado Crossing - SF","Lennar Buffington","Lennar Buffington","3821 Yarborough Avenue","78744","0320181012","2","Single Family","Ownership","Affordability Period Expired","1","1","0.0","0","0","0","0","0","0","0","0","1","0","0","02-28-2007","02-28-2008","1",,,,,"No","No","Yes",,,"No",,,,,,,,,,,,"-97.69472","30.1971"
"251","5005","Colorado Crossing - SF","Lennar Buffington","Lennar Buffington","3521 Sand Dunes Avenue","78744","0318180118","2","Single Family","Ownership","Affordability Period Expired","1","1","0.0","0","0","0","0","0","0","0","0","1","0","0","03-28-2007","03-28-2008","1",,,,,"No","No","Yes",,,"No",,,,,,,,,,,,"-97.69237","30.199585"
"251","5006","Colorado Crossing - SF","Lennar Buffington","Lennar Buffington","3517 Sand Dunes Avenue","78744","0318180119","2","Single Family","Ownership","Affordability Period Expired","1","1","0.0","0","0","0","0","0","0","0","0","1","0","0","04-20-2007","04-20-2008","1",,,,,"No","No","Yes",,,"No",,,,,,,,,,,,"-97.692373","30.199674"
"251","5007","Colorado Crossing - SF","Lennar Buffington","Lennar Buffington","3501 Sand Dunes Avenue","78744","0318180123","2","Single Family","Ownership","Affordability Period Expired","1","1","0.0","0","0","0","0","0","0","0","0","1","0","0","04-25-2007","04-25-2008","1",,,,,"No","No","Yes",,,"No",,,,,,,,,,,,"-97.692278","30.200116"
"251","5008","Colorado Crossing - SF","Lennar Buffington","Lennar Buffington","3417 Sand Dunes Avenue","78744","0318180126","2","Single Family","Ownership","Affordability Period Expired","1","1","0.0","0","0","0","0","0","0","0","0","1","0","0","04-30-2007","04-30-2008","1",,,,,"No","No","Yes",,,"No",,,,,,,,,,,,"-97.692195","30.200437"
"251","5009","Colorado Crossing - SF","Lennar Buffington","Lennar Buffington","3900 Yarborough Avenue","78744","0320180918","2","Single Family","Ownership","Affordability Period Expired","1","1","0.0","0","0","0","0","0","0","0","0","1","0","0","05-15-2007","05-15-2008","1",,,,,"No","No","Yes",,,"No",,,,,,,,,,,,"-97.695311","30.196931"
"251","5010","Colorado Crossing - SF","Lennar Buffington","Lennar Buffington","3413 Sand Dunes Avenue","78744","0318180127","2","Single Family","Ownership","Affordability Period Expired","1","1","0.0","0","0","0","0","0","0","0","0","1","0","0","05-24-2007","05-24-2008","1",,,,,"No","No","Yes",,,"No",,,,,,,,,,,,"-97.692169","30.200538"
"251","5011","Colorado Crossing - SF","Lennar Buffington","Lennar Buffington","3409 Sand Dunes Avenue","78744","0318180128","2","Single Family","Ownership","Affordability Period Expired","1","1","0.0","0","0","0","0","0","0","0","0","1","0","0","05-31-2007","05-31-2008","1",,,,,"No","No","Yes",,,"No",,,,,,,,,,,,"-97.692183","30.200654"
"251","5012","Colorado Crossing - SF","Lennar Buffington","Lennar Buffington","3405 Sand Dunes Avenue","78744","0318180129","2","Single Family","Ownership","Affordability Period Expired","1","1","0.0","0","0","0","0","0","0","0","0","1","0","0","05-31-2007","05-31-2008","1",,,,,"No","No","Yes",,,"No",,,,,,,,,,,,"-97.692163","30.200768"
"251","5013","Colorado Crossing - SF","Lennar Buffington","Lennar Buffington","3920 Yarborough Avenue","78744","0320180923","2","Single Family","Ownership","Affordability Period Expired","1","1","0.0","0","0","0","0","0","0","0","0","1","0","0","07-06-2007","07-06-2008","1",,,,,"No","No","Yes",,,"No",,,,,,,,,,,,"-97.69583","30.196459"
"251","5014","Colorado Crossing - SF","Lennar Buffington","Lennar Buffington","7541 South Glenn Street","78744","0320181312","2","Single Family","Ownership","Affordability Period Expired","1","1","0.0","0","0","0","0","0","0","0","0","1","0","0","07-23-2007","07-23-2008","1",,,,,"No","No","Yes",,,"No",,,,,,,,,,,,"-97.695727","30.195445"
"251","5015","Colorado Crossing - SF","Lennar Buffington","Lennar Buffington","3829 Yarborough Avenue","78744","0320181010","2","Single Family","Ownership","Affordability Period Expired","1","1","0.0","0","0","0","0","0","0","0","0","1","0","0","07-26-2007","07-26-2008","1",,,,,"No","No","Yes",,,"No",,,,,,,,,,,,"-97.694837","30.19685"
"251","5016","Colorado Crossing - SF","Lennar Buffington","Lennar Buffington","3508 Sand Dunes Avenue","78744","0318180321","2","Single Family","Ownership","Affordability Period Expired","1","1","0.0","0","0","0","0","0","0","0","0","1","0","0","07-30-2007","07-30-2008","1",,,,,"No","No","Yes",,,"No",,,,,,,,,,,,"-97.692831","30.199945"
"251","5017","Colorado Crossing - SF","Lennar Buffington","Lennar Buffington","3420 Sand Dunes Avenue","78744","0318180318","2","Single Family","Ownership","Affordability Period Expired","1","1","0.0","0","0","0","0","0","0","0","0","1","0","0","08-22-2007","08-22-2008","1",,,,,"No","No","Yes",,,"No",,,,,,,,,,,,"-97.692674","30.20026"
"251","5018","Colorado Crossing - SF","Lennar Buffington","Lennar Buffington","3332 Autumn Bay Drive","78744","0318180139","2","Single Family","Ownership","Affordability Period Expired","1","1","0.0","0","0","0","0","0","0","0","0","1","0","0","10-31-2007","10-31-2008","1",,,,,"No","No","Yes",,,"No",,,,,,,,,,,,"-97.693159","30.201176"
"251","5019","Colorado Crossing - SF","Lennar Buffington","Lennar Buffington","3909 Carbondale Avenue","78744","0320180903","2","Single Family","Ownership","Affordability Period Expired","1","1","0.0","0","0","0","0","0","0","0","0","1","0","0","11-21-2007","11-21-2008","1",,,,,"No","No","Yes",,,"No",,,,,,,,,,,,"-97.696078","30.196707"
"251","5020","Colorado Crossing - SF","Lennar Buffington","Lennar Buffington","3505 Hovenweep Avenue","78744","0318180305","2","Single Family","Ownership","Affordability Period Expired","1","1","0.0","0","0","0","0","0","0","0","0","1","0","0","11-30-2007","11-30-2008","1",,,,,"No","No","Yes",,,"No",,,,,,,,,,,,"-97.693136","30.20003"
"251","5021","Colorado Crossing - SF","Lennar Buffington","Lennar Buffington","3813 Carbondale Avenue","78744","0320180909","2","Single Family","Ownership","Affordability Period Expired","1","1","0.0","0","0","0","0","0","0","0","0","1","0","0","12-14-2007","12-14-2008","1",,,,,"No","No","Yes",,,"No",,,,,,,,,,,,"-97.695517","30.197287"
"251","5022","Colorado Crossing - SF","Lennar Buffington","Lennar Buffington","7432 Elk Pass Drive","78744","0318180202","2","Single Family","Ownership","Affordability Period Expired","1","1","0.0","0","0","0","0","0","0","0","0","1","0","0","01-31-2007","01-31-2008","1",,,,,"No","No","Yes",,,"No",,,,,,,,,,,,"-97.693919","30.199951"
"251","5023","Colorado Crossing - SF","Lennar Buffington","Lennar Buffington","3729 Bronco Bend Loop","78744","0320181125","2","Single Family","Ownership","Affordability Period Expired","1","1","0.0","0","0","0","0","0","0","0","0","1","0","0","02-16-2007","02-16-2008","1",,,,,"No","No","Yes",,,"No",,,,,,,,,,,,"-97.693485","30.197308"
"251","5024","Colorado Crossing - SF","Lennar Buffington","Lennar Buffington","3908 Yarborough Avenue","78744","0320180920","2","Single Family","Ownership","Affordability Period Expired","1","1","0.0","0","0","0","0","0","0","0","0","1","0","0","03-21-2007","03-21-2008","1",,,,,"No","No","Yes",,,"No",,,,,,,,,,,,"-97.695542","30.196742"
"251","5025","Colorado Crossing - SF","Lennar Buffington","Lennar Buffington","3833 Bronco Bend Loop","78744","0320181115","2","Single Family","Ownership","Affordability Period Expired","1","1","0.0","0","0","0","0","0","0","0","0","1","0","0","03-29-2007","03-29-2008","1",,,,,"No","No","Yes",,,"No",,,,,,,,,,,,"-97.694312","30.196144"
"251","5026","Colorado Crossing - SF","Lennar Buffington","Lennar Buffington","3608 Autumn Bay Drive","78744","0318180107","2","Single Family","Ownership","Affordability Period Expired","1","1","0.0","0","0","0","0","0","0","0","0","1","0","0","03-29-2007","03-29-2008","1",,,,,"No","No","Yes",,,"No",,,,,,,,,,,,"-97.695487","30.200144"
"251","5027","Colorado Crossing - SF","Lennar Buffington","Lennar Buffington","3517 Hovenweep Avenue","78744","0318180302","2","Single Family","Ownership","Affordability Period Expired","1","1","0.0","0","0","0","0","0","0","0","0","1","0","0","03-30-2007","03-30-2008","1",,,,,"No","No","Yes",,,"No",,,,,,,,,,,,"-97.693269","30.199715"
"251","5028","Colorado Crossing - SF","Lennar Buffington","Lennar Buffington","7412 Elk Pass Drive","78744","0318180207","2","Single Family","Ownership","Affordability Period Expired","1","1","0.0","0","0","0","0","0","0","0","0","1","0","0","03-30-2007","03-30-2008","1",,,,,"No","No","Yes",,,"No",,,,,,,,,,,,"-97.694518","30.200141"
"251","5029","Colorado Crossing - SF","Lennar Buffington","Lennar Buffington","3505 Sand Dunes Avenue","78744","0318180122","2","Single Family","Ownership","Affordability Period Expired","1","1","0.0","0","0","0","0","0","0","0","0","1","0","0","04-30-2007","04-30-2008","1",,,,,"No","No","Yes",,,"No",,,,,,,,,,,,"-97.692264","30.200005"
"251","5030","Colorado Crossing - SF","Lennar Buffington","Lennar Buffington","3924 Yarborough Avenue","78744","0320180924","2","Single Family","Ownership","Affordability Period Expired","1","1","0.0","0","0","0","0","0","0","0","0","1","0","0","05-25-2007","05-25-2008","1",,,,,"No","No","Yes",,,"No",,,,,,,,,,,,"-97.695941","30.196398"
"251","5031","Colorado Crossing - SF","Lennar Buffington","Lennar Buffington","3401 Sand Dunes Avenue","78744","0318180130","2","Single Family","Ownership","Affordability Period Expired","1","1","0.0","0","0","0","0","0","0","0","0","1","0","0","05-31-2007","05-31-2008","1",,,,,"No","No","Yes",,,"No",,,,,,,,,,,,"-97.692112","30.200911"
"251","5032","Colorado Crossing - SF","Lennar Buffington","Lennar Buffington","3520 Sand Dunes Avenue","78744","0318180301","2","Single Family","Ownership","Affordability Period Expired","1","1","0.0","0","0","0","0","0","0","0","0","1","0","0","05-31-2007","05-31-2008","1",,,,,"No","No","Yes",,,"No",,,,,,,,,,,,"-97.692856","30.199615"
"251","5033","Colorado Crossing - SF","Lennar Buffington","Lennar Buffington","3929 Yarborough Avenue","78744","0320181001","2","Single Family","Ownership","Affordability Period Expired","1","1","0.0","0","0","0","0","0","0","0","0","1","0","0","06-06-2007","06-06-2008","1",,,,,"No","No","Yes",,,"No",,,,,,,,,,,,"-97.695705","30.196008"
"251","5034","Colorado Crossing - SF","Lennar Buffington","Lennar Buffington","3921 Yarborough Avenue","78744","0320181003","2","Single Family","Ownership","Affordability Period Expired","1","1","0.0","0","0","0","0","0","0","0","0","1","0","0","06-21-2007","06-21-2008","1",,,,,"No","No","Yes",,,"No",,,,,,,,,,,,"-97.695495","30.19616"
"251","5035","Colorado Crossing - SF","Lennar Buffington","Lennar Buffington","3905 Yarborough Avenue","78744","0320181007","2","Single Family","Ownership","Affordability Period Expired","1","1","0.0","0","0","0","0","0","0","0","0","1","0","0","06-29-2007","06-29-2008","1",,,,,"No","No","Yes",,,"No",,,,,,,,,,,,"-97.695104","30.196546"
"251","5036","Colorado Crossing - SF","Lennar Buffington","Lennar Buffington","3500 Sand Dunes Avenue","78744","0318180319","2","Single Family","Ownership","Affordability Period Expired","1","1","0.0","0","0","0","0","0","0","0","0","1","0","0","08-30-2007","08-30-2008","1",,,,,"No","No","Yes",,,"No",,,,,,,,,,,,"-97.692707","30.200135"
"251","5037","Colorado Crossing - SF","Lennar Buffington","Lennar Buffington","7537 South Glenn Street","78744","0320181311","2","Single Family","Ownership","Affordability Period Expired","1","1","0.0","0","0","0","0","0","0","0","0","1","0","0","08-31-2007","08-31-2008","1",,,,,"No","No","Yes",,,"No",,,,,,,,,,,,"-97.695802","30.195555"
"251","5038","Colorado Crossing - SF","Lennar Buffington","Lennar Buffington","7505 South Glenn Street","78744","0320181303","2","Single Family","Ownership","Affordability Period Expired","1","1","0.0","0","0","0","0","0","0","0","0","1","0","0","09-13-2007","09-13-2008","1",,,,,"No","No","Yes",,,"No",,,,,,,,,,,,"-97.696601","30.196226"
"251","5039","Colorado Crossing - SF","Lennar Buffington","Lennar Buffington","3336 Autumn Bay Drive","78744","0318180140","2","Single Family","Ownership","Affordability Period Expired","1","1","0.0","0","0","0","0","0","0","0","0","1","0","0","11-26-2007","11-26-2008","1",,,,,"No","No","Yes",,,"No",,,,,,,,,,,,"-97.693282","30.201166"
"251","5040","Colorado Crossing - SF","Lennar Buffington","Lennar Buffington","3913 Carbondale Avenue","78744","0320180902","2","Single Family","Ownership","Affordability Period Expired","1","1","0.0","0","0","0","0","0","0","0","0","1","0","0","11-30-2007","11-30-2008","1",,,,,"No","No","Yes",,,"No",,,,,,,,,,,,"-97.696197","30.196612"
"251","5041","Colorado Crossing - SF","Lennar Buffington","Lennar Buffington","3501 Hovenweep Avenue","78744","0318180306","2","Single Family","Ownership","Affordability Period Expired","1","1","0.0","0","0","0","0","0","0","0","0","1","0","0","12-10-2007","12-10-2008","1",,,,,"No","No","Yes",,,"No",,,,,,,,,,,,"-97.693121","30.20016"
"251","5042","Colorado Crossing - SF","Lennar Buffington","Lennar Buffington","3425 Sand Dunes Avenue","78744","0318180124","2","Single Family","Ownership","Affordability Period Expired","1","1","0.0","0","0","0","0","0","0","0","0","1","0","0","05-31-2007","05-31-2008","1",,,,,"No","No","Yes",,,"No",,,,,,,,,,,,"-97.692244","30.200213"
"251","5043","Colorado Crossing - SF","Lennar Buffington","Lennar Buffington","3412 Sand Dunes Avenue","78744","0318180316","2","Single Family","Ownership","Affordability Period Expired","1","1","0.0","0","0","0","0","0","0","0","0","1","0","0","09-18-2007","09-18-2008","1",,,,,"No","No","Yes",,,"No",,,,,,,,,,,,"-97.69267","30.200484"
"251","5044","Colorado Crossing - SF","Lennar Buffington","Lennar Buffington","3421 Sand Dunes Avenue","78744","0318180125","2","Single Family","Ownership","Affordability Period Expired","1","1","0.0","0","0","0","0","0","0","0","0","1","0","0","04-30-2007","04-30-2008","1",,,,,"No","No","Yes",,,"No",,,,,,,,,,,,"-97.692257","30.200331"
"251","5045","Colorado Crossing - SF","Lennar Buffington","Lennar Buffington","3928 Yarborough Avenue","78744","0320180925","2","Single Family","Ownership","Affordability Period Expired","1","1","0.0","0","0","0","0","0","0","0","0","1","0","0","06-25-2007","06-25-2008","1",,,,,"No","No","Yes",,,"No",,,,,,,,,,,,"-97.696028","30.19629"
"251","5046","Colorado Crossing - SF","Lennar Buffington","Lennar Buffington","3320 Autumn Bay Drive","78744","0318180136","2","Single Family","Ownership","Affordability Period Expired","1","1","0.0","0","0","0","0","0","0","0","0","1","0","0","10-12-2007","10-12-2008","1",,,,,"No","No","Yes",,,"No",,,,,,,,,,,,"-97.692776","30.201204"
"251","5047","Colorado Crossing - SF","Lennar Buffington","Lennar Buffington","7445 Montezuma Street","78744","0320181212","2","Single Family","Ownership","Affordability Period Expired","1","1","0.0","0","0","0","0","0","0","0","0","1","0","0","02-26-2008","02-26-2009","1",,,,,"No","No","Yes",,,"No",,,,,,,,,,,,"-97.696435","30.197094"
"251","5048","Colorado Crossing - SF","Lennar Buffington","Lennar Buffington","3409 Hovenweep Avenue","78744","0318180310","2","Single Family","Ownership","Affordability Period Expired","1","1","0.0","0","0","0","0","0","0","0","0","1","0","0","03-13-2008","03-13-2009","1",,,,,"No","No","Yes",,,"No",,,,,,,,,,,,"-97.693049","30.200614"
"251","5049","Colorado Crossing - SF","Lennar Buffington","Lennar Buffington","7437 Montezuma Street","78744","0318180310","2","Single Family","Ownership","Affordability Period Expired","1","1","0.0","0","0","0","0","0","0","0","0","1","0","0","03-25-2008","03-25-2009","1",,,,,"No","No","Yes",,,"No",,,,,,,,,,,,"-97.693049","30.200614"
"251","5050","Colorado Crossing - SF","Lennar Buffington","Lennar Buffington","3817 Carbondale Avenue","78744","0320180908","2","Single Family","Ownership","Affordability Period Expired","1","1","0.0","0","0","0","0","0","0","0","0","1","0","0","03-28-2008","03-28-2009","1",,,,,"No","No","Yes",,,"No",,,,,,,,,,,,"-97.695613","30.197188"
"251","5051","Colorado Crossing - SF","Lennar Buffington","Lennar Buffington","3416 Hovenweep Avenue","78744","0318180219","2","Single Family","Ownership","Affordability Period Expired","1","1","0.0","0","0","0","0","0","0","0","0","1","0","0","07-31-2008","07-31-2009","1",,,,,"No","No","Yes",,,"No",,,,,,,,,,,,"-97.693537","30.200492"
"251","5052","Colorado Crossing - SF","Lennar Buffington","Lennar Buffington","3516 Autumn Bay Drive","78744","0318180153","2","Single Family","Ownership","Affordability Period Expired","1","1","0.0","0","0","0","0","0","0","0","0","1","0","0","08-22-2008","08-22-2009","1",,,,,"No","No","Yes",,,"No",,,,,,,,,,,,"-97.694846","30.200688"
"251","5053","Colorado Crossing - SF","Lennar Buffington","Lennar Buffington","3629 Bronco Bend Loop","78744","0320180705","2","Single Family","Ownership","Affordability Period Expired","1","1","0.0","0","0","0","0","0","0","0","0","1","0","0","12-22-2008","12-22-2009","1",,,,,"No","No","Yes",,,"No",,,,,,,,,,,,"-97.695178","30.197983"
"251","5054","Colorado Crossing - SF","Lennar Buffington","Lennar Buffington","7449 Montezuma Street","78744","0320181213","2","Single Family","Ownership","Affordability Period Expired","1","1","0.0","0","0","0","0","0","0","0","0","1","0","0","01-23-2008","01-23-2009","1",,,,,"No","No","Yes",,,"No",,,,,,,,,,,,"-97.696353","30.197009"
"251","5055","Colorado Crossing - SF","Lennar Buffington","Lennar Buffington","3708 Autumn Bay Drive","78744","0318180114","2","Single Family","Ownership","Affordability Period Expired","1","1","0.0","0","0","0","0","0","0","0","0","1","0","0","02-29-2008","03-01-2009","1",,,,,"No","No","Yes",,,"No",,,,,,,,,,,,"-97.696058","30.199581"
"251","5056","Colorado Crossing - SF","Lennar Buffington","Lennar Buffington","3405 Hovenweep Drive","78744","0318180311","2","Single Family","Ownership","Affordability Period Expired","1","1","0.0","0","0","0","0","0","0","0","0","1","0","0","03-18-2008","03-18-2009","1",,,,,"No","No","Yes",,,"No",,,,,,,,,,,,"-97.693077","30.200709"
"251","5057","Colorado Crossing - SF","Lennar Buffington","Lennar Buffington","3401 Hovenweep Avenue","78744","0318180312","2","Single Family","Ownership","Affordability Period Expired","1","1","0.0","0","0","0","0","0","0","0","0","1","0","0","03-28-2008","03-28-2009","1",,,,,"No","No","Yes",,,"No",,,,,,,,,,,,"-97.693036","30.200821"
"251","5058","Colorado Crossing - SF","Lennar Buffington","Lennar Buffington","7429 Montezuma Street","78744","0320181208","2","Single Family","Ownership","Affordability Period Expired","1","1","0.0","0","0","0","0","0","0","0","0","1","0","0","03-31-2008","03-31-2009","1",,,,,"No","No","Yes",,,"No",,,,,,,,,,,,"-97.69686","30.197426"
"251","5059","Colorado Crossing - SF","Lennar Buffington","Lennar Buffington","7421 Montezuma Street","78744","0320181206","2","Single Family","Ownership","Affordability Period Expired","1","1","0.0","0","0","0","0","0","0","0","0","1","0","0","05-29-2008","05-29-2009","1",,,,,"No","No","Yes",,,"No",,,,,,,,,,,,"-97.697051","30.197626"
"251","5060","Colorado Crossing - SF","Lennar Buffington","Lennar Buffington","3420 Autumn Bay Drive","78744","0318180146","2","Single Family","Ownership","Affordability Period Expired","1","1","0.0","0","0","0","0","0","0","0","0","1","0","0","06-27-2008","06-27-2009","1",,,,,"No","No","Yes",,,"No",,,,,,,,,,,,"-97.694029","30.201085"
"251","5061","Colorado Crossing - SF","Lennar Buffington","Lennar Buffington","3416 Autumn Bay Drive","78744","0318180145","2","Single Family","Ownership","Affordability Period Expired","1","1","0.0","0","0","0","0","0","0","0","0","1","0","0","07-17-2008","07-17-2009","1",,,,,"No","No","Yes",,,"No",,,,,,,,,,,,"-97.693921","30.201134"
"251","5062","Colorado Crossing - SF","Lennar Buffington","Lennar Buffington","3804 Carbondale Avenue","78744","0320180814","2","Single Family","Ownership","Affordability Period Expired","1","1","0.0","0","0","0","0","0","0","0","0","1","0","0","07-30-2008","07-30-2009","1",,,,,"No","No","Yes",,,"No",,,,,,,,,,,,"-97.695808","30.197755"
"251","5063","Colorado Crossing - SF","Lennar Buffington","Lennar Buffington","3808 Carbondale Avenue","78744","0320180815","2","Single Family","Ownership","Affordability Period Expired","1","1","0.0","0","0","0","0","0","0","0","0","1","0","0","07-31-2008","07-31-2009","1",,,,,"No","No","Yes",,,"No",,,,,,,,,,,,"-97.69586","30.197616"
"251","5064","Colorado Crossing - SF","Lennar Buffington","Lennar Buffington","3500 Autumn Bay Drive","78744","0318180149","2","Single Family","Ownership","Affordability Period Expired","1","1","0.0","0","0","0","0","0","0","0","0","1","0","0","07-31-2008","07-31-2009","1",,,,,"No","No","Yes",,,"No",,,,,,,,,,,,"-97.694424","30.20102"
"251","5065","Colorado Crossing - SF","Lennar Buffington","Lennar Buffington","3504 Autumn Bay Drive","78744","0318180150","2","Single Family","Ownership","Affordability Period Expired","1","1","0.0","0","0","0","0","0","0","0","0","1","0","0","08-27-2008","08-27-2009","1",,,,,"No","No","Yes",,,"No",,,,,,,,,,,,"-97.694541","30.200927"
"251","5066","Colorado Crossing - SF","Lennar Buffington","Lennar Buffington","3512 Autumn Bay Drive","78744","0318180152","2","Single Family","Ownership","Affordability Period Expired","1","1","0.0","0","0","0","0","0","0","0","0","1","0","0","09-12-2008","09-12-2018","10",,,,,"No","No","Yes",,,"No",,,,,,,,,,,,"-97.694755","30.200776"
"251","5067","Colorado Crossing - SF","Lennar Buffington","Lennar Buffington","3413 Autumn Bay Drive","78744","0318180215","2","Single Family","Ownership","Affordability Period Expired","1","1","0.0","0","0","0","0","0","0","0","0","1","0","0","09-26-2008","09-26-2009","1",,,,,"No","No","Yes",,,"No",,,,,,,,,,,,"-97.693839","30.200739"
"251","5068","Colorado Crossing - SF","Lennar Buffington","Lennar Buffington","3405 Autumn Bay Drive","78744","0318180217","2","Single Family","Ownership","Affordability Period Expired","1","1","0.0","0","0","0","0","0","0","0","0","1","0","0","11-20-2008","11-20-2018","10",,,,,"No","No","Yes",,,"No",,,,,,,,,,,,"-97.693578","30.200762"
"251","5069","Colorado Crossing - SF","Lennar Buffington","Lennar Buffington","3421 Autumn Bay Drive","78744","0318180213","2","Single Family","Ownership","Affordability Period Expired","1","1","0.0","0","0","0","0","0","0","0","0","1","0","0","11-20-2008","11-20-2018","10",,,,,"No","No","Yes",,,"No",,,,,,,,,,,,"-97.694148","30.200677"
"251","5070","Colorado Crossing - SF","Lennar Buffington","Lennar Buffington","3509 Autumn Bay Drive","78744","0318180210","2","Single Family","Ownership","Affordability Period Expired","1","1","0.0","0","0","0","0","0","0","0","0","1","0","0","12-30-2008","12-30-2018","10",,,,,"No","No","Yes",,,"No",,,,,,,,,,,,"-97.694503","30.200419"
"251","5071","Colorado Crossing - SF","Lennar Buffington","Lennar Buffington","3421 Hovenweep Avenue","78744","0318180307","2","Single Family","Ownership","Affordability Period Expired","1","1","0.0","0","0","0","0","0","0","0","0","1","0","0","01-17-2008","01-17-2009","1",,,,,"No","No","Yes",,,"No",,,,,,,,,,,,"-97.693083","30.200252"
"251","5072","Colorado Crossing - SF","Lennar Buffington","Lennar Buffington","3509 Hovenweep Avenue","78744","0318180304","2","Single Family","Ownership","Affordability Period Expired","1","1","0.0","0","0","0","0","0","0","0","0","1","0","0","02-29-2008","03-01-2009","1",,,,,"No","No","Yes",,,"No",,,,,,,,,,,,"-97.693223","30.199919"
"251","5073","Colorado Crossing - SF","Lennar Buffington","Lennar Buffington","3504 Hovenweep Avenue","78744","0318180222","2","Single Family","Ownership","Affordability Period Expired","1","1","0.0","0","0","0","0","0","0","0","0","1","0","0","04-25-2008","04-25-2018","10",,,,,"No","No","Yes",,,"No",,,,,,,,,,,,"-97.693569","30.200145"
"251","5074","Colorado Crossing - SF","Lennar Buffington","Lennar Buffington","3420 Hovenweep Avenue","78744","0318180220","2","Single Family","Ownership","Affordability Period Expired","1","1","0.0","0","0","0","0","0","0","0","0","1","0","0","05-09-2008","05-09-2009","1",,,,,"No","No","Yes",,,"No",,,,,,,,,,,,"-97.693521","30.200379"
"251","5075","Colorado Crossing - SF","Lennar Buffington","Lennar Buffington","3408 Autumn Bay Drive","78744","0318180143","2","Single Family","Ownership","Affordability Period Expired","1","1","0.0","0","0","0","0","0","0","0","0","1","0","0","05-29-2008","05-29-2009","1",,,,,"No","No","Yes",,,"No",,,,,,,,,,,,"-97.69366","30.201144"
"251","5076","Colorado Crossing - SF","Lennar Buffington","Lennar Buffington","7413 Montezuma Street","78744","0320181204","2","Single Family","Ownership","Affordability Period Expired","1","1","0.0","0","0","0","0","0","0","0","0","1","0","0","06-25-2008","06-25-2009","1",,,,,"No","No","Yes",,,"No",,,,,,,,,,,,"-97.69721","30.19791"
"251","5077","Colorado Crossing - SF","Lennar Buffington","Lennar Buffington","7436 Montezuma Street","78744","0320180804","2","Single Family","Ownership","Affordability Period Expired","1","1","0.0","0","0","0","0","0","0","0","0","1","0","0","11-14-2008","11-14-2009","1",,,,,"No","No","Yes",,,"No",,,,,,,,,,,,"-97.696324","30.197592"
"251","5078","Colorado Crossing - SF","Lennar Buffington","Lennar Buffington","3409 Autumn Bay Drive","78744","0318180216","2","Single Family","Ownership","Affordability Period Expired","1","1","0.0","0","0","0","0","0","0","0","0","1","0","0","09-29-2008","09-29-2009","1",,,,,"No","No","Yes",,,"No",,,,,,,,,,,,"-97.693701","30.200752"
"251","5079","Colorado Crossing - SF","Lennar Buffington","Lennar Buffington","3504 Bronco Bend Loop","78744","0320180807","2","Single Family","Ownership","Affordability Period Expired","1","1","0.0","0","0","0","0","0","0","0","0","1","0","0","10-24-2008","10-24-2009","1",,,,,"No","No","Yes",,,"No",,,,,,,,,,,,"-97.696513","30.197939"
"251","5080","Colorado Crossing - SF","Lennar Buffington","Lennar Buffington","3704 Autumn Bay Drive","78744","0318180113","2","Single Family","Ownership","Affordability Period Expired","1","1","0.0","0","0","0","0","0","0","0","0","1","0","0","01-07-2009","01-07-2019","10",,,,,"No","No","Yes",,,"No",,,,,,,,,,,,"-97.695983","30.199641"
"251","5081","Colorado Crossing - SF","Lennar Buffington","Lennar Buffington","3621 Bronco Bend Loop","78744","0320180707","2","Single Family","Ownership","Affordability Period Expired","1","1","0.0","0","0","0","0","0","0","0","0","1","0","0","06-10-2009","06-10-2010","1",,,,,"No","No","Yes",,,"No",,,,,,,,,,,,"-97.695445","30.198095"
"251","5082","Colorado Crossing - SF","Lennar Buffington","Lennar Buffington","3613 Bronco Bend Loop","78744","0320180709","2","Single Family","Ownership","Affordability Period Expired","1","1","0.0","0","0","0","0","0","0","0","0","1","0","0","06-15-2009","06-15-2010","1",,,,,"No","No","Yes",,,"No",,,,,,,,,,,,"-97.695679","30.198282"
"251","5083","Colorado Crossing - SF","Lennar Buffington","Lennar Buffington","3700 Autumn Bay Drive","78744","0318180112","2","Single Family","Ownership","Affordability Period Expired","1","1","0.0","0","0","0","0","0","0","0","0","1","0","0","06-16-2009","06-16-2019","10",,,,,"No","No","Yes",,,"No",,,,,,,,,,,,"-97.695856","30.199716"
"251","5084","Colorado Crossing - SF","Lennar Buffington","Lennar Buffington","3505 Autumn Bay Drive","78744","0318180211","2","Single Family","Ownership","Affordability Period Expired","1","1","0.0","0","0","0","0","0","0","0","0","1","0","0","07-29-2009","07-29-2019","10",,,,,"No","No","Yes",,,"No",,,,,,,,,,,,"-97.694406","30.200508"
"251","5085","Colorado Crossing - SF","Lennar Buffington","Lennar Buffington","7508 Cedar Edge Drive","78744","0320181317","2","Single Family","Ownership","Affordability Period Expired","1","1","0.0","0","0","0","0","0","0","0","0","1","0","0","09-11-2009","09-11-2010","1",,,,,"No","No","Yes",,,"No",,,,,,,,,,,,"-97.696356","30.19557"
"251","5086","Colorado Crossing - SF","Lennar Buffington","Lennar Buffington","7300 South Glenn Street","78744","0320181227","2","Single Family","Ownership","Affordability Period Expired","1","1","0.0","0","0","0","0","0","0","0","0","1","0","0","11-25-2009","11-25-2010","1",,,,,"No","No","Yes",,,"No",,,,,,,,,,,,"-97.6976921","30.198142"
"251","5087","Colorado Crossing - SF","Lennar Buffington","Lennar Buffington","7400 Aspen Brook Drive","78744","0318180505","2","Single Family","Ownership","Affordability Period Expired","1","1","0.0","0","0","0","0","0","0","0","0","1","0","0","04-28-2009","04-28-2010","1",,,,,"No","No","Yes",,,"No",,,,,,,,,,,,"-97.69538","30.19971"
"251","5088","Colorado Crossing - SF","Lennar Buffington","Lennar Buffington","3513 Bronco Bend Loop","78744","0320180716","2","Single Family","Ownership","Affordability Period Expired","1","1","0.0","0","0","0","0","0","0","0","0","1","0","0","05-29-2009","05-29-2010","1",,,,,"No","No","Yes",,,"No",,,,,,,,,,,,"-97.696555","30.198523"
"251","5089","Colorado Crossing - SF","Lennar Buffington","Lennar Buffington","3505 Bronco Bend Loop","78744","0320180718","2","Single Family","Ownership","Affordability Period Expired","1","1","0.0","0","0","0","0","0","0","0","0","1","0","0","06-03-2009","06-03-2010","1",,,,,"No","No","Yes",,,"No",,,,,,,,,,,,"-97.696759","30.198281"
"251","5090","Colorado Crossing - SF","Lennar Buffington","Lennar Buffington","3601 Bronco Bend Loop","78744","0320180712","2","Single Family","Ownership","Affordability Period Expired","1","1","0.0","0","0","0","0","0","0","0","0","1","0","0","06-24-2009","06-24-2010","1",,,,,"No","No","Yes",,,"No",,,,,,,,,,,,"-97.695969","30.198556"
"251","5091","Colorado Crossing - SF","Lennar Buffington","Lennar Buffington","7301 Cedar Edge Drive","78744","0320191413","2","Single Family","Ownership","Affordability Period Expired","1","1","0.0","0","0","0","0","0","0","0","0","1","0","0","10-15-2009","10-15-2010","1",,,,,"No","No","Yes",,,"No",,,,,,,,,,,,"-97.697517","30.197071"
"251","5092","Colorado Crossing - SF","Lennar Buffington","Lennar Buffington","7529 Cedar Edge Drive","78744","0320181402","2","Single Family","Ownership","Affordability Period Expired","1","1","0.0","0","0","0","0","0","0","0","0","1","0","0","11-20-2009","11-20-2010","1",,,,,"No","No","Yes",,,"No",,,,,,,,,,,,"-97.696118","30.194779"
"251","5093","Colorado Crossing - SF","Lennar Buffington","Lennar Buffington","3812 Yarborough Avenue","78744","0320180913","2","Single Family","Ownership","Affordability Period Expired","1","1","0.0","0","0","0","0","0","0","0","0","1","0","0","10-29-2009","10-29-2010","1",,,,,"No","No","Yes",,,"No",,,,,,,,,,,,"-97.695041","30.197533"
"251","5094","Colorado Crossing - SF","Lennar Buffington","Lennar Buffington","3609 Bronco Bend Loop","78744","0320180710","2","Single Family","Ownership","Affordability Period Expired","1","1","0.0","0","0","0","0","0","0","0","0","1","0","0","05-01-2009","05-01-2019","10",,,,,"No","No","Yes",,,"No",,,,,,,,,,,,"-97.695793","30.198372"
"251","5095","Colorado Crossing - SF","Lennar Buffington","Lennar Buffington","7400 Cedar Edge Drive","78744","0320181328","2","Single Family","Ownership","Affordability Period Expired","1","1","0.0","0","0","0","0","0","0","0","0","1","0","0","01-15-2010","01-15-2020","10",,,,,"No","No","Yes",,,"No",,,,,,,,,,,,"-97.697484","30.196511"
"251","5096","Colorado Crossing - SF","Lennar Buffington","Lennar Buffington","3816 Yarborough Avenue","78744","0320180914","2","Single Family","Ownership","Affordability Period Expired","1","1","0.0","0","0","0","0","0","0","0","0","1","0","0","01-29-2010","01-29-2011","1",,,,,"No","No","Yes",,,"No",,,,,,,,,,,,"-97.69509","30.197413"
"251","5097","Colorado Crossing - SF","Lennar Buffington","Lennar Buffington","7524 Cedar Edge Drive","78744","0320181313","2","Single Family","Ownership","Affordability Period Expired","1","1","0.0","0","0","0","0","0","0","0","0","1","0","0","02-17-2010","02-17-2011","1",,,,,"No","No","Yes",,,"No",,,,,,,,,,,,"-97.695976","30.195238"
"251","5098","Colorado Crossing - SF","Lennar Buffington","Lennar Buffington","7421 Cedar Edge Drive","78744","0320181422","2","Single Family","Ownership","Affordability Period Expired","1","1","0.0","0","0","0","0","0","0","0","0","1","0","0","06-25-2010","06-25-2011","1",,,,,"No","No","Yes",,,"No",,,,,,,,,,,,"-97.697263","30.195791"
"251","5099","Colorado Crossing - SF","Lennar Buffington","Lennar Buffington","7413 Cedar Edge Drive","78744","0320181420","2","Single Family","Ownership","Affordability Period Expired","1","1","0.0","0","0","0","0","0","0","0","0","1","0","0","06-23-2010","06-23-2020","10",,,,,"No","No","Yes",,,"No",,,,,,,,,,,,"-97.697476","30.195955"
"251","5100","Colorado Crossing - SF","Lennar Buffington","Lennar Buffington","7425 Cedar Edge Drive","78744","0320181423","2","Single Family","Ownership","Affordability Period Expired","1","1","0.0","0","0","0","0","0","0","0","0","1","0","0","07-20-2010","07-20-2011","1",,,,,"No","No","Yes",,,"No",,,,,,,,,,,,"-97.697167","30.195701"
"251","5101","Colorado Crossing - SF","Lennar Buffington","Lennar Buffington","7417 Cedar Edge Drive","78744","0320181421","2","Single Family","Ownership","Affordability Period Expired","1","1","0.0","0","0","0","0","0","0","0","0","1","0","0","08-16-2010","08-16-2011","1",,,,,"No","No","Yes",,,"No",,,,,,,,,,,,"-97.697359","30.195862"
"251","5102","Colorado Crossing - SF","Lennar Buffington","Lennar Buffington","7413 South Glenn Street","78744","0320181332","2","Single Family","Ownership","Affordability Period Expired","1","1","0.0","0","0","0","0","0","0","0","0","1","0","0","08-31-2010","08-31-2011","1",,,,,"No","No","Yes",,,"No",,,,,,,,,,,,"-97.69693","30.196481"
"251","5103","Colorado Crossing - SF","Lennar Buffington","Lennar Buffington","7509 Cedar Edge Drive","78744","0320181428","2","Single Family","Ownership","Affordability Period Expired","1","1","0.0","0","0","0","0","0","0","0","0","1","0","0","04-21-2010","04-21-2011","1",,,,,"No","No","Yes",,,"No",,,,,,,,,,,,"-97.696631","30.195283"
"251","5104","Colorado Crossing - SF","Lennar Buffington","Lennar Buffington","7501 Cedar Edge Drive","78744","0320181426","2","Single Family","Ownership","Affordability Period Expired","1","1","0.0","0","0","0","0","0","0","0","0","1","0","0","05-21-2010","05-21-2011","1",,,,,"No","No","Yes",,,"No",,,,,,,,,,,,"-97.696888","30.195406"
"251","5105","Colorado Crossing - SF","Lennar Buffington","Lennar Buffington","7429 Cedar Edge Drive","78744","0320181424","2","Single Family","Ownership","Affordability Period Expired","1","1","0.0","0","0","0","0","0","0","0","0","1","0","0","05-28-2010","05-28-2011","1",,,,,"No","No","Yes",,,"No",,,,,,,,,,,,"-97.69707","30.195623"
"251","5106","Colorado Crossing - SF","Lennar Buffington","Lennar Buffington","7505 Cedar Edge Drive","78744","0320181427","2","Single Family","Ownership","Affordability Period Expired","1","1","0.0","0","0","0","0","0","0","0","0","1","0","0","06-21-2010","06-21-2020","10",,,,,"No","No","Yes",,,"No",,,,,,,,,,,,"-97.696801","30.195345"
"251","5107","Colorado Crossing - SF","Lennar Buffington","Lennar Buffington","7408 Cedar Edge Drive","78744","0320181326","2","Single Family","Ownership","Affordability Period Expired","1","1","0.0","0","0","0","0","0","0","0","0","1","0","0","07-29-2010","07-29-2011","1",,,,,"No","No","Yes",,,"No",,,,,,,,,,,,"-97.697312","30.196325"
"251","5108","Colorado Crossing - SF","Lennar Buffington","Lennar Buffington","7432 Cedar Edge Drive","78744","0320181320","2","Single Family","Ownership","Affordability Period Expired","1","1","0.0","0","0","0","0","0","0","0","0","1","0","0","09-28-2010","09-28-2011","1",,,,,"No","No","Yes",,,"No",,,,,,,,,,,,"-97.696688","30.195829"
"251","5109","Colorado Crossing - SF","Lennar Buffington","Lennar Buffington","7409 Cedar Edge Drive","78744","0320181419","2","Single Family","Ownership","Affordability Period Expired","1","1","0.0","0","0","0","0","0","0","0","0","1","0","0","09-30-2010","09-30-2011","1",,,,,"No","No","Yes",,,"No",,,,,,,,,,,,"-97.697575","30.196034"
"251","5110","Colorado Crossing - SF","Lennar Buffington","Lennar Buffington","7332 South Glenn Street","78744","0320181220","2","Single Family","Ownership","Affordability Period Expired","1","1","0.0","0","0","0","0","0","0","0","0","1","0","0","09-30-2010","09-30-2011","1",,,,,"No","No","Yes",,,"No",,,,,,,,,,,,"-97.697188","30.197311"
"251","5111","Colorado Crossing - SF","Lennar Buffington","Lennar Buffington","7305 Cedar Edge Drive","78744","0320181414","2","Single Family","Ownership","Affordability Period Expired","1","1","0.0","0","0","0","0","0","0","0","0","1","0","0","11-29-2010","11-29-2011","1",,,,,"No","No","Yes",,,"No",,,,,,,,,,,,"-97.697645","30.196997"
"251","5112","Colorado Crossing - SF","Lennar Buffington","Lennar Buffington","7433 Cedar Edge Drive","78744","0320181425","2","Single Family","Ownership","Affordability Period Expired","1","1","0.0","0","0","0","0","0","0","0","0","1","0","0","04-20-2010","04-20-2011","1",,,,,"No","No","Yes",,,"No",,,,,,,,,,,,"-97.697002","30.195511"
"251","5113","Colorado Crossing - SF","Lennar Buffington","Lennar Buffington","7512 Cedar Edge Drive","78744","0320181316","2","Single Family","Ownership","Affordability Period Expired","1","1","0.0","0","0","0","0","0","0","0","0","1","0","0","03-31-2010","03-31-2011","1",,,,,"No","No","Yes",,,"No",,,,,,,,,,,,"-97.69626","30.195491"
"251","5114","Colorado Crossing - SF","Lennar Buffington","Lennar Buffington","7513 Cedar Edge Drive","78744","0320181429","2","Single Family","Ownership","Affordability Period Expired","1","1","0.0","0","0","0","0","0","0","0","0","1","0","0","09-30-2010","09-30-2011","1",,,,,"No","No","Yes",,,"No",,,,,,,,,,,,"-97.696567","30.195167"
"251","5116","Colorado Crossing - SF","Lennar Buffington","Lennar Buffington","7005 Outfitter Drive","78744","0320160328","2","Single Family","Ownership","Affordability Period Expired","1","1","0.0","0","0","0","0","0","0","0","0","1","0","0","05-26-2011","05-26-2012","1",,,,,"No","No","Yes",,,"No",,,,,,,,,,,,"-97.701687","30.199472"
"251","5117","Colorado Crossing - SF","Lennar Buffington","Lennar Buffington","7305 South Glenn Street","78744","0320181407","2","Single Family","Ownership","Affordability Period Expired","1","1","0.0","0","0","0","0","0","0","0","0","1","0","0","07-29-2011","07-29-2012","1",,,,,"No","No","Yes",,,"No",,,,,,,,,,,,"-97.698096","30.197813"
"251","5118","Colorado Crossing - SF","Lennar Buffington","Lennar Buffington","7116 Outfitter Drive","78744","0320160313","2","Single Family","Ownership","Affordability Period Expired","1","1","0.0","0","0","0","0","0","0","0","0","1","0","0","11-30-2011","11-30-2012","1",,,,,"No","No","Yes",,,"No",,,,,,,,,,,,"-97.700152","30.19889"
"251","5119","Colorado Crossing - SF","Lennar Buffington","Lennar Buffington","7320 South Glenn Street","78744","0320181223","2","Single Family","Ownership","Affordability Period Expired","1","1","0.0","0","0","0","0","0","0","0","0","1","0","0","02-11-2011","02-11-2012","1",,,,,"No","No","Yes",,,"No",,,,,,,,,,,,"-97.697501","30.19761"
"251","5120","Colorado Crossing - SF","Lennar Buffington","Lennar Buffington","7308 South Glenn Street","78744","0320181225","2","Single Family","Ownership","Affordability Period Expired","1","1","0.0","0","0","0","0","0","0","0","0","1","0","0","02-28-2011","02-28-2012","1",,,,,"No","No","Yes",,,"No",,,,,,,,,,,,"-97.697628","30.197873"
"251","5121","Colorado Crossing - SF","Lennar Buffington","Lennar Buffington","7317 South Glenn Street","78744","0320181225","2","Single Family","Ownership","Affordability Period Expired","1","1","0.0","0","0","0","0","0","0","0","0","1","0","0","03-28-2011","03-28-2012","1",,,,,"No","No","Yes",,,"No",,,,,,,,,,,,"-97.697632","30.197871"
"251","5122","Colorado Crossing - SF","Lennar Buffington","Lennar Buffington","7416 South Glenn Street","78744","0320181214","2","Single Family","Ownership","Affordability Period Expired","1","1","0.0","0","0","0","0","0","0","0","0","1","0","0","05-06-2011","05-06-2012","1",,,,,"No","No","Yes",,,"No",,,,,,,,,,,,"-97.696608","30.196771"
"251","5123","Colorado Crossing - SF","Lennar Buffington","Lennar Buffington","3800 Autumn Bay Drive","78744","0320180402","2","Single Family","Ownership","Affordability Period Expired","1","1","0.0","0","0","0","0","0","0","0","0","1","0","0","05-31-2011","05-31-2012","1",,,,,"No","No","Yes",,,"No",,,,,,,,,,,,"-97.696564","30.199177"
"251","5124","Colorado Crossing - SF","Lennar Buffington","Lennar Buffington","3820 Yarborough Avenue","78744","0320180915","2","Single Family","Ownership","Affordability Period Expired","1","1","0.0","0","0","0","0","0","0","0","0","1","0","0","05-31-2011","05-31-2012","1",,,,,"No","No","Yes",,,"No",,,,,,,,,,,,"-97.695109","30.197307"
"251","5125","Colorado Crossing - SF","Lennar Buffington","Lennar Buffington","7016 Outfitter Drive","78744","0320160322","2","Single Family","Ownership","Affordability Period Expired","1","1","0.0","0","0","0","0","0","0","0","0","1","0","0","06-30-2011","06-30-2012","1",,,,,"No","No","Yes",,,"No",,,,,,,,,,,,"-97.701005","30.199556"
"251","5126","Colorado Crossing - SF","Lennar Buffington","Lennar Buffington","7032 Outfitter Drive","78744","0320160318","2","Single Family","Ownership","Affordability Period Expired","1","1","0.0","0","0","0","0","0","0","0","0","1","0","0","08-31-2011","08-31-2012","1",,,,,"No","No","Yes",,,"No",,,,,,,,,,,,"-97.700644","30.199277"
"251","5127","Colorado Crossing - SF","Lennar Buffington","Lennar Buffington","7313 South Glenn Street","78744","0320181409","2","Single Family","Ownership","Affordability Period Expired","1","1","0.0","0","0","0","0","0","0","0","0","1","0","0","09-28-2011","09-28-2012","1",,,,,"No","No","Yes",,,"No",,,,,,,,,,,,"-97.698027","30.197632"
"251","5128","Colorado Crossing - SF","Lennar Buffington","Lennar Buffington","7025 Outfitter Drive","78744","0320160333","2","Single Family","Ownership","Affordability Period Expired","1","1","0.0","0","0","0","0","0","0","0","0","1","0","0","10-03-2011","10-03-2012","1",,,,,"No","No","Yes",,,"No",,,,,,,,,,,,"-97.701058","30.19906"
"251","5129","Colorado Crossing - SF","Lennar Buffington","Lennar Buffington","7309 South Glenn Street","78744","0320181407","2","Single Family","Ownership","Affordability Period Expired","1","1","0.0","0","0","0","0","0","0","0","0","1","0","0","10-28-2011","10-28-2012","1",,,,,"No","No","Yes",,,"No",,,,,,,,,,,,"-97.698063","30.197742"
"251","5130","Colorado Crossing - SF","Lennar Buffington","Lennar Buffington","7112 Outfitter Drive","78744","0320160314","2","Single Family","Ownership","Affordability Period Expired","1","1","0.0","0","0","0","0","0","0","0","0","1","0","0","10-28-2011","10-28-2012","1",,,,,"No","No","Yes",,,"No",,,,,,,,,,,,"-97.700245","30.198972"
"251","5131","Colorado Crossing - SF","Lennar Buffington","Lennar Buffington","7100 Outfitter Drive","78744","0320160317","2","Single Family","Ownership","Affordability Period Expired","1","1","0.0","0","0","0","0","0","0","0","0","1","0","0","11-03-2011","11-03-2012","1",,,,,"No","No","Yes",,,"No",,,,,,,,,,,,"-97.700536","30.199186"
"251","5132","Colorado Crossing - SF","Lennar Buffington","Lennar Buffington","7416 Cedar Edge Drive","78744","0320181324","2","Single Family","Ownership","Affordability Period Expired","1","1","0.0","0","0","0","0","0","0","0","0","1","0","0","01-11-2011","01-11-2012","1",,,,,"No","No","Yes",,,"No",,,,,,,,,,,,"-97.697066","30.196175"
"251","5133","Colorado Crossing - SF","Lennar Buffington","Lennar Buffington","7113 Outfitter Drive","78744","0320160404","2","Single Family","Ownership","Affordability Period Expired","1","1","0.0","0","0","0","0","0","0","0","0","1","0","0","11-30-2011","11-30-2012","1",,,,,"No","No","Yes",,,"No",,,,,,,,,,,,"-97.700578","30.198592"
"251","5134","Colorado Crossing - SF","Lennar Buffington","Lennar Buffington","7109 Outfitter Drive","78744","0320160403","2","Single Family","Ownership","Affordability Period Expired","1","1","0.0","0","0","0","0","0","0","0","0","1","0","0","01-18-2012","01-18-2013","1",,,,,"No","No","Yes",,,"No",,,,,,,,,,,,"-97.700657","30.198685"
"251","5135","Colorado Crossing - SF","Lennar Buffington","Lennar Buffington","3820 Autumn Bay Drive","78744","0320180407","2","Single Family","Ownership","Affordability Period Expired","1","1","0.0","0","0","0","0","0","0","0","0","1","0","0","02-23-2012","02-23-2013","1",,,,,"No","No","Yes",,,"No",,,,,,,,,,,,"-97.697169","30.198716"
"251","5136","Colorado Crossing - SF","Lennar Buffington","Lennar Buffington","7129 Outfitter Drive","78744","0320160408","2","Single Family","Ownership","Affordability Period Expired","1","1","0.0","0","0","0","0","0","0","0","0","1","0","0","05-31-2012","05-31-2013","1",,,,,"No","No","Yes",,,"No",,,,,,,,,,,,"-97.700211","30.198313"
"251","5137","Colorado Crossing - SF","Lennar Buffington","Lennar Buffington","7024 Crestone Road","78744","0320160205","2","Single Family","Ownership","Affordability Period Expired","1","1","0.0","0","0","0","0","0","0","0","0","1","0","0","12-31-2012","12-31-2013","1",,,,,"No","No","Yes",,,"No",,,,,,,,,,,,"-97.701346","30.198823"
"251","5138","Colorado Crossing - SF","Lennar Buffington","Lennar Buffington","7128 Outfitter Drive","78744","0320160310","2","Single Family","Ownership","Affordability Period Expired","1","1","0.0","0","0","0","0","0","0","0","0","1","0","0","03-19-2012","03-19-2013","1",,,,,"No","No","Yes",,,"No",,,,,,,,,,,,"-97.699897","30.198644"
"251","5139","Colorado Crossing - SF","Lennar Buffington","Lennar Buffington","7124 Outfitter Drive","78744","0320160311","2","Single Family","Ownership","Affordability Period Expired","1","1","0.0","0","0","0","0","0","0","0","0","1","0","0","03-21-2012","03-21-2013","1",,,,,"No","No","Yes",,,"No",,,,,,,,,,,,"-97.699998","30.198721"
"251","5140","Colorado Crossing - SF","Lennar Buffington","Lennar Buffington","7208 Outfitter Drive","78744","0320160307","2","Single Family","Ownership","Affordability Period Expired","1","1","0.0","0","0","0","0","0","0","0","0","1","0","0","06-29-2012","06-29-2013","1",,,,,"No","No","Yes",,,"No",,,,,,,,,,,,"-97.699606","30.198428"
"251","5141","Colorado Crossing - SF","Lennar Buffington","Lennar Buffington","7220 Outfitter Drive","78744","0320160304","2","Single Family","Ownership","Affordability Period Expired","1","1","0.0","0","0","0","0","0","0","0","0","1","0","0","07-27-2012","07-27-2013","1",,,,,"No","No","Yes",,,"No",,,,,,,,,,,,"-97.699377","30.198186"
"251","5142","Colorado Crossing - SF","Lennar Buffington","Lennar Buffington","7025 Crestone Road","78744","0320160614","2","Single Family","Ownership","Affordability Period Expired","1","1","0.0","0","0","0","0","0","0","0","0","1","0","0","12-28-2012","12-28-2013","1",,,,,"No","No","Yes",,,"No",,,,,,,,,,,,"-97.701608","30.198489"
"251","5143","Colorado Crossing - SF","Lennar Buffington","Lennar Buffington","7112 Crestone Road","78744","0320160432","2","Single Family","Ownership","Affordability Period Expired","1","1","0.0","0","0","0","0","0","0","0","0","1","0","0","02-15-2013","02-15-2014","1",,,,,"No","No","Yes",,,"No",,,,,,,,,,,,"-97.700799","30.198401"
"251","5144","Colorado Crossing - SF","Lennar Buffington","Lennar Buffington","7020 Crestone Road","78744","0320160206","2","Single Family","Ownership","Affordability Period Expired","1","1","0.0","0","0","0","0","0","0","0","0","1","0","0","02-28-2013","02-28-2014","1",,,,,"No","No","Yes",,,"No",,,,,,,,,,,,"-97.701437","30.198901"
"251","5145","Colorado Crossing - SF","Lennar Buffington","Lennar Buffington","4205 Creede Drive","78744","0320160214","2","Single Family","Ownership","Affordability Period Expired","1","1","0.0","0","0","0","0","0","0","0","0","1","0","0","03-14-2013","03-14-2014","1",,,,,"No","No","Yes",,,"No",,,,,,,,,,,,"-97.70075","30.197643"
"251","5146","Colorado Crossing - SF","Lennar Buffington","Lennar Buffington","7116 Crestone Road","78744","0320160431","2","Single Family","Ownership","Affordability Period Expired","1","1","0.0","0","0","0","0","0","0","0","0","1","0","0","04-01-2013","04-01-2014","1",,,,,"No","No","Yes",,,"No",,,,,,,,,,,,"-97.70072","30.198323"
"251","5147","Colorado Crossing - SF","Lennar Buffington","Lennar Buffington","7124 Crestone Road","78744","0320160429","2","Single Family","Ownership","Affordability Period Expired","1","1","0.0","0","0","0","0","0","0","0","0","1","0","0","04-24-2013","04-24-2014","1",,,,,"No","No","Yes",,,"No",,,,,,,,,,,,"-97.700563","30.19816"
"251","5148","Colorado Crossing - SF","Lennar Buffington","Lennar Buffington","4300 Creede Drive","78744","0320160603","2","Single Family","Ownership","Affordability Period Expired","1","1","0.0","0","0","0","0","0","0","0","0","1","0","0","08-29-2013","08-29-2014","1",,,,,"No","No","Yes",,,"No",,,,,,,,,,,,"-97.701505","30.197859"
"251","5149","Colorado Crossing - SF","Lennar Buffington","Lennar Buffington","4313 Creede Drive","78744","0320160250","2","Single Family","Ownership","Affordability Period Expired","1","1","0.0","0","0","0","0","0","0","0","0","1","0","0","08-29-2013","08-29-2014","1",,,,,"No","No","Yes",,,"No",,,,,,,,,,,,"-97.701838","30.197539"
"251","5154","Colorado Crossing - SF","Lennar Buffington","Lennar Buffington","6800 Crestone Road","78744","0320160240","2","Single Family","Ownership","Affordability Period Expired","1","1","0.0","0","0","0","0","0","0","0","0","1","0","0","09-27-2013","09-27-2014","1",,,,,"No","No","Yes",,,"No",,,,,,,,,,,,"-97.703086","30.197954"
"251","5155","Colorado Crossing - SF","Lennar Buffington","Lennar Buffington","4310 Creede Drive","78744","0320160604","2","Single Family","Ownership","Affordability Period Expired","1","1","0.0","0","0","0","0","0","0","0","0","1","0","0","09-30-2013","09-30-2014","1",,,,,"No","No","Yes",,,"No",,,,,,,,,,,,"-97.701642","30.197951"
"251","5156","Colorado Crossing - SF","Lennar Buffington","Lennar Buffington","7000 Crestone Road","78744","0320160227","2","Single Family","Ownership","Affordability Period Expired","1","1","0.0","0","0","0","0","0","0","0","0","1","0","0","11-29-2013","11-29-2014","1",,,,,"No","No","Yes",,,"No",,,,,,,,,,,,"-97.702031","30.199132"
"251","5158","Colorado Crossing - SF","Lennar Buffington","Lennar Buffington","6916 Crestone Road","78744","0320160230","2","Single Family","Ownership","Affordability Period Expired","1","1","0.0","0","0","0","0","0","0","0","0","1","0","0","11-29-2013","11-29-2014","1",,,,,"No","No","Yes",,,"No",,,,,,,,,,,,"-97.702273","30.198842"
"251","5160","Colorado Crossing - SF","Lennar Buffington","Lennar Buffington","7004 Crestone Road","78744","0320160226","2","Single Family","Ownership","Affordability Period Expired","1","1","0.0","0","0","0","0","0","0","0","0","1","0","0","12-06-2013","12-06-2014","1",,,,,"No","No","Yes",,,"No",,,,,,,,,,,,"-97.701855","30.19921"
"251","5162","Colorado Crossing - SF","Lennar Buffington","Lennar Buffington","7208 Crestone Road","78744","0320160426","2","Single Family","Ownership","Affordability Period Expired","1","1","0.0","0","0","0","0","0","0","0","0","1","0","0","03-15-2013","03-15-2014","1",,,,,"No","No","Yes",,,"No",,,,,,,,,,,,"-97.700301","30.197934"
"251","5163","Colorado Crossing - SF","Lennar Buffington","Lennar Buffington","7217 Crestone Road","78744","0320160217","2","Single Family","Ownership","Affordability Period Expired","1","1","0.0","0","0","0","0","0","0","0","0","1","0","0","05-15-2013","05-15-2014","1",,,,,"No","No","Yes",,,"No",,,,,,,,,,,,"-97.700383","30.197437"
"251","5164","Colorado Crossing - SF","Lennar Buffington","Lennar Buffington","7221 Crestone Road","78744","0320160218","2","Single Family","Ownership","Affordability Period Expired","1","1","0.0","0","0","0","0","0","0","0","0","1","0","0","05-31-2013","05-31-2014","1",,,,,"No","No","Yes",,,"No",,,,,,,,,,,,"-97.700261","30.197368"
"251","5165","Colorado Crossing - SF","Lennar Buffington","Lennar Buffington","4317 Creede Drive","78744","0320160249","2","Single Family","Ownership","Affordability Period Expired","1","1","0.0","0","0","0","0","0","0","0","0","1","0","0","08-29-2013","08-29-2014","1",,,,,"No","No","Yes",,,"No",,,,,,,,,,,,"-97.701973","30.197621"
"251","5167","Colorado Crossing - SF","Lennar Buffington","Lennar Buffington","6905 Crestone Road","78744","0320160609","2","Single Family","Ownership","Affordability Period Expired","1","1","0.0","0","0","0","0","0","0","0","0","1","0","0","10-18-2013","10-18-2014","1",,,,,"No","No","Yes",,,"No",,,,,,,,,,,,"-97.702124","30.198323"
"251","5169","Colorado Crossing - SF","Lennar Buffington","Lennar Buffington","6913 Crestone Road","78744","0320160611","2","Single Family","Ownership","Affordability Period Expired","1","1","0.0","0","0","0","0","0","0","0","0","1","0","0","11-22-2013","11-22-2014","1",,,,,"No","No","Yes",,,"No",,,,,,,,,,,,"-97.701922","30.198476"
"251","5170","Colorado Crossing - SF","Lennar Buffington","Lennar Buffington","7229 Crestone Road","78744","0320160220","2","Single Family","Ownership","Affordability Period Expired","1","1","0.0","0","0","0","0","0","0","0","0","1","0","0","05-31-2013","05-31-2014","1",,,,,"No","No","Yes",,,"No",,,,,,,,,,,,"-97.700088","30.19719"
"251","5172","Colorado Crossing - SF","Lennar Buffington","Lennar Buffington","4405 Creede Drive","78744","0320160246","2","Single Family","Ownership","Affordability Period Expired","1","1","0.0","0","0","0","0","0","0","0","0","1","0","0","08-29-2013","08-29-2014","1",,,,,"No","No","Yes",,,"No",,,,,,,,,,,,"-97.702311","30.197765"
"251","5173","Colorado Crossing - SF","Lennar Buffington","Lennar Buffington","6813 Crestone Road","78744","0320160244","2","Single Family","Ownership","Affordability Period Expired","1","1","0.0","0","0","0","0","0","0","0","0","1","0","0","09-27-2013","09-27-2014","1",,,,,"No","No","Yes",,,"No",,,,,,,,,,,,"-97.702514","30.197923"
"251","5175","Colorado Crossing - SF","Lennar Buffington","Lennar Buffington","3816 Autumn Bay Drive","78744","0320180406","2","Single Family","Ownership","Affordability Period Expired","1","1","0.0","0","0","0","0","0","0","0","0","1","0","0","12-31-2013","12-31-2014","1",,,,,"No","No","Yes",,,"No",,,,,,,,,,,,"-97.697022","30.198792"
"251","5176","Colorado Crossing - SF","Lennar Buffington","Lennar Buffington","7029 Crestone Road","78744","0320160615","2","Single Family","Ownership","Affordability Period Expired","1","1","0.0","0","0","0","0","0","0","0","0","1","0","0","02-04-2013","02-04-2014","1",,,,,"No","No","Yes",,,"No",,,,,,,,,,,,"-97.701539","30.19835"
"251","5177","Colorado Crossing - SF","Lennar Buffington","Lennar Buffington","4213 Creede Drive","78744","0320160256","2","Single Family","Ownership","Affordability Period Expired","1","1","0.0","0","0","0","0","0","0","0","0","1","0","0","08-22-2013","08-22-2014","1",,,,,"No","No","Yes",,,"No",,,,,,,,,,,,"-97.701001","30.197538"
"251","5179","Colorado Crossing - SF","Lennar Buffington","Lennar Buffington","4220 Creede Drive","78744","0320160602","2","Single Family","Ownership","Affordability Period Expired","1","1","0.0","0","0","0","0","0","0","0","0","1","0","0","08-30-2013","08-30-2014","1",,,,,"No","No","Yes",,,"No",,,,,,,,,,,,"-97.701357","30.197887"
"251","5180","Colorado Crossing - SF","Lennar Buffington","Lennar Buffington","6804 Crestone Road","78744","0320160239","2","Single Family","Ownership","Affordability Period Expired","1","1","0.0","0","0","0","0","0","0","0","0","1","0","0","09-27-2013","09-27-2014","1",,,,,"No","No","Yes",,,"No",,,,,,,,,,,,"-97.703066","30.198101"
"251","5182","Colorado Crossing - SF","Lennar Buffington","Lennar Buffington","6804 Vail Ridge Street","78744","0318160413","2","Single Family","Ownership","Affordability Period Expired","1","1","0.0","0","0","0","0","0","0","0","0","1","0","0","12-22-2015","12-22-2016","1",,,,,"No","No","Yes",,,"No",,,,,,,,,,,,"-97.701695","30.201363"
"251","5183","Colorado Crossing - SF","Lennar Buffington","Lennar Buffington","6812 Vail Ridge Street","78744","0318160415","2","Single Family","Ownership","Affordability Period Expired","1","1","0.0","0","0","0","0","0","0","0","0","1","0","0","01-22-2016","01-22-2017","1",,,,,"No","No","Yes",,,"No",,,,,,,,,,,,"-97.701493","30.201174"
"251","5184","Colorado Crossing - SF","Lennar Buffington","Lennar Buffington","6809 Vail Ridge Street","78744","0318160409","2","Single Family","Ownership","Affordability Period Expired","1","1","0.0","0","0","0","0","0","0","0","0","1","0","0","02-26-2016","02-26-2017","1",,,,,"No","No","No",,,"No",,,,,,,,,,,,"-97.701149","30.201621"
"122","5243","Lakeside Engineering - Duplexes (Aff. Units 2-3)","Lakeside Engineering","Lakeside Engineering","1125 Walton Lane","78721","0204190507","3","Duplex","Rental","Affordability Period Expired","6","2","0.0","0","0","0","0","0","0","0","0","2","0","0","03-28-2017","03-28-2022","5",,,,,"No","No","Yes",,,"No",,,,,,,,,,,,"-97.687285","30.259463"
"251","5386","Colorado Crossing - SF","Lennar Buffington","Lennar Buffington","3421 Autumn Bay Drive","78744","0318180213","2","Single Family","Ownership","Affordability Period Expired","1","1","0.0","0","0","0","0","0","0","0","0","1","0","0","11-26-2008","11-26-2009","1",,,,,"No","No","Yes",,,"No",,,,,,,,,,,,"-97.694166","30.200703"
"251","5387","Colorado Crossing - SF","Lennar Buffington","Lennar Buffington","7521 Aspen Brook Drive","78744","0320180320","2","Single Family","Ownership","Affordability Period Expired","1","1","0.0","0","0","0","0","0","0","0","0","1","0","0","08-25-2006","08-25-2007","1",,,,,"No","No","Yes",,,"No",,,,,,,,,,,,"-97.693509","30.198609"
"251","5388","Colorado Crossing - SF","Lennar Buffington","Lennar Buffington","7525 Cedar Edge Drive","78744","0320181401","2","Single Family","Ownership","Affordability Period Expired","1","1","0.0","0","0","0","0","0","0","0","0","1","0","0","06-30-2010","06-30-2011","1",,,,,"No","No","Yes",,,"No",,,,,,,,,,,,"-97.696211","30.194876"
"251","5389","Colorado Crossing - SF","Lennar Buffington","Lennar Buffington","7413 Elk Pass Drive","78744","0318180509","2","Single Family","Ownership","Affordability Period Expired","1","1","0.0","0","0","0","0","0","0","0","0","1","0","0","11-28-2016","11-28-2017","1",,,,,"No","No","Yes",,,"No",,,,,,,,,,,,"-97.694729","30.199758"
"606","5411","2107 Alamo","Anmol Mehra","Anmol Mehra","2107 Alamo Street","78722","0211091001","1","Single Family","Rental","Certified","5","1","0.0","0","0","0","0","0","1","0","0","0","0","0",,"12-30-1998","99",,,,,"No","No","Yes",,,"No",,,,,,,,,,,,"-97.719758","30.282725"
"610","5432","The Reserve at Walnut Creek (fka Springdale Apartments)","Springdale Apartments L.P.","Unknown","8038 Exchange Drive","78754","0231280222","1","Multifamily","Rental","Affordability Period Expired","98","98","0.0","0","0","0","0","0","98","0","0","0","0","0","04-01-2000","04-01-2020","20",,,,,"Yes","No","No",,,"No",,,,,,,,,,,,"-97.663242","30.33265"
"627","5487","2008 East 10th Street Unit B","Austin Housing Finance Corporation","Austin Housing Finance Corporation","2008 E 10th Street","78702","0205080510","1","Single Family","Rental","Project Completed","1","1","0.0","0","0","0","0","0","0","0","0","1","0","0","01-09-2020","01-09-2060","40",,,,,"No","No","Yes",,,"No",,,,,,,,,,,,"-97.718991","30.264686"
"307","5501","AVI Homes - SF - Section 1 (Pilot Knob PUD)","Carma Easton LLC","Carma Easton LLC","Multiple Addresses","78744","0332100625","2","Single Family","Ownership","Project Completed","31","0","0.0","0","0","0","0","0","0","0","0","0","0","0",,"12-30-3799","0",,,,,"No","No","No",,,"No",,,,,,,,,,,,"-97.721746","30.163553"
"307","5502","Dream Finders - SF - Section 1 (Pilot Knob PUD)","Carma Easton LLC","Carma Easton LLC","Multiple Addresses","78744","0332100625","2","Single Family","Ownership","Project Completed","25","0","0.0","0","0","0","0","0","0","0","0","0","0","0",,"12-30-3799","0",,,,,"No","No","No",,,"No",,,,,,,,,,,,"-97.721746","30.163553"
"307","5504","Meritage Homes - SF - Section 2 (Pilot Knob PUD)","Carma Easton LLC","Carma Easton LLC","Undisclosed","78744","0332100625","2","Single Family","Ownership","Project Completed","1","0","0.0","0","0","0","0","0","0","0","0","0","0","0",,"12-30-3799","0",,,,,"No","No","No",,,"No",,,,,,,,,,,,"-97.721746","30.163553"
"662","5580","East Grove","Terra Salerno LLC","Terra Salerno LLC","1811 Webberville Rd","78702","0211220257","1","Multifamily","Ownership","Project Completed","33","2","0.0","0","0","0","0","0","0","0","0","2","0","0","03-11-2024","03-11-2123","99",,,,,"No","No","Yes",,,"No",,,,,,,,,,,,"-97.676598","30.282101"
"691","5634","Doris Tract","Austin Housing Finance Corporation","Austin Housing Finance Corporation","2200 Doris Drive","78757","0241070629","4","Single Family","Ownership","Certified","1","1","0.0","0","0","0","0","0","0","0","0","1","0","0",,"12-30-1998","99",,,,,"No","No","Yes",,,"No",,,,,,,,,,,,"-97.72690765","30.36403181"
"691","5635","Doris Tract","Austin Housing Finance Corporation","Austin Housing Finance Corporation","2202 Doris Drive","78757","0241070629","4","Single Family","Ownership","Certified","1","1","0.0","0","0","0","0","0","0","0","0","1","0","0",,"12-30-1998","99",,,,,"No","No","Yes",,,"No",,,,,,,,,,,,"-97.72689765","30.36403181"
"691","5636","Doris Tract","Austin Housing Finance Corporation","Austin Housing Finance Corporation","2204 Doris Drive","78757","0241070629","4","Single Family","Ownership","Certified","1","1","0.0","0","0","0","0","0","0","0","0","1","0","0",,"12-30-1998","99",,,,,"No","No","Yes",,,"No",,,,,,,,,,,,"-97.72687765","30.36402181"
"691","5637","Doris Tract","Austin Housing Finance Corporation","Austin Housing Finance Corporation","2206 Doris Drive","78757","0241070629","4","Single Family","Ownership","Certified","1","1","0.0","0","0","0","0","0","0","0","0","1","0","0",,"12-30-1998","99",,,,,"No","No","Yes",,,"No",,,,,,,,,,,,"-97.72686765","30.36402181"
"691","5638","Doris Tract","Austin Housing Finance Corporation","Austin Housing Finance Corporation","8414 Hathaway Drive","78757","0241070629","4","Duplex","Rental","Certified","2","2","0.0","0","0","0","0","2","0","0","0","0","0","0",,"12-30-1939","40",,,,,"No","No","Yes",,,"No",,,,,,,,,,,,"-97.726877","30.364212"
"691","5639","Doris Tract","Austin Housing Finance Corporation","Austin Housing Finance Corporation","8416 Hathaway","78757","0241070629","4","Duplex","Rental","Certified","2","2","0.0","0","0","0","0","2","0","0","0","0","0","0",,"12-30-1939","40",,,,,"No","No","Yes",,,"No",,,,,,,,,,,,"-97.726877","30.364212"
"709","5666","Agave East Apartments","Agave East Apartments GP LLC","Agave East Apartments GP LLC","7508 Ross Road","78667","0339310105","2","Multifamily","Rental","Project Completed","240","240","0.0","0","0","0","0","64","115","0","61","0","0","0","10-09-2024","10-09-2064","40",,,,,"No","Yes","No",,,"No",,,,,,,,,,,,"-97.644872","30.15308"
"710","5669","2000 Onion Creek","JCI Residential LC","JCI Residential LLC","2000 Onion Creek Pkwy","78748","0443112703","5","Multifamily","Rental","Project Completed","280","280","0.0","0","0","0","0","56","51","0","37","136","0","0","06-10-2025","06-10-2065","40",,,,,"No","Yes","Yes",,,"No",,,,,,,,,,,,"-97.798254","30.137753"
"684","5672","Greystone at Prock Condominiums","LZA Real Properties East LLC","LZA Real Properties East LLC","4700 Prock Lane Units A-B","78721","0206180116","3","Multifamily","Ownership","Project Completed","2","1","0.0","0","0","0","0","0","0","0","0","1","0","0","10-24-2023","10-24-2122","99",,,,,"No","Yes","No",,,"No",,,,,,,,,,,,"-97.69119","30.27037"
"684","5673","Greystone at Prock Condominiums","LZA Real Properties East LLC","LZA Real Properties East LLC","4700 Prock Lane Units C-D","78721","0206180116","3","Multifamily","Ownership","Project Completed","2","1","0.0","0","0","0","0","0","0","0","0","1","0","0","11-07-2023","11-07-2122","99",,,,,"No","Yes","No",,,"No",,,,,,,,,,,,"-97.69119","30.27037"
"684","5674","Greystone at Prock Condominiums","LZA Real Properties East LLC","LZA Real Properties East LLC","4700 Prock Lane Units E-F","78721","0206180116","3","Multifamily","Ownership","Project Completed","2","1","0.0","0","0","0","0","0","0","0","0","1","0","0","11-07-2023","11-07-2122","99",,,,,"No","Yes","No",,,"No",,,,,,,,,,,,"-97.69119","30.27037"
"720","5686","Alma Apartments","SHIR Capital LLC","SHIR Capital LLC","9220 N IH-35","78746","0239190251","4","Multifamily","Rental","Project Completed","172","87","0.0","22","0","0","0","35","52","0","0","0","0","0","05-01-2023","05-01-2063","40",,,,,"No","Yes","No",,,"No",,,,,,,,,,,,"-97.68931","30.35752"
"721","5687","Hedge II","SHIR Capital LLC","SHIR Capital LLC","8300 N IH-35","78753","0235160409","4","Multifamily","Rental","Project Completed","155","78","0.0","19","0","0","0","31","47","0","0","0","0","0","01-23-2023","01-23-2063","40",,,,,"No","Yes","No",,,"No",,,,,,,,,,,,"-97.695857","30.346725"
"264","5688","Avi Homes - SF - Section 7 (Goodnight Ranch)","Bradsher Family Trust and MVE Ventures LTD","Momark Development LLC","Multiple Addresses","78747","0","2","Duplex","Ownership","Project Completed","112","0","0.0","0","0","0","0","0","0","0","0","0","0","0",,"12-30-3799","0",,,,,"No","No","Yes",,,"No",,,,,,,,,,,,"-97.75916489","30.15611696"
"723","5689","5511-5519 Jackie Robinson","Summertree Developer LLC","Summertree Developer LLC","5511 Jackie Robinson Street","78721","0210210614","1","Single Family","Ownership","Under Construction","62","7","0.0","0","0","0","0","0","0","0","0","7","0","0",,"12-30-1998","99",,,,,"No","No","Yes",,,"No",,,,,,,,,,,,"-97.6782","30.27607"
"733","5701","2011 & 2015 E M Franklin","Anmol Mehra","Anmol Mehra","2015 E M Franklin Ave","78723","0213170112","1","Multifamily","Ownership","Certified","76","38","0.0","0","0","0","0","0","0","0","0","38","0","0",,"12-30-1998","99",,,,,"No","Yes","Yes",,,"No",,,,,,,,,,,,"-97.69685","30.28611"
"761","5738","Common Ground","4908 Lott Holdings LLC","The Geyser Group","4908 Lott Ave","78721","0211200427","1","Single Family","Ownership","Under Construction","60","5","0.0","0","0","0","0","0","0","0","0","5","0","0",,"12-30-1998","99",,,,,"No","No","Yes",,,"No",,,,,,,,,,,,"-97.68303","30.27653"
"765","5742","Quality Inn","Veer Off 183 Owner LLC","SHIR Capital LLC","7928 Gessner Drive","78753","0234150207","4","Multifamily","Rental","Project Completed","168","85","0.0","0","0","0","0","33","52","0","0","0","0","0","04-24-2025","04-24-2065","40",,,,,"No","Yes","No",,,"No",,,,,,,,,,,,"-97.70258","30.34376"
"766","5744","12th Street Villas","JJ & B Investments LLC","Urban ATX","4120 E 12th Street","78721","0210180549","1","Single Family","Ownership","Certified","26","3","0.0","0","0","0","0","0","0","0","0","3","0","0",,"12-30-1900","1",,,,,"No","No","Yes",,,"No",,,,,,,,,,,,"-97.68798","30.27958"
"772","5751","Fox Hollow Apartments","Jesus Turullols","LDG Development LLC","2123 Brandt Road","78744","0439180610","5","Multifamily","Rental","Certified","241","121","0.0","0","0","0","0","121","0","0","0","0","0","0",,"12-30-1939","40",,,,,"No","Yes","Yes",,,"No",,,,,,,,,,,,"-97.78322","30.15698"
"782","5782","1707 Poquito St","ATX Investment Projects LLC","ATX Investment Projects LLC","1707 Poquito St","78702","0","1","Triplex","Ownership","Certified","12","6","0.0","0","0","0","0","0","0","0","0","6","0","0",,"12-30-3799","0",,,,,"No","No","Yes",,,"No",,,,,,,,,,,,"-97.71928","30.27868"
"786","5791","Oak Hill Lofts","0","Broadway Urban Homes LLC","7610 Old Bee Caves Rd","78735","0404380308; 0404380309","8","Multifamily","Rental","Certified","240","240","0.0","0","0","3","0","167","0","0","0","70","0","0",,"12-30-1939","40",,,,,"No","Yes","Yes",,,"No",,,,,,,,,,,,"-97.87871","30.24287"
"264","5812","Goodnight Ranch Town Center Phase 1","Bradsher Family Trust and MVE Ventures LTD","Momark Development LLC","8930 Vertex Blvd","78747","0439080524","2","Multifamily","Rental","Under Construction","340","0","0.0","0","0","0","0","0","0","0","0","0","0","0",,"12-30-3799","0",,,,,"No","No","Yes",,,"No",,,,,,,,,,,,"-97.75553","30.14935"
"347","5822","Mueller 11","Catellus Austin LLC","Catellus Austin LLC","Multiple Addresses","78723",,"9","Single Family","Ownership","Affordability Period Expired","37","4","0.0","0","0","0","0","0","0","0","0","4","0","0","09-04-2024","09-04-2025","1",,,,,"No","No","Yes",,,"No",,,,,,,,,,,,"-97.69150533","30.29259458"
"300","5874","Clawson Ridge Condominiums","Clawson Partners Mgmt","Clawson Partners Mgmt","3700 Clawson Road Unit 114","78704","0406101601","5","Multifamily","Ownership","Project Completed","1","1","0.0","0","0","0","0","0","0","0","0","1","0","0","07-22-2021","07-22-2120","99",,,,,"No","No","Yes",,,"No",,,,,,,,,,,,"-97.780677","30.233736"
"812","5896","7217 Carver Ave","Austin Revitalization Authority","Austin Revitalization Authority","1001 1003 1005 & 1007 Wilks Ave.","78752","0229150318","4","Single Family","Ownership","Certified","4","4","0.0","0","0","0","0","0","0","0","0","4","0","0",,"12-30-1998","99",,,,,"No","Yes","Yes",,,"No",,,,,,,,,,,,"-97.69835281","30.33149666"
"815","5899","McKinney Falls Apartments","Graham Development","Graham Development","5200 McKinney Falls Parkway","78744","0324100103","2","Multifamily","Rental","Project Completed","252","145","0.0","0","0","0","0","0","0","0","0","145","0","0","12-30-2025","12-30-2030","5",,,,,"No","No","Yes",,,"No",,,,,,,,,,,,"-97.71565515","30.18723313"
"837","5923","Ivy Heights fka Easton Park","Richman Southwest Development LLC","Richman Southwest Development LLC","7013 E William Cannon Drive","78744","0332080903","2","Multifamily","Rental","Project Completed","300","150","0.0","0","0","0","15","90","0","0","0","45","0","0","06-10-2025","06-10-2030","5",,,,,"No","No","Yes",,,"No",,,,,,,,,,,,"-97.72699187","30.16280556"
"839","5925","Frontier Valley Homes","Delphi Affordable Housing Group Inc.","Urban ATX","1418 Frontier Valley Drive","78741","0308160702","3","Multifamily","Rental","Under Construction","101","51","0.0","0","0","6","0","15","0","0","30","0","0","0",,"12-30-1939","40",,,,,"No","Yes","Yes",,,"No",,,,,,,,,,,,"-97.69428","30.22631"
"964","6071","East Avenue PUD - 1012 Concordia Ave.","1010 Concordia LP","1010 Concordia LP","1012 Concordia Ave.","78705","0215080826","9","Multifamily","Rental","Certified","256","0","0","0","0","0","0","0","0","0","0","0","0","0",,"12-30-3799",,"Pending","$1,043,875",,,"No","No","No",,,"Yes",,,,,,,,,,,,"-97.72121","30.29319"
"1,014","6139","218 S. Lamar PUD","Michael  William Pflueger","Michael  William Pflueger","218 S. Lamar Blvd.","78704","0105020102","9","Non-Residential","Non-Residential","Under Construction","0","0","0","0","0","0","0","0","0","0","0","0","0","0",,"12-30-3799",,"Pending","$1,150,000",,,"No","No","No","PUD Development Agreement",,"Yes",,,,,,,,,,,,"-97.758055","30.263541"
"950","6055","Ovetta Rosedale","Ovetta Rosedale LLC","O-SDA/Saigebrook","4202-4210 Medical Pkwy","78756","0222030111","10","Multifamily","Rental","Loan Closed","70","70","9","0","0","7","0","28","32","0","0","3","0","0",,"12-30-3799",,,,,"RHDA","No","Yes","Yes",,,"No","9% LIHTC",,,,"5,195,000",,,,,,,"-97.74278","30.31162"
"946","6050","Prospect Heights 12 Homes","Housing Authority of the City of Austin","Austin Habitat for Humanity","1136 A & B 1138 A & B 1140 A & B 1142 A & B 1144 A & B 1146 A & B Poquito Street","78702","973589","1","Single Family","Ownership","Under Construction","12","12","0","0","0","0","0","0","0","0","0","12","0","0",,"12-30-1900","1",,,,"OHDA","No","Yes","Yes",,,"No",,,,,"1,200,000",,,,,,,"-97.71738","30.26802"
"264","5959","The Ramble","Bradsher Family Trust and MVE Ventures LTD","Momark Development LLC","9105 Cattle Baron Path","78747",,"2","Single Family","Ownership","Project Completed","8","0","0","0","0","0","0","0","0","0","0","0","0","0",,"12-30-3799","0",,,,,"No","No","Yes","PUD Development Agreement",,"No",,,,,,,,,,,,"-97.75814137","30.15319581"
"368","6116","Whisper Valley - 17029 Radiant Drive (Parcel 34)","Club Deal 120 Whisper Valley L.P.","Club Deal 120 Whisper Valley L.P.","17029 Radiant Drive","78653","0213650101","1","Multifamily","Rental","Certified","306","31","0","0","0","0","0","0","31","0","0","0","0","0",,"12-30-1939","40",,,,,"No","No","No","PUD Development Agreement",,"No",,,,,,,,,,,,"-97.55255","30.29054"
"368","6131","Whisper Valley PUD - The Evergreen","Club Deal 120 Whisper Valley L.P.","Club Deal 120 Whisper Valley L.P.","16601 E Braker Lane","78754","0218600130","1","Multifamily","Rental","Under Construction","348","35","0","0","0","0","0","0","35","0","0","0","0","0",,"12-30-1939","40",,,,,"No","No","No","PUD Development Agreement","PUD Density Bonus","No",,,,,,,,,,,,"-97.673326","30.375795"
"368","6132","Whisper Valley - Parcel 3 Multifamily","Club Deal 120 Whisper Valley L.P.","Club Deal 120 Whisper Valley L.P.","16300 1/2 Fetching Avenue","78653","0218600131","1","Multifamily","Rental","Certified","112","11","0","0","0","0","0","0","11","0","0","0","0","0",,"12-30-1939","40",,,,,"No","No","No","PUD Development Agreement",,"No",,,,,,,,,,,,"-97.555574","30.29899"
"368","6133","Whisper Valley - Parcel 4 Multifamily","Club Deal 120 Whisper Valley L.P.","Club Deal 120 Whisper Valley L.P.","16400 Moonlit Path","78653","0218600131","1","Multifamily","Rental","Certified","115","12","0","0","0","0","0","0","12","0","0","0","0","0",,"12-30-1939","40",,,,,"No","No","No","PUD Development Agreement",,"No",,,,,,,,,,,,"-97.557747","30.297192"
"368","6135","Whisper Valley - Parcel 65 Multifamily","Club Deal 120 Whisper Valley L.P.","Club Deal 120 Whisper Valley L.P.","17001 E Braker Lane","78653","0210600135","1","Multifamily","Rental","Certified","312","31","0","0","0","0","0","0","31","0","0","0","0","0",,"12-30-1939","40",,,,,"No","No","No","PUD Development Agreement",,"No",,,,,,,,,,,,"-97.549874","30.284016"
"368","6168","Whisper Valley - 17029 Radiant Drive (Parcel 32)","Club Deal 120 Whisper Valley L.P.","Club Deal 120 Whisper Valley L.P.","17029 Radiant Drive","78653","0215650601","1","Multifamily","Rental","Certified","199","20","0","0","0","0","0","0","20","0","0","0","0","0",,"12-30-1939","40",,,,,"No","No","No","PUD Development Agreement",,"No",,,,,,,,,,,,"-97.55255","30.29054"
"368","6173","Whisper Valley - Village 1 Phase 2","Club Deal 120 Whisper Valley L.P.","Club Deal 120 Whisper Valley L.P.","Multiple Addresses","78653","0217650106","1","Single Family","Ownership","Project Completed","10","0","0","0","0","0","0","0","0","0","0","0","0","0",,"12-30-3799","0",,,,,"No","No","No","PUD Development Agreement",,"No",,,,,,,,,,,,"-97.54939","30.291981"
"368","6181","Whisper Valley - Parcel 25 - Habitat SF","Club Deal 120 Whisper Valley L.P.","Club Deal 120 Whisper Valley L.P.","17224 Radiant Drive","78653","0210600128","1","Single Family","Ownership","Under Construction","48","48","0","0","0","0","0","0","0","0","0","0","0","0",,"12-30-1998","99",,,,,"No","No","Yes","PUD Development Agreement",,"No",,,,,,,,,,,,"-97.552546","30.290538"
"854","5943","Avalon Pointe","Mary Lee Community","Mary Lee Foundation","2610 Hume Place","78705","0215020712","9","Multifamily","Rental","Under Construction","142","30","0","0","0","0","0","15","15","0","0","0","0","0",,"12-30-1939","40",,,,,"No","No","Yes",,"UNO - 2014 Bedroom Opt-In","Yes",,,,,,,,,,,,"-97.74178","30.29095"
"861","5950","Paseo","80 Rainey Street Owner LLC","80 Rainey Street Owner LLC","80 Rainey St","78701","0203030613","9","Multifamily","Rental","Under Construction","557","28","0","0","0","0","0","0","0","0","0","28","0","0",,"12-30-1998","99",,"$997,700",,,"No","No","No",,"Downtown Density Bonus;Rainey Street","Yes",,,,,,,,,,,,"-97.7388906","30.2590259"
"868","5952","5RR","SL Red River LP","Stonelake Capital Partners LLC","506 E. 5th St.","78701","0206040514","9","Multifamily","Rental","Certified","242","0","0","0","0","0","0","0","0","0","0","0","0","0",,"12-30-3799",,"Pending","$1,592,340",,,"No","No","No",,"Downtown Density Bonus","Yes",,,,,,,,,,,,"-97.7379","30.2661"
"753","5953","Broadmoor Campus - Block L","Broadmoor Austin Associates","Broadmoor Austin Associates","11501 Burnet Road","78758",,"7","Non-Residential","Non-Residential","Certified","0","0","0","0","0","0","0","0","0","0","0","0","0","0",,"12-30-3799",,,,,,"No","No","No",,"North Burnet Gateway","Yes",,,,,,,,,,,,"-97.7157","30.40187"
"869","5954","1205 E 4th",,"4th & Waller Owner LLC","1211 E 4th Street and 311 Attayac","78702","0204060316","3","Non-Residential;Multifamily","Rental","Project Completed","15","2","0","0","0","0","0","0","2","0","0","0","0","0","03-26-2024","03-26-2064","40","Paid","$327,808","02-22-2024",,"No","No","No",,"Transit Oriented Development","Yes",,,,,,,,,,,,"-97.73122737","30.26224826"
"871","5957","1010 E 7th","1010 E 7th LP","1010 E 7th LP","1010 E 7th","78702",,"1","Non-Residential","Non-Residential","Certified","0","0","0","0","0","0","0","0","0","0","0","0","0","0",,"12-30-3799",,"Due","$246,194",,,"No","No","No",,"Transit Oriented Development","Yes",,,,,,,,,,,,"-97.73065649","30.26578051"
"872","5958","Villas Student Housing (fka 24 RG)","Villas Student Housing LLC","Villas Student Housing LLC","2313 Rio Grande Street","78705","0214011511","9","Multifamily","Rental","Project Completed","199","40","0","0","0","0","0","20","20","0","0","0","0","0","12-16-2025","12-16-2065","40","Paid","$232,125","07-30-2025",,"No","No","Yes",,"UNO - Post 2014","Yes",,,,,,,,,,,,"-97.74447899","30.28764754"
"874","5962","Park Place Austin","LP","MDL Austin Owner LP","2200 San Antonio","78748","0212010406","9","Multifamily","Rental","Project Completed","216","44","0","0","0","0","0","22","22","0","0","0","0","0","09-09-2025","09-09-2065","40","Paid","$192,589","03-12-2025",,"No","No","Yes",,"UNO - Post 2014","Yes",,,,,,,,,,,,"-97.74326021","30.28527731"
"879","5970","1400 E 4th St.","1400 E 4th Street Owner LLC","1400 E 4th Street Owner LLC","1400 E. 4th St.","78702","191915","3","Non-Residential","Non-Residential","Certified","0","0","0","0","0","0","0","0","0","0","0","0","0","0",,"12-30-3799",,"Pending","$1,021,254",,,"No","No","No",,"Transit Oriented Development","Yes",,,,,,,,,,,,"-97.72874","30.26202"
"886","5978","University Studios","907 W 22 ½ LLC","Cater Joseph","907 W 22 ½ Street","78705","0212010603","9","Multifamily","Rental","Certified","58","6","0","0","0","0","0","0","6","0","0","0","0","0",,"12-30-1939","40",,,,,"No","No","Yes",,"UNO - 2014 Bedroom Opt-In","Yes",,,,,,,,,,,,"-97.74725","30.28606"
"896","5990","1100 E. 5th St.","Montwalk Holdings LLC","Montwalk Holdings LLC","1100 1108 1110 E. 5th St. & 502 504 Waller St.","78702","191769","3","Non-Residential","Non-Residential","Certified","0","0","0","0","0","0","0","0","0","0","0","0","0","0",,"12-30-3799",,"Pending","$1,048,983",,,"No","No","No",,"Transit Oriented Development","Yes",,,,,,,,,,,,"-97.73151","30.26406"
"906","6003","62 East","62-64 East Ave Owner LLC","Pearlstone","62-64 East Avenue","78701","190915","9","Multifamily","Ownership","Certified","215","10","0","0","0","0","0","0","0","0","0","10","0","0",,"12-30-1998","99","Pending","$808,550",,,"No","No","No",,"Downtown Density Bonus;Rainey Street","Yes",,,,,,,,,,,,"-97.73824","30.25805"
"908","6005","The Arconian","Sigma Epsilon of Kappa Delta House Corporation","Lincoln Ventures LLC","501 W. 24th Street","78705","0214011601","9","Multifamily","Rental","Certified","208","42","0","0","0","0","0","21","21","0","0","0","0","0",,"12-30-1939","40","Pending","$102,237.5",,,"No","No","Yes",,"UNO - 2014 Bedroom Opt-In","Yes",,,,,,,,,,,,"-97.74295","30.28757"
"911","6011","410 E 5th Street","410 Avenue Lofts LP","Drenner Group","410 E 5th Street","78701","0206042301","9","Multifamily","Rental","Certified","350","0","0","0","0","0","0","0","0","0","0","0","0","0",,"12-30-1939","40","Pending","$2,596,344",,,"No","No","No",,"Downtown Density Bonus","Yes",,,,,,,,,,,,"-97.73903","30.26633"
"916","6015","5th and Trinity","311 E. 5th Series LLC","311 E. 5th Series LLC","307 & 311 East 5th Street","78701","192875","9","Non-Residential","Non-Residential","Under Construction","0","0","0","0","0","0","0","0","0","0","0","0","0","0",,"12-30-3799",,"Pending","$318,825",,,"No","No","No",,"Downtown Density Bonus","Yes",,,,,,,,,,,,"-97.74024","30.26604"
"927","6027","4800 E Riverside Dr Phase 3 Lot 3","NRE Zone LLC","Presidium","4800 E. Riverside Dr.","78741","975158","3","Multifamily","Rental","Certified","312","28","0","0","0","0","0","0","28","0","0","0","0","0",,"12-30-3799",,"Pending","$31,397",,,"No","No","No",,"East Riverside Corridor","No",,,,,,,,,,,,"-97.7188","30.2329"
"927","6028","4700 E Riverside Dr Phase 4 Lot 2","NRE Zone LLC","Presidium","4700 E Riverside Dr","78741","0307110121","3","Non-Residential","Non-Residential","Certified","0","0","0","0","0","0","0","0","0","0","0","0","0","0",,"12-30-1939","40","Pending","$100,775",,,"No","No","No",,"East Riverside Corridor","Yes",,,,,,,,,,,,"-97.7188","30.2329"
"927","6029","1900 Crossing Pl Phase 5 Lot 4","NRE Zone LLC","Presidium","1900 Crossing Place","78741","975158","3","Non-Residential","Non-Residential","Under Construction","0","0","0","0","0","0","0","0","0","0","0","0","0","0",,"12-30-3799",,"Pending","$96,556",,,"No","No","No",,"East Riverside Corridor","No",,,,,,,,,,,,"-97.7188","30.2329"
"930","6032","1612 E. 7th Street Hotel","1610 JFH LLC","1610 JFH LLC","1612 E. 7th St.","78702","0205081606","1","Non-Residential","Non-Residential","Certified","0","0","0","0","0","0","0","0","0","0","0","0","0","0",,"12-30-3799",,,"$421,057",,,"No","No","No",,"Transit Oriented Development","Yes",,,,,,,,,,,,"-97.72522","30.26383"
"936","6039","415 Lavaca","PSOF Austin Hotel Owner LLC","PSOF Austin Hotel Owner LLC","415 Lavaca","78701","0206011701","9","Non-Residential","Non-Residential","Under Construction","0","0","0","0","0","0","0","0","0","0","0","0","0","0",,"12-30-3799",,"Pending","$1,913,706",,,"No","No","No",,"Downtown Density Bonus","Yes",,,,,,,,,,,,"-97.74574","30.26714"
"937","6040","Block 32 Phase I","301 Partners Ltd.","301 Partners Ltd.","304-310 E. 3rd St 301 San Jacinto & 304 1/2 Trinity St.","78701","0205021604","9","Multifamily","Rental","Certified","363","182","0","0","0","0","0","73","73","0","0","36","0","0",,"12-30-3799",,"Pending","$1,315,584",,,"No","No","Yes",,"Downtown Density Bonus","Yes",,,,,,,,,,,,"-97.74138","30.26463"
"937","6041","Block 32 Phase II","301 Partners Ltd.","301 Partners Ltd.","304-310 E. 3rd St 301 San Jacinto & 304 1/2 Trinity St","78701","0205021604 0205021602","9","Multifamily","Rental","Certified","493","247","0","0","0","0","0","99","99","0","0","49","0","0",,"12-30-3799",,,"$5,898,876",,,"No","No","Yes",,"Downtown Density Bonus","Yes",,,,,,,,,,,,"-97.74138","30.26463"
"940","6044","11901 N Mo-Pac Expressway","HUSPRF Domain Northside LP","HUSPRF Domain Northside LP","11901 N Mo-Pac Expressway","78759","0258080101","7",,"Non-Residential","Certified","0","0","0","0","0","0","0","0","0","0","0","0","0","0",,"12-30-3799",,"Pending","$2,964,160",,,"No","No","No",,,"Yes",,,,,,,,,,,,"-97.71885","30.40681"
"941","6045","10801 N Mo-Pac Expressway","Austin Braker Property LLC","Austin Braker Property LLC","10801 N Mo-Pac Expressway","78759","934177","7",,"Non-Residential","Certified","0","0","0","0","0","0","0","0","0","0","0","0","0","0",,"12-30-3799",,"Pending","$841,096","01-08-2024",,"No","No","No",,"North Burnet Gateway","Yes",,,,,,,,,,,,"-97.72923","30.39795"
"944","6048","303 W 14th Street","1304 Lavaca Street JV LLC","1304 Lavaca Street JV LLC","303 W 14th Street","78701","199826","9","Non-Residential","Non-Residential","Certified","0","0","0","0","0","0","0","0","0","0","0","0","0","0",,"12-30-3799",,"Pending","$2,247,102",,,"No","No","No",,"Downtown Density Bonus","Yes",,,,,,,,,,,,"-97.74249","30.27658"
"956","6061","506 & 508 West Avenue","506 West Avenue LP","Manifold Development","506 West Avenue","78701","0107000909","9","Multifamily","Rental","Certified","359","0","0","0","0","0","0","0","0","0","0","0","0","0",,"12-30-3799",,"Pending","$1,040,088",,,"No","No","No",,"Downtown Density Bonus","Yes",,,,,,,,,,,,"-97.75116","30.26985"
"969","6062","Centro East","6th & Onion East LP","6th & Onion East LP","1501 E. 6th St.","78702","0204063201","3","Multifamily","Rental","Under Construction","260","0","0","0","0","0","0","0","0","0","0","0","0","0",,"12-30-3799","0","Pending","$2,895,750",,,"No","No","No",,"Transit Oriented Development","Yes",,,,,,,,,,,,"-97.72751","30.26266"
"962","6069","West Campus Holdings","West Campus Holdings LLC","West Campus Holdings LLC","1008 W. 25th Half St","78705","0214000912","9","Multifamily","Rental","Under Construction","75","8","0","0","0","0","0","0","8","0","0","0","0","0",,"12-30-1939","40","Pending","$62,977",,,"No","No","Yes",,"UNO - 2014 Bedroom Opt-In","Yes",,,,,,,,,,,,"-97.74664","30.28946"
"994","6103","400 W 14th Street","Northland Living Guadalupe Project Inc","Drenner Group","400 W 14th Street","78701","0210021409 0210021410","9","Multifamily","Ownership","Certified","283","0","0","0","0","0","0","0","0","0","0","0","0","0",,"12-30-3799",,"Pending","$1,773,200",,,"No","No","No",,"Downtown Density Bonus","Yes",,,,,,,,,,,,"-97.74355","30.27724"
"1,001","6111","2105 S Congress Avenue","LP","SoCo Development LP","2109 S Congress Ave 2121 S Congress Ave 110 E Live Oak Street 2113 Nickerson Street","78704","0403010105 0303000105 0303000106 0303000122","9","Multifamily","Ownership","Certified","265","0","0","0","0","0","0","0","0","0","0","0","0","0",,"12-30-3799",,"Due","$10,898,900",,,"No","No","No",,"DB-90","Yes",,,,,,,,,,,,"-97.75166779","30.24277168"
"1,002","6112","Nueces Mosque and Student Housing","North American Islamic Trust Inc","Nueces Mosque","1906 and 1908 Nueces Street","78705","0212011505 0212011506","9","Multifamily","Rental","Certified","36","4","0","0","0","0","0","0","4","0","0","0","0","0",,"12-30-1939","40","Due","$32,000",,,"No","No","Yes",,"UNO - 2014 Bedroom Opt-In","Yes",,,,,,,,,,,,"-97.7444","30.28308"
"1,009","6126","West Braker Lane Multifamily","Q2 Project Investments LP","Wilson Capital GP I LLC","2500 West Braker Lane","78758","0252080501 0252080502 0252080503","7","Multifamily","Rental","Certified","307","48","0","0","0","0","0","0","48","0","0","0","0","0",,"12-30-3799",,,,,,"No","No","No",,"North Burnet Gateway","No",,,,,,,,,,,,"-97.718478","30.390768"
"1,034","6194","701 W 6th Street","701 West 6th Owner LP","EOP II Sub GP One LLC","701 W 6th Street","78701","0107001012 0107001013 0107001014","9","Multifamily","Rental","Certified","413","0","0","0","0","0","0","0","0","0","0","0","0","0",,"12-30-3799",,"Due","$2,507,604",,,"No","No","No",,"Downtown Density Bonus","Yes",,,,,,,,,,,,"-97.749722","30.26981"
"845","5931","SOFIE Flats","ND South First LP","ND South First LP","6311 S 1st Street","78745","0417101216","2","Multifamily","Rental","Under Construction","258","129","0","0","0","0","0","13","13","0","0","103","0","0",,"12-30-1939","40",,,,,"No","No","No",,"Vertical Mixed Use","No",,,,,,,,,,,,"-97.78502","30.20118"
"846","5932","CSW 5th Street Mixed Use","Michael J. Kuhn","CSW South Lamar MF LP","5211 E 7th Street","78702","0200160205","3","Multifamily","Rental","Under Construction","320","32","0","0","0","0","0","0","32","0","0","0","0","0",,"12-30-1939","40",,,,,"No","No","No",,"Vertical Mixed Use","No",,,,,,,,,,,,"-97.6965","30.25206"
"852","5941","The Right Angle","Lifeworks","Lifeworks","2700 2716 and 2726 E 5th Street","78702","0203110603","3","Multifamily","Rental","Certified","618","62","0","0","0","0","0","0","0","0","0","62","0","0",,"12-30-1939","40",,,,,"No","No","No",,"Vertical Mixed Use","No",,,,,,,,,,,,"-97.71178","30.25726"
"853","5942","Saint Elmo Multi-family","Mary Lee Community","Mary Lee Foundation","4315 South Congress Ave","78745","0412040504","3","Multifamily","Rental","Project Completed","148","15","0","0","0","0","0","0","0","0","0","15","0","0","09-22-2025","09-22-2065","40",,,,,"No","No","No",,"Vertical Mixed Use","No",,,,,,,,,,,,"-97.76552","30.2189"
"264","5948","David Weekley Homes at Goodnight Ranch","Bradsher Family Trust and MVE Ventures LTD","Momark Development LLC","6301 Cowman Way","78747","0438010801","2","Single Family","Ownership","Project Completed","67","0","0","0","0","0","0","0","0","0","0","0","0","0",,"12-30-3799",,,,,,"No","No","Yes",,,"No",,,,,,,,,,,,"-97.754426","30.147335"
"862","5951","Verbena Flats","JCI Multifamily LP","JCI Multifamily LP","1009 1013 1017 W. Slaughter Ln","78748","0430150210","5","Multifamily","Rental","Certified","488","250","0","0","0","0","0","0","49","0","0","201","0","0",,"12-30-1939","40",,,,,"No","No","Yes",,"Vertical Mixed Use","No",,,,,,,,,,,,"-97.80995","30.17352"
"875","5963","10711 Burnet","HS/P Burnet Road LLC","Trammell Crow","10711 Burnet Rd","78758","0252080509","7","Multifamily","Rental","Under Construction","416","52","0","0","0","0","0","0","52","0","0","0","0","0",,"12-30-1939","40",,,,,"No","No","No",,"North Burnet Gateway","No",,,,,,,,,,,,"-97.72076","30.3924"
"877","5967","2609 San Pedro","DC + CJ 2609 San Pedro LLC","Cater Joseph","2609 San Pedro Street","78705","0215020104","9","Multifamily","Rental","Certified","5","1","0","0","0","0","0","0","1","0","0","0","0","0",,"12-30-1939","40",,,,,"No","No","Yes",,"University Neighborhood Overlay - By The Unit (Pre-2014)","No",,,,,,,,,,,,"-97.74576","30.29164"
"882","5974","5916 N Lamar","5916 N Lamar Investor LLC","Bercy Chen Studio LP","5916 N Lamar Blvd","78752","0229080107","7","Multifamily","Rental","Certified","326","50","0","0","0","0","0","34","16","0","0","0","0","0",,"12-30-1939","40",,,,,"No","No","Yes",,"ETOD","No",,,,,,,,,,,,"-97.72529","30.32857"
"883","5975","201 E. Huntland","201 E. Huntland ATX LLC","201 E. Huntland ATX LLC","201 E Huntland Dr","78752","0228130105","4","Multifamily","Rental","Certified","281","29","0","0","0","0","0","0","0","0","0","29","0","0",,"12-30-1939","40",,,,,"No","No","No",,"Vertical Mixed Use","No",,,,,,,,,,,,"-97.71217","30.33022"
"884","5976","McKalla Place Multifamily","McKalla II Land Partners LLC","CREA","10109 10201 10209 and 10301 McKalla Place and 2314 Rutland Drive","78758","0248100107","7","Multifamily","Rental","Certified","897","79","0","0","0","0","0","0","79","0","0","0","0","0",,"12-30-1939","40",,,,,"No","No","No",,"North Burnet Gateway","No",,,,,,,,,,,,"-97.71991","30.38332"
"893","5987","7600 Burnet VMU","7600 Burnet Road LP","Riverside","7618 Burnet Rd.","78757","0238050105","7","Multifamily","Rental","Under Construction","300","30","0","0","0","0","0","0","0","0","0","30","0","0",,"12-30-1939","40",,,,,"No","No","No",,"Vertical Mixed Use","No",,,,,,,,,,,,"-97.73324","30.35252"
"894","5988","CSW Far West Mixed Use","CSW Far West LP","CSW Development","3525 Far West Blvd.","78731","0136010204","10","Multifamily","Rental","Under Construction","317","32","0","0","0","0","0","0","0","0","0","32","0","0",,"12-30-1939","40",,,,,"No","No","No",,"Vertical Mixed Use","No",,,,,,,,,,,,"-97.75321","30.35241"
"899","5993","11901 Burnet Rd.","MFMG – Burnet Austin Project Owner LP","Morgan Group","11901 Burnet Rd.","78758","0258100102","7","Multifamily","Rental","Under Construction","345","47","0","0","0","0","0","0","47","0","0","0","0","0",,"12-30-1939","40",,,,,"No","No","No",,"North Burnet Gateway","No",,,,,,,,,,,,"-97.71504","30.40506"
"792","0","Windsor Village Phase II","TDC Griffin Windsor Owner LLC","Transwestern","1727 Briarcliff Blvd","78723","0222170914","4","Multifamily","Rental","Certified","293","30","0","0","0","0","0","0","0","0","0","30","0","0",,"12-30-1904","5",,,,,"No","No","Yes",,"Vertical Mixed Use","No",,,,,,,,,,,,"-97.69155","30.31344"
"902","5998","Atlas 7","Parnell Engineering","Parnell Engineering","621 Gunter; 3511 3525 & 3535 E. 7th St.","78702","0202141007","9","Multifamily","Rental","Certified","192","18","0","0","0","0","0","18","0","0","0","0","0","0",,"12-30-1939","40",,,,,"No","No","No",,"Micro-Unit Density Bonus","No",,,,,,,,,,,,"-97.7425","30.26897"
"904","6001","Oak Springs Multifamily","2900 Oak Springs Horizontal Investors LP","The Geyser Group","2900 Oak Springs Dr","78702","0209150226","1","Multifamily","Rental","Certified","244","30","0","0","0","0","0","0","30","0","0","0","0","0",,"12-30-1939","40",,,,,"No","No","Yes",,"DB-90","No",,,,,,,,,,,,"-97.70117","30.27341"
"905","6002","2300 Kramer Ln.","ATX Braker and Kramer LP","Endeavor Real Estate","2300 Kramer Ln","78758","0253120108","4","Multifamily","Rental","Under Construction","396","26","0","0","0","0","0","0","26","0","0","0","0","0",,"12-30-1939","40",,,,,"No","No","No",,"North Burnet Gateway","No",,,,,,,,,,,,"-97.71375","30.39053"
"912","6012","Vargas Mixed Use","Housing Authority of the City of Austin","Riverside Vargas","1901 Vargas Road","78741","0309160701","3","Multifamily","Rental","Under Construction","677","351","0","0","0","0","0","0","37","0","0","314","0","0",,"12-30-1939","40",,,,,"No","No","Yes",,"East Riverside Corridor","No",,,,,,,,,,,,"-97.700849","30.224296"
"915","6014","1404 E. Riverside","South Shore Apartments Owner LP","Mill Creek Residential","1404 E. Riverside Dr.","78741","0302060117","3","Multifamily","Rental","Certified","220","15","0","0","0","0","0","0","15","0","0","0","0","0",,"12-30-1939","40",,,,,"No","No","No",,"East Riverside Corridor","No",,,,,,,,,,,,"-97.73333","30.24758"
"925","6024","1605 and 1607 E Riverside 1005 - 1007 Summit St","Riverside Summit LLC","Riverside Summit LLC","1605 E Riverside Drive","78741","0302060702","9","Multifamily","Ownership","Certified","72","8","0","0","0","0","0","0","0","0","0","8","0","0",,"12-30-1900","1",,,,,"No","No","Yes",,,"No",,,,,,,,,,,,"-97.73177","30.24573"
"927","6026","1800 Crossing Pl Phase 2 Lot 1","NRE Zone LLC","Presidium","1800 Crossing Pl","78741","0307110121","3","Multifamily","Rental","Certified","268","4","0","0","0","0","0","0","4","0","0","0","0","0",,"12-30-1939","40",,,,,"No","No","No",,"East Riverside Corridor","No",,,,,,,,,,,,"-97.7188","30.2329"
"934","6037","Alexan Braker Pointe","CH MF BTH II/Austin Domain L.P.","CH MF BTH II/Austin Domain L.P.","10801 North Mopac Expressway Northbound Building 4","78759","0254030202","7","Multifamily","Rental","Project Completed","314","31","0","0","0","0","0","0","31","0","0","0","0","0","10-27-2023","10-27-2063","40",,,,,"No","No","No",,"North Burnet Gateway","No",,,,,,,,,,,,"-97.73055","30.39667"
"935","6038","2001 W. Anderson","Anderson LAne Condo Holdings LLC","Ledgestone Development Group","2001 W. Anderson Ln.","78757","237070205","7","Multifamily","Ownership","Certified","198","20","0","0","0","0","0","0","0","0","0","20","0","0",,"12-30-1998","99",,,,,"No","No","No",,"Vertical Mixed Use","No",,,,,,,,,,,,"-97.72729","30.35411"
"938","6042","7301 N Lamar Boulevard","GS North Lamar Apartments Owner L.P.","GS North Lamar Apartments Owner L.P.","7301 N Lamar Boulevard","78752","0233100503","4","Multifamily","Rental","Under Construction","378","90","0","0","0","0","0","0","90","0","0","0","0","0",,"12-30-1939","40",,,,,"No","No","No",,"Transit Oriented Development","No",,,,,,,,,,,,"-97.71749","30.33965"
"947","6051","2545 Brockton Drive","Brockton Development LP","Brockton Development LP","2545 Brockton Drive","78758","0252080510","7","Multifamily","Rental","Under Construction","429","34","0","0","0","0","0","0","34","0","0","0","0","0",,"12-30-1939","40",,,,,"No","No","No",,"North Burnet Gateway","No",,,,,,,,,,,,"-97.7199","30.39172"
"948","6052","2631 Kramer Lane","H- Capital Ltd.","H- Capital Ltd.","2631 Kramer Lane","78758","0254080205","7","Multifamily","Rental","Certified","376","58","0","0","0","0","0","0","58","0","0","0","0","0",,"12-30-1939","40",,,,,"No","No","No",,"North Burnet Gateway","No",,,,,,,,,,,,"-97.719597","30.39414"
"958","6064","2901 E. 5th","Venky Cehllapa & Vijaya Venkatesh","Russell Architecture","2901 E 5th St","78702","0202120701","3","Multifamily","Rental","Certified","8","1","0","0","0","0","0","0","0","0","0","1","0","0",,"12-30-1939","40",,,,,"No","No","No",,"Vertical Mixed Use","No",,,,,,,,,,,,"-97.71009","30.2558"
"983","6091","SoCo Highline","UG SOCO LP","UG SOCO LP","406 E Alpine Road","78704","0410010437","3","Multifamily","Rental","Certified","219","22","0","0","0","0","0","0","0","0","0","22","0","0",,"12-30-1939","40",,,,,"No","No","No",,"Vertical Mixed Use","No",,,,,,,,,,,,"-97.75726","30.22489"
"753","6113","Broadmoor Block F","Broadmoor Austin Associates","Broadmoor Austin Associates","2800 JOHN S CHASE TRAIL","78758",,"7","Multifamily","Rental","Under Construction","0","0","0","0","0","0","0","0","0","0","0","0","0","0",,"12-30-3799",,,,,,"No","No","No",,,"No",,,,,,,,,,,,"-97.68304","30.44663"
"1,004","6119","5412 S Congress Avenue","LT SoCo 1 LLC","Drenner Group","5412 S Congress Avenue","78745","0415080407","3","Multifamily","Rental","Certified","280","28","0","0","0","0","0","28","0","0","0","0","0","0",,"12-30-1939","40",,,,,"No","No","No",,"DB-90","No",,,,,,,,,,,,"-97.77454","30.20664"
"1,007","6125","1500 W. Stassney","Stassney Land Partners LP","Stassney Land Partners LP","1500 1510 & 1408 W Stassney Ln","78745","0414140215","2","Multifamily","Rental","Certified","187","23","0","0","0","0","0","0","23","0","0","0","0","0",,"12-30-1939","40",,,,,"No","No","No",,"DB-90","No",,,,,,,,,,,,"-97.792099","30.213246"
"1,012","6137","The Martin","OHT Martin LP","OHT Partners","2730 East 7th Street","78702","0204120426","3","Multifamily","Rental","Under Construction","375","38","0","0","0","0","0","38","0","0","0","0","0","0",,"12-30-1939","40",,,,,"No","No","No",,"DB-90","No",,,,,,,,,,,,"-97.70995","30.26099"
"1,017","6145","6114 E. Riverside Condominiums","6114 E. Riverside Investments LLC","Javier Paut and Cesar Forno","6114 E. Riverside Drive","78741","0308140803 0308140807","3","Multifamily","Ownership","Certified","136","6","0","0","0","0","0","0","0","0","0","6","0","0",,"12-30-1998","99",,,,,"No","No","No",,"East Riverside Corridor","No",,,,,,,,,,,,"-97.704923","30.226025"
"1,022","6172","FiveOne","Ledgestone Development Group LLC","Ledgestone Development Group LLC","5525 E 51 St","78723",,"1","Multifamily","Rental","Certified","344","177","0","0","0","0","0","0","45","0","0","132","0","0",,"12-30-1904","5",,,,,"No","No","Yes",,"DB-90","No",,,,,,,,,,,,"-97.666128","30.292373"
"1,036","6196","1135 Gunter Street","HS Gunter Member LLC","HS Gunter Member LLC","1135 Gunter Street","78702","0206150226 0206150218","3","Multifamily","Rental","Certified","296","30","0","0","0","0","0","0","0","0","0","30","0","0",,"12-30-1939","40",,,,,"No","No","No",,"Vertical Mixed Use","No",,,,,,,,,,,,"-97.697212","30.267683"
"1,037","6198","Brentwood Multifamily","GDC-NRG BRENTWOOD LLC","GDC-NRG BRENTWOOD LLC","5401 Burnet Rd","78756","229677 229678 229679 229681 229683 229685 229686 975190","7","Multifamily","Rental","Certified","394","49","0","0","0","0","0","0","49","49","0","0","0","0",,"12-30-3799",,,,,,"No","No","Yes",,"DB-90","No",,,,,,,,,,,,"-97.739588","30.328526"
"337","6105","The Rebekah fka RBJ Tower","Southwest Strategies Group Momark Development and Austin Geriatric Center","Unknown","1320 Art Dilly Drive","78702",,"3","Multifamily","Rental","Under Construction","224","224","0","0","0","27","0","153","44","0","0","0","0","0",,"12-30-3799",,,,,"RHDA","Yes","No","Yes",,,"No","4% LIHTC",,,,,,"$6,000,000",,"$0",,"$6,000,000","-97.73337","30.25279"
"1,026","6180","Nightingale at Goodnight Ranch","Austin DMA Housing III LLC","DMA","5900 Charles Merle Drive","78747","0436013201","2","Multifamily","Rental","Project Completed","174","141","0","0","0","11","0","36","94","0","0","0","0","0","03-15-2018","03-15-2058","40",,,,"RHDA","No","No","Yes","Ground Lease;Partnership;Private Activity Bond",,"No","4% LIHTC",,"$2,000,000",,,,,,,,"$2,000,000","-97.754189","30.157313"
"865","5965","Seabrook Square II","AHFC",,"3515 Manor Road","78723","0214150606","1","Multifamily","Rental","Under Construction","60","60","0","60","0","48","0","12","0","0","0","0","0","0",,"12-30-1939","40",,,,"RHDA","No","Yes","Yes","Ground Lease",,"No",,,"$21,740","$0","2,697,099",,,,"$0",,"$21,740","-97.69883","30.28866"
"975","6083","Soco 121","AHFC",,"121 Woodward St","78704","0408020214","3","Multifamily","Rental","Project Completed","52","51","0","0","0","14","0","18","0","0","0","19","0","0","03-30-2023","03-30-3022","999",,,,"RHDA","No","No","No",,,"No",,,,"$520,000",,,,,,,"$520,000","-97.75762","30.22982"
"860","6147","AISD Loyola Lane - 6305 Blakely Bend","Austin Habitat for Humanity","Austin Habitat for Humanity","6305 Blakely Bend","78723","0219280633","1","Single Family","Ownership","Project Completed","1","1","0","0","0","0","0","0","0","0","0","1","0","0","08-30-2024","08-30-2123","99",,,,"OHDA","No","No","Yes",,,"No",,,,,,,,,,"$12,608","$12,608","-97.662888","30.30212"
"264","5955","Goodnight Ranch Lot 3 Block A Condominiums","Bradsher Family Trust and MVE Ventures LTD","Momark Development LLC","8935 Vertex Blvd","78747",,"2","Single Family","Ownership","Under Construction","67","0","0","0","0","0","0","0","0","0","0","0","0","0",,"12-30-3799",,,,,,"No","No","Yes","PUD Development Agreement",,"No",,,,,,,,,,,,"-97.75373268","30.14844123"
"264","5969","Goodnight Ranch Avi - SF East Section 1","Bradsher Family Trust and MVE Ventures LTD","Momark Development LLC","Multiple Addresses","78747",,"2","Single Family","Ownership","Project Completed","14","0","0","0","0","0","0","0","0","0","0","0","0","0",,"12-30-3799",,,,,,"No","No","Yes","PUD Development Agreement",,"No",,,,,,,,,,,,"-97.753764","30.153442"
"264","6007","Goodnight Ranch - Town Center Phase 1B","Bradsher Family Trust and MVE Ventures LTD","Momark Development LLC","2503 Half E Slaughter Lane","78747","0439081101","2","Multifamily","Rental","Certified","350","0","0","0","0","0","0","0","0","0","0","0","0","0",,"12-30-3799","0",,,,,"No","No","Yes","PUD Development Agreement",,"No",,,,,,,,,,,,"-97.77824","30.16414"
"377","6127","Grand Living at The Grove","ARG Bull Creek Ltd.","ARG Bull Creek Ltd.","4401 Jessie Heights Drive","78731","0124000510","10","Multifamily","Rental","Project Completed","213","0","0","0","0","0","0","0","0","0","0","0","0","0",,"12-30-3799",,,,,,"No","No","Yes","PUD Development Agreement",,"No",,,,,,,,,,,,"-97.754448","30.317197"
"377","6128","The Grove at Shoal Creek - Lot 11","ARG Bull Creek Ltd.","ARG Bull Creek Ltd.","4520 Lacey Cup Drive","78731","0124000503","10","Multifamily","Ownership","Certified","150","39","0","0","0","0","0","0","0","0","0","39","0","0",,"12-30-3799",,,,,,"No","No","Yes",,,"No",,,,,,,,,,,,"-97.750689","30.316008"
"377","6129","The Grove PUD - Lot 10","ARG Bull Creek Ltd.","ARG Bull Creek Ltd.","4521 Lacey Cup Drive","78731","0124000504","10","Multifamily","Ownership","Certified","82","0","0","0","0","0","0","0","0","0","0","0","0","0",,"12-30-3799",,,,,,"No","No","Yes","PUD Development Agreement",,"No",,,,,,,,,,,,"-97.751436","30.317817"
"377","6130","The Grove PUD - Phase 1","ARG Bull Creek Ltd.","ARG Bull Creek Ltd.","4215 Bull Creek Road","78731","0124000601","10","Single Family;Multifamily","Ownership","Under Construction","397","0","0","0","0","0","0","0","0","0","0","0","0","0",,"12-30-1998","99",,,,,"No","No","Yes","PUD Development Agreement",,"No",,,,,,,,,,,,"-97.754242","30.315872"
"347","5709","Parkside at Mueller","Catellus Austin LLC","Catellus Austin LLC","1808 Aldrich Street","78723","0217131601","9","Multifamily","Ownership","Project Completed","200","30","0","0","0","0","0","0","0","0","0","30","0","0","12-05-2025","12-05-2026","1",,,,,"No","No","Yes","Master Development Agreement;PUD Development Agreement",,"No",,,,,,,,,,,,"-97.706342","30.298436"
"130","6175","ThinkEAST - Land Use Areas 4-5","ThinkEast Austin MGT","ThinkEast Austin MGT","5400 Jain Lane","78721","0205202003 0205202001","3","Multifamily","Rental","Project Completed","307","8","0","0","0","0","0","0","8","0","0","0","0","0","11-29-2023","11-29-2033","10",,,,,"No","No","Yes","PUD Development Agreement",,"No",,,,,,,,,,,,"-97.687373","30.263655"
"307","6185","Enclave at Easton Park","Carma Easton LLC","Carma Easton LLC","7501 Cota Vista Drive","78744","0336150203","2","Multifamily","Rental","Under Construction","339","173","0","0","0","0","0","0","102","0","0","71","0","0",,"12-30-1939","40",,,,,"No","No","No","Municipal Utility District;PUD Development Agreement",,"No",,,,,,,,,,,,"-97.703798","30.146"
"307","6186","Retreat at Easton Park","Carma Easton LLC","Carma Easton LLC","7163 Union Park Lane","78744","0334100501","2","Multifamily","Rental","Project Completed","349","35","0","0","0","0","0","0","35","0","0","0","0","0","12-08-2025","12-08-2065","40",,,,,"No","No","No","Municipal Utility District;PUD Development Agreement",,"No",,,,,,,,,,,,"-97.725183","30.161121"
"365","6187","Valle Vista Apartments at Sun Chase","Qualico CR LP","Qualico CR LP","7401 Sun Chase Parkway","78617","0336520402","2","Multifamily","Rental","Under Construction","341","35","0","0","0","0","0","0","35","0","0","0","0","0",,"12-30-1939","40",,,,,"No","No","No","Municipal Utility District;PUD Development Agreement",,"No",,,,,,,,,,,,"-97.590149","30.149092"
"264","6197","Goodnight Ranch - Highland Ph 2 Section 2","Bradsher Family Trust and MVE Ventures LTD","Momark Development LLC","6117 McMurtry Street","78747","rmultiple","2","Single Family","Ownership","Under Construction","67","0","0","0","0","0","0","0","0","0","0","0","0","0",,"12-30-3799",,,,,,"No","No","Yes","PUD Development Agreement",,"No",,,,,,,,,,,,"-97.752553","30.146474"
"347","6199","Mueller Control Tower Resubdivision","Catellus Austin LLC","Catellus Austin LLC","3925 Berkman Drive","78723","0215163101","9","Non-Residential","Non-Residential","Certified","0","0","0","0","0","0","0","0","0","0","0","0","0","0",,"12-30-3799",,,,,,"No","No","Yes","Master Development Agreement",,"No",,,,,,,,,,,,"-97.698359","30.292072"
"851","5940","The Rhett","Garden Terrace Housing Corporation","O-SDA","1000 E Yager Lane","78753","0254280517","1","Multifamily","Rental","Project Completed","215","215","27","0","0","0","0","65","150","0","0","0","0","0","05-12-2025","05-12-2065","40",,,,"RHDA","No","Yes","Yes",,,"No","4% LIHTC",,,,"5,561,676",,,,"$838,324",,"$838,324","-97.66065","30.3921"
"856","5945","Cameron HiLine","Foundation Communities Inc.","Foundation Communities Inc.","1124 Clayton Lane","78723","0225150210","4","Multifamily","Rental","Under Construction","227","227","21","0","0","16","42","54","70","0","0","45","0","0",,"12-30-1939","40",,,,"RHDA","No","Yes","Yes",,,"No","4% LIHTC",,,,"7,950,000",,,,,,,"-97.70031716","30.31814871"
"870","5956","Norman Commons","AHFC-FC Norman Housing L.P.","Foundation Communities","5712 Jackie Robinson Street","78721","0209230901","1","Multifamily","Mixed","Project Completed","188","188","0","0","0","16","0","78","70","0","0","24","0","0","01-20-2026","01-20-2066","40",,,,"RHDA","No","Yes","Yes",,,"No","4% LIHTC",,,,"436,331",,,,,"$8,425,345","$8,425,345","-97.67520185","30.27652379"
"865","5964","Seabrook Square I","AHFC",,"3511 Manor Road","78723","207662 207665","1","Multifamily","Rental","Under Construction","204","204","32","0","0","31","0","51","122","0","0","0","0","0",,"12-30-1939","40",,,,"RHDA","Yes","Yes","Yes",,,"No","4% LIHTC",,,"$0","13,516,414",,,,"$0",,"$0","-97.69918","30.28842"
"885","5977","Cairn Point at Cameron","Cairn Point at Cameron LP","Vecino Group","1500 E St Johns Avenue","78752","0227190912","4","Multifamily","Rental","Under Construction","150","150","0","150","0","23","0","127","0","0","0","0","0","0",,"12-30-1939","40",,,,"RHDA","No","Yes","Yes",,,"No","4% LIHTC",,,,"6,077,738",,,,,,,"-97.69088","30.32598"
"888","5982","The Sasha","SAFE Alliance","Grove Supportive Housing Partnership","1325 Grove Blvd","78741","0305140404","3","Multifamily","Rental","Under Construction","60","60","0","60","0","12","25","23","0","0","0","0","0","0",,"12-30-1904","5",,,,"RHDA","No","Yes","Yes",,,"No","9% LIHTC",,,,"4,679,517",,,,,"$3,815,483","$3,815,483","-97.70517","30.23304"
"890","5984","The Roz","The Roz Parkside LP","SGI Ventures Inc. and AHFC","3435 Parker Lane","78741","0311030303","3","Multifamily","Rental","Project Completed","100","100","0","100","0","20","0","60","20","0","0","0","0","0","01-14-2026","01-14-2066","40",,,,"RHDA","No","Yes","Yes",,,"No","9% LIHTC","$0","$0","$0","5,500,000","$0","$0","$0","$0","$0","$0","-97.7431","30.2181"
"863","5996","Sycamores at Pleasant Valley","AHFC",,"5900 S. Pleasant Valley","78744","0322020169","2","Multifamily","Rental","Under Construction","75","75","0","0","0","0","19","56","0","0","0","0","0","0",,"12-30-1904","5",,,,"RHDA","Yes","Yes","Yes",,,"No","4% LIHTC",,,,"8,950,000",,,,,,,"-97.745611","30.188231"
"921","6020","Red Oaks","Housing Trust Group LLC","Housing Trust Group","11723 North FM 620","78750","R413803","6","Multifamily","Rental","Under Construction","70","70","0","0","0","7","0","28","35","0","0","0","0","0",,"12-30-1939","40",,,,"RHDA","No","Yes","Yes",,,"No","9% LIHTC",,,"$0","4,000,000",,,,"$0",,"$0","-97.82381","30.45726"
"923","6021","Sunset Ridge","Los Indios Ventures Inc","Manifold RE LLC","8413 Southwest Parkway","78735","0103400201","8","Multifamily","Rental","Under Construction","438","222","0","0","0","0","0","100","79","0","0","43","0","0",,"12-30-1904","5",,,,"RHDA","No","Yes","Yes",,,"No","4% LIHTC",,,,"8,885,000",,,,,,,"-97.88409","30.25956"
"929","6031","Cairn Point at Montopolis","Cairn Point at Montopolis LP","Vecino Group","1013 Montopolis Dr.","78741","0306150225","3","Multifamily","Rental","Loan Closed","150","150","0","0","0","23","0","57","70","0","0","0","0","0",,"12-30-1904","5",,,,"RHDA","No","Yes","Yes",,,"No","4% LIHTC",,,,"7,100,000",,,,"$900,000",,"$900,000","-97.69785","30.23317"
"943","6054","Pathways at Santa Rita Courts West","Housing Authority of the City of Austin","Housing Authority of the City of Austin","2300 E. 2nd St.","78702","0202100327","3","Multifamily","Rental","Loan Awarded","96","96","8","0","0","10","0","39","47","0","0","0","0","0",,"12-30-3799",,,,,"RHDA","No","No","Yes",,,"No","9% LIHTC",,,,"527,000",,,,,,,"-97.72012","30.25665"
"951","6056","Bailey at Stassney","Bailey at Stassney LP","Structure Development","5516 Humming Bird Ln","78745","0416090104","3","Multifamily","Rental","Under Construction","104","104","9","104","0","21","0","63","20","0","0","0","0","0",,"12-30-1904","5",,,,"RHDA","No","Yes","Yes",,,"No","9% LIHTC",,,,"5,600,000",,,,,,,"-97.77876","30.2073"
"952","6057","Bailey at Berkman","Bailey at Berkman LP","Structure Development","6405 Berkman Dr.","78723","0224190219","4","Multifamily","Rental","Under Construction","104","104","9","104","0","21","0","63","20","0","0","0","0","0",,"12-30-3799",,,,,"RHDA","No","Yes","Yes",,,"No","9% LIHTC",,,,,,,,,,,"-97.69011","30.3175"
"998","6107","Crossroads Redevelopment","Crossroads Mutual Housing Corporation","Foundation Communities Inc.","8801 McCann Dr.","78757","0244070821","7","Multifamily","Rental","Loan Awarded","110","110","0","0","0","22","0","83","5","0","0","0","0","0",,"12-30-1939","40",,,,"RHDA","No","Yes","Yes",,,"No","9% LIHTC",,,,"7,500,000",,,,,,,"-97.72963","30.37276"
"1,015","6143","Waverly North","Austin Groups for the Elderly","O-SDA Industries LLC","3710 Cedar Street","78705","0218040201","9","Multifamily","Rental","Loan Closed","76","76","0","0","0","17","0","20","27","0","0","12","0","0",,"12-30-1944","45",,,,"RHDA","No","Yes","Yes",,,"No","9% LIHTC",,,,"5,500,000",,,,,,,"-97.73539","30.30088"
"641","6184","810 Lydia Street","Guadalupe Neighborhood Development Corporation","Guadalupe Neighborhood Development Corporation","810 Lydia Street","78702","0205070319","1","Duplex","Rental","Project Completed","2","2","0","0","0","0","0","1","0","0","0","1","0","0","07-29-2022","07-29-2121","99",,,,"RHDA","No","No","No",,,"No",,,,,,,,"$272,794",,,,"-97.728694","30.26653"
"844","5930","Eastern Oaks Apartments","0","Housing Authority of Travis County","4922 Nuckols Crossing","78744","0319030114","2","Single Family","Rental","Project Completed","30","30","4","0","0","30","0","0","0","0","0","0","0","0","07-19-2021","07-19-2120","99",,,,"RHDA","No","No","No",,,"No",,"$0","$0","$0",,"$0","$0","$0","$1,000,000",,"$1,000,000","-97.73811173","30.19641587"
"850","5939","The Lancaster - SAFE",,"Capital A Housing","5111-5115 Lancaster Court","78723","0221130305","4","Multifamily","Rental","Under Construction","60","60","0","60","0","30","30","0","0","0","0","0","0","0",,"12-30-1939","40",,,,"RHDA","No","Yes","Yes",,,"No",,"$2,134,596",,"$3,865,404","1,153,711",,,,,"$0","$6,000,000","-97.70582","30.30823"
"860","5949","AISD Loyola Lane – 6301 Blakely Bend","Austin Habitat for Humanity","Austin Habitat for Humanity","6301 Blakely Bend","78723","0219280632","1","Single Family","Ownership","Project Completed","1","1","0","0","0","0","0","0","0","0","0","1","0","0","09-06-2024","09-06-2123","99",,,,"OHDA","No","No","Yes",,,"No",,,,,,,,,,"$12,608","$12,608","-97.662915","30.301986"
"873","5961","1611 W 10th","Clarksville Community Development Corporation","Clarksville Community Development Corporation","1611 W 10th St","78703","0111030307","9","Single Family","Rental","Project Completed","1","1","0","0","0","0","0","1","0","0","0","0","0","0","06-09-2025","06-09-2124","99",,,,"RHDA","No","No","Yes",,,"No",,,,,,,,"$77,950",,,,"-97.76086143","30.27937074"
"353","5966","Johnny Limon Village","AHFC","AHFC","800 Gardner Road","78721","0201200103","3","Single Family","Ownership","Under Construction","27","27","0","0","0","0","0","0","7","0","0","20","0","0",,"12-30-1900","1",,,,"OHDA","No","No","Yes",,,"No",,,,,"3,083,400",,,,,,,"-97.68626","30.25411"
"892","5986","The Works III at Tillery","The Works III at Tillery LLC","Lifeworks / Capital A Housing","823 Tillery Street","78702","0204140104","3","Multifamily","Rental","Under Construction","120","120","0","0","0","24","0","96","0","0","0","0","0","0",,"12-30-1904","5",,,,"RHDA","No","Yes","Yes",,,"No",,,,,,,,"$2,000,000","$6,000,000",,"$6,000,000","-97.70429","30.26056"
"863","5997","Willows Crossing","AHFC",,"5156 Village Square Drive","78744","294995","2","Multifamily","Ownership","Loan Closed","38","38","0","0","0","0","0","0","10","0","0","28","0","0",,"12-30-1900","1",,,,"OHDA","No","Yes","Yes",,,"No",,,,,"4,760,000",,,,,,,"-97.742933","30.187424"
"917","6016","St. Johns Redevelopment - North","City of Austin","Greystar","910 E St Johns Avenue","78752","0230160816","4","Multifamily","Rental","Certified","325","165","0","0","0","0","0","0","88","0","7","70","0","0",,"12-30-1904","5",,,,,"No","No","Yes",,,"No",,,,,,,,,,,,"-97.700337","30.331163"
"919","6018","Aspire at Big Austin","Mission Development Group","Mission Development Group","1100 East Braker Lane","78753","0247230906","1","Multifamily","Rental","Loan Awarded","368","360","0","0","0","39","0","102","158","0","0","61","0","0",,"12-30-1904","5",,,,"RHDA","No","No","Yes",,,"No",,,,,"8,755,000",,,,,,,"-97.67231","30.37552"
"924","6022","Redfield 34",,"JESE Real Estate","8807 Redfield Lane","78758","0240120826","4","Multifamily","Rental","Project Completed","34","34","0","0","0","0","0","34","0","0","0","0","0","0","12-01-2021","12-01-2061","40",,,,"RHDA","No","No","No",,,"No",,,,"$800,434",,,,,"$2,049,566",,"$2,850,000","-97.71183","30.36271"
"926","6025","Mary Lee Phase I","Mary Lee Foundation Inc.","Foundation Communities Inc.","1326-1328 Lamar Square Dr.","78704","0102040409","9","Multifamily","Rental","Loan Awarded","101","101","0","41","0","58","0","38","5","0","0","0","0","0",,"12-30-1939","40",,,,"RHDA","No","Yes","Yes",,,"No",,,,,"10,000,000",,,,,,,"-97.76474","30.25486"
"931","6033","Menchaca Townhomes","Capital A at Menchaca LLC","Capital A Housing Inc.","7331 Menchaca","78745","0420150128","5","Single Family","Ownership","Certified","10","10","0","0","0","0","0","0","0","0","0","10","0","0",,"12-30-1998","99",,,,"OHDA","No","Yes","Yes",,,"No",,,,,"525,000",,,"$1,383,480",,,,"-97.80867","30.19769"
"860","6036","AISD Loyola Lane - 6304 Zia Dr","Austin Habitat for Humanity","Austin Habitat for Humanity","6304 Zia Dr","78723","0219280408","1","Single Family","Ownership","Project Completed","1","1","0","0","0","0","0","0","0","0","0","1","0","0","08-30-2024","08-30-2123","99",,,,"OHDA","No","Yes","Yes",,,"No",,,,,,,,,,"$12,608","$12,608","-97.66519","30.30264"
"960","6067","Highland Studios","Foundation Communities Inc.","Foundation Communities Inc.","5900 & 5906 Airport Blvd.","78752","0226100304","4","Multifamily","Rental","Certified","130","130","0","130","0","26","52","52","0","0","0","0","0","0",,"12-30-1939","40",,,,"RHDA","No","Yes","Yes",,,"No",,,,"$233,669",,,,,,"$816,331","$1,050,000","-97.7159","30.32368"
"997","6106","Mary Lee Square",,"CVE Housing Corporation","1318 & 1322-1324 Lamar Square Drive","78704",,"9","Multifamily","Rental","Certified","52","52","0","0","0","11","0","18","11","0","0","12","0","0",,"12-30-3799",,,,,"RHDA","No","No","No",,,"No",,,,,"2,821,471",,,,,,,"-97.763808","30.255192"
"335","6121","3117 Father Joe Znotas St","Guadalupe Neighborhood Development Corporation","Guadalupe Neighborhood Development Corporation","3117 Father Joe Znotas Street","78702","0207140363","3","Single Family","Ownership","Project Completed","1","1","0","0","0","0","0","0","0","0","0","1","0","0","01-14-2021","01-14-2036","15",,,,"OHDA","No","No","Yes",,,"No",,,,,,,,,,,,"-97.701642","30.268483"
"335","6122","3120 Father Joe Znotas St","Guadalupe Neighborhood Development Corporation","Guadalupe Neighborhood Development Corporation","3120 Father Joe Znotas Street","78702","0207140339","3","Single Family","Ownership","Project Completed","1","1","0","0","0","0","0","0","0","0","0","1","0","0","01-28-2021","01-28-2036","15",,,,"OHDA","No","No","Yes",,,"No",,,,,,,,,,,,"-97.701387","30.268731"
"335","6123","3121 Father Joe Znotas St","Guadalupe Neighborhood Development Corporation","Guadalupe Neighborhood Development Corporation","3121 Father Joe Znotas Street","78702","0207140364","3","Single Family","Ownership","Project Completed","1","1","0","0","0","0","0","0","0","0","0","1","0","0","12-24-2020","12-24-2035","15",,,,"OHDA","No","No","Yes",,,"No",,,,,,,,,,,,"-97.701578","30.268232"
"860","6148","AISD Loyola Lane - 6309 Blakely Bend","Austin Habitat for Humanity","Austin Habitat for Humanity","6309 Blakely Bend","78723","0219280634","1","Single Family","Ownership","Project Completed","1","1","0","0","0","0","0","0","0","0","0","1","0","0","08-28-2024","08-28-2123","99",,,,"OHDA","No","No","Yes",,,"No",,,,,,,,,,"$12,608","$12,608","-97.662854","30.302255"
"860","6149","AISD Loyola Lane - 6313 Blakely Bend","Austin Habitat for Humanity","Austin Habitat for Humanity","6313 Blakely Bend","78723","0219280635","1","Single Family","Ownership","Project Completed","1","1","0","0","0","0","0","0","0","0","0","1","0","0","02-21-2024","02-21-2123","99",,,,"OHDA","No","No","Yes",,,"No",,,,,,,,,,"$12,608","$12,608","-97.662823","30.30239"
"860","6150","AISD Loyola Lane - 6317 Blakely Bend","Austin Habitat for Humanity","Austin Habitat for Humanity","6317 Blakely Bend","78723","0219280636","1","Single Family","Ownership","Project Completed","1","1","0","0","0","0","0","0","0","0","0","1","0","0","03-26-2024","03-26-2123","99",,,,"OHDA","No","No","Yes",,,"No",,,,,,,,,,"$40,000","$40,000","-97.66281531","30.30272175"
"860","6151","AISD Loyola Lane - 6401 Blakely Bend","Austin Habitat for Humanity","Austin Habitat for Humanity","6401 Blakely Bend","78723","0219280637","1","Single Family","Ownership","Project Completed","1","1","0","0","0","0","0","0","0","0","0","1","0","0","09-20-2024","09-20-2123","99",,,,"OHDA","No","No","Yes",,,"No",,,,,,,,,,"$12,608","$12,608","-97.662762","30.30266"
"860","6152","AISD Loyola Lane - 6501 Blakely Bend","Austin Habitat for Humanity","Austin Habitat for Humanity","6501 Blakely Bend","78723","0221280702","1","Single Family","Ownership","Project Completed","1","1","0","0","0","0","0","0","0","0","0","1","0","0","11-28-2023","11-28-2122","99",,,,"OHDA","No","No","Yes",,,"No",,,,,,,,,,"$12,608","$12,608","-97.662856","30.303575"
"860","6153","AISD Loyola Lane - 6505 Blakely Bend","Austin Habitat for Humanity","Austin Habitat for Humanity","6505 Blakely Bend","78723","0221280703","1","Single Family","Ownership","Project Completed","1","1","0","0","0","0","0","0","0","0","0","1","0","0","11-29-2023","11-29-2122","99",,,,"OHDA","No","No","Yes",,,"No",,,,,,,,,,"$12,608","$12,608","-97.662975","30.303726"
"860","6154","AISD Loyola Lane - 6509 Blakely Bend","Austin Habitat for Humanity","Austin Habitat for Humanity","6509 Blakely Bend","78723","0221280704","1","Single Family","Ownership","Project Completed","1","1","0","0","0","0","0","0","0","0","0","1","0","0","12-06-2023","12-06-2122","99",,,,"OHDA","No","No","Yes",,,"No",,,,,,,,,,"$12,608","$12,608","-97.663101","30.303848"
"860","6155","AISD Loyola Lane - 6513 Blakely Bend","Austin Habitat for Humanity","Austin Habitat for Humanity","6513 Blakely Bend","78723","0221280705","1","Single Family","Ownership","Project Completed","1","1","0","0","0","0","0","0","0","0","0","1","0","0","12-05-2023","12-05-2122","99",,,,"OHDA","No","No","Yes",,,"No",,,,,,,,,,"$12,608","$12,608","-97.663236","30.303962"
"860","6156","AISD Loyola Lane - 6517 Blakely Bend","Austin Habitat for Humanity","Austin Habitat for Humanity","6517 Blakely Bend","78723","0221280706","1","Single Family","Ownership","Project Completed","1","1","0","0","0","0","0","0","0","0","0","1","0","0","11-28-2023","11-28-2122","99",,,,"OHDA","No","No","Yes",,,"No",,,,,,,,,,"$12,608","$12,608","-97.663385","30.304054"
"860","6157","AISD Loyola Lane - 6521 Blakely Bend","Austin Habitat for Humanity","Austin Habitat for Humanity","6521 Blakely Bend","78723","0221280707","1","Single Family","Ownership","Project Completed","1","1","0","0","0","0","0","0","0","0","0","1","0","0","11-29-2023","11-29-2122","99",,,,"OHDA","No","No","Yes",,,"No",,,,,,,,,,"$12,608","$12,608","-97.663563","30.304132"
"860","6158","AISD Loyola Lane - 6308 Zia Dr","Austin Habitat for Humanity","Austin Habitat for Humanity","6308 Zia Dr","78723","0219280407","1","Single Family","Ownership","Project Completed","1","1","0","0","0","0","0","0","0","0","0","1","0","0","09-12-2024","09-12-2123","99",,,,"OHDA","No","No","Yes",,,"No",,,,,,,,,,"$12,608","$12,608","-97.66512","30.302774"
"860","6159","AISD Loyola Lane - 6312 Zia Dr","Austin Habitat for Humanity","Austin Habitat for Humanity","6312 Zia Dr","78723","0219280406","1","Single Family","Ownership","Project Completed","1","1","0","0","0","0","0","0","0","0","0","1","0","0","08-05-2024","08-05-2123","99",,,,"OHDA","No","No","Yes",,,"No",,,,,,,,,,"$12,608","$12,608","-97.665044","30.302894"
"860","6160","AISD Loyola Lane - 6316 Zia Dr","Austin Habitat for Humanity","Austin Habitat for Humanity","6316 Zia Dr","78723","0219280405","1","Single Family","Ownership","Project Completed","1","1","0","0","0","0","0","0","0","0","0","1","0","0","06-06-2024","06-06-2123","99",,,,"OHDA","No","No","Yes",,,"No",,,,,,,,,,"$12,608","$12,608","-97.664968","30.303015"
"860","6161","AISD Loyola Lane - 6320 Zia Dr","Austin Habitat for Humanity","Austin Habitat for Humanity","6320 Zia Dr","78723","0219280404","1","Single Family","Ownership","Project Completed","1","1","0","0","0","0","0","0","0","0","0","1","0","0","06-28-2024","06-28-2123","99",,,,"OHDA","No","No","Yes",,,"No",,,,,,,,,,"$12,608","$12,608","-97.664892","30.303135"
"860","6162","AISD Loyola Lane - 6324 Zia Dr","Austin Habitat for Humanity","Austin Habitat for Humanity","6324 Zia Dr","78723","0219280403","1","Single Family","Ownership","Project Completed","1","1","0","0","0","0","0","0","0","0","0","1","0","0","08-06-2024","08-06-2123","99",,,,"OHDA","No","No","Yes",,,"No",,,,,,,,,,"$12,608","$12,608","-97.664816","30.303256"
"860","6163","AISD Loyola Lane - 6328 Zia Dr","Austin Habitat for Humanity","Austin Habitat for Humanity","6328 Zia Dr","78723","0219280402","1","Single Family","Ownership","Project Completed","1","1","0","0","0","0","0","0","0","0","0","1","0","0","04-25-2024","04-25-2123","99",,,,"OHDA","No","No","Yes",,,"No",,,,,,,,,,"$12,608","$12,608","-97.66474","30.303377"
"860","6164","AISD Loyola Lane - 6400 Zia Dr","Austin Habitat for Humanity","Austin Habitat for Humanity","6400 Zia Dr","78723","0219280401","1","Single Family","Ownership","Project Completed","1","1","0","0","0","0","0","0","0","0","0","1","0","0","06-17-2024","06-17-2123","99",,,,"OHDA","No","No","Yes",,,"No",,,,,,,,,,"$12,608","$12,608","-97.664663","30.303497"
"860","6165","AISD Loyola Lane - 6404 Zia Dr","Austin Habitat for Humanity","Austin Habitat for Humanity","6404 Zia Dr","78723","0221280508","1","Single Family","Ownership","Project Completed","1","1","0","0","0","0","0","0","0","0","0","1","0","0","09-20-2024","09-20-2123","99",,,,"OHDA","No","No","Yes",,,"No",,,,,,,,,,"$12,608","$12,608","-97.664552","30.303652"
"860","6166","AISD Loyola Lane - 6408 Zia Dr","Austin Habitat for Humanity","Austin Habitat for Humanity","6408 Zia Dr","78723","0221280507","1","Single Family","Ownership","Project Completed","1","1","0","0","0","0","0","0","0","0","0","1","0","0","07-24-2024","07-24-2123","99",,,,"OHDA","No","No","Yes",,,"No",,,,,,,,,,"$12,608","$12,608","-97.664468","30.303779"
"860","6167","AISD Loyola Lane - 6412 Zia Dr","Austin Habitat for Humanity","Austin Habitat for Humanity","6412 Zia Dr","78723","0221280506","1","Single Family","Ownership","Project Completed","1","1","0","0","0","0","0","0","0","0","0","1","0","0","03-21-2024","03-21-2123","99",,,,"OHDA","No","No","Yes",,,"No",,,,,,,,,,"$12,608","$12,608","-97.664372","30.303895"
"968","6176","6909 Ryan Drive","AHFC","DMA","6909 Ryan Drive","78757","232150","7","Multifamily","Rental","Certified","320","288","0","0","0","0","0","64","0","0","0","96","128","0",,"12-30-1904","5",,,,"RHDA","No","No","Yes",,,"No",,,,"$951,157",,,,,,,"$951,157","-97.721746","30.338416"
"410","6178","The Grange Commons Unit 1B","Anmol Mehra","Anmol Mehra","3524 Gonzales Unit 1B","78702","0204140341","3","Multifamily","Ownership","Under Construction","1","1","0","0","0","0","0","0","0","1","0","0","0","0",,"12-30-1998","99",,,,"OHDA","No","Yes","Yes",,,"No",,,,"$120,000",,,,,,,"$120,000","-97.701498","30.257556"
"410","6179","The Grange Commons Unit 2A","Anmol Mehra","Anmol Mehra","3524 Gonzales Street Unit 2A","78702","0204140341","3","Multifamily","Ownership","Project Completed","1","1","0","0","0","0","0","0","0","1","0","0","0","0","01-30-2026","01-30-2125","99",,,,"OHDA","No","Yes","Yes",,,"No",,,,"$120,000",,,,,,,"$120,000","-97.701498","30.257556"
"1,040","6201","Leona & Concho - 1130 Leona","BNDC","BNDC","1130 Leona Street","78702","0206090630","1","Single Family","Rental","Project Completed","1","1","0","0","0","1","0","0","0","0","0","0","0","0","07-30-2020","07-30-2060","40",,,,"RHDA","No","No","No",,,"No",,,,,,,,,,,,"-97.7431","30.2672"
"858","5947","Airport Gateway",,"Richman Southwest","3335 Caseybridge Ct","78744","0314160601","2","Multifamily","Rental","Under Construction","592","288","0","0","0","0","57","87","144","0","0","0","0","0",,"12-30-1904","5",,,,,"No","No","Yes",,,"No","4% LIHTC",,,,,,,,,,,"-97.7001251","30.21277273"
"889","5983","13424 Lyndhurst St.","DMA Development Company LLC","DMA Development Company LLC","13424 Lyndhurst St.","78729","R362194","6","Multifamily","Rental","Certified","85","79","0","0","0","8","0","32","39","0","0","0","0","0",,"12-30-1904","5",,,,,"No","No","Yes",,,"No",,,,,,,,,,,,"-97.78341","30.47115"
"920","6019","Blue Ridge Apartments","ECG Acquistions LLC","ECG Acquistions LLC","9825 Wildhorse Ranch Trail","78653","0234500605","1","Multifamily","Rental","Under Construction","321","321","27","0","0","0","0","0","321","0","0","0","0","0",,"12-30-1904","5",,,,,"No","No","Yes",,,"No","4% LIHTC",,,,,,,,,,,"-97.58127","30.32917"
"928","6030","Sage at Franklin Park","Austin Leased Housing Associates LLLP.","Austin Leased Housing Associates LLLP.","4605 S Pleasant Valley","78744","0318030107","2","Multifamily","Rental","Under Construction","296","296","30","0","0","0","0","0","296","0","0","0","0","0",,"12-30-1914","15",,,,,"Yes","No","Yes",,,"No","4% LIHTC",,,,,,,,,,,"-97.74209","30.20251"
"942","6046","Pathways at Santa Rita Courts East","Housing Authority of the City of Austin","Housing Authority of the City of Austin","2330 E 2nd Street","78702","0202100327","3","Multifamily","Rental","Certified","104","84","0","0","0","21","0","31","33","0","0","0","0","0",,"12-30-1998","99",,,,,"No","No","Yes",,,"No","9% LIHTC",,,,,,,,,,,"-97.717477","30.25587"
"954","6059","St. Martin's Senior Housing","Austin St. Martin DMA Housing LLC","DMA Development","700 W. 15th St.","78701","0211011001","9","Multifamily","Rental","Certified","104","104","14","0","0","11","0","42","51","0","0","0","0","0",,"12-30-3799",,,,,,"No","No","Yes",,,"No","9% LIHTC",,,,,,,,,,,"-97.74644","30.27907"
"957","6063","Rundberg Flats","ECG Acquisitions LLC",,"204 E Rundberg Ln","78753","814678","4","Multifamily","Rental","Certified","199","199","0","0","0","0","0","40","120","0","39","0","0","0",,"12-30-3799",,,,,,"No","Yes","Yes",,,"No",,,,,,,,,,,,"-97.6925","30.36059"
"984","6092","Belmont Apartments","Belmont Apartments Ltd.","The NRP Group and HACA","4401 E. Slaughter Ln.","78747","0339010304","ETJ","Multifamily","Rental","Certified","348","348","0","0","0","35","0","0","215","0","98","0","0","0",,"12-30-3799",,,,,,"No","No","No",,,"No","4% LIHTC",,,,,,,,,,,"-97.85829","30.19215"
"985","6093","Roers Payton Gin Multifamily","1800 Payton Gin LLC","Roers Austin Apartments Owner IV LP","1706 Payton Gin Road","78758","0243100101","4","Multifamily","Rental","Certified","176","176","0","0","0","0","0","36","140","0","0","0","0","0",,"12-30-1939","40",,,,,"No","Yes","Yes",,,"No",,,,,,,,,,,,"-97.71594","30.36521"
"992","6101","Santiago Estates","Strategic HFC of Travis County","Pedcor Development Associates LLC","11901 Dionda Lane","78617","0318400201","2","Multifamily","Rental","Under Construction","300","300","36","0","0","15","0","0","240","0","45","0","0","0",,"12-30-1904","5",,,,,"No","No","Yes",,,"No","4% LIHTC",,,,,,,,,,,"-97.633005","30.204701"
"1,000","6110","Crystal Bend Apartments","AMTEX Multi-Housing LLC","AMTEX Multi-Housing LLC","2401 Crystal Bend Dr","78660","0259310705","ETJ","Multifamily","Rental","Certified","390","390","0","0","0","20","0","20","350","0","0","0","0","0",,"12-30-3799",,,,,,"No","No","No",,,"No",,,,,,,,,,,,"-97.617264","30.40078"
"1,019","6169","Woodway Square","Austin Leased Housing Associates VI LP","Dominium","1700 Teri Rd.","78744","0416030202","2","Multifamily","Rental","Project Completed","240","240","0","0","0","36","0","0","204","0","0","0","0","0","03-01-2023","03-01-2038","15",,,,,"Yes","No","No",,,"No","4% LIHTC",,,,,,,,,,,"-97.755448","30.205229"
"1,032","6192","Cameron Road Apartments","YC QOZB VENTURES LLC","NRP Group","4915 E Yager Lane","78653","0242310228 0242310211",,"Multifamily","Rental","Certified","336","336","0","0","0","17","0","0","271","0","48","0","0","0",,"12-30-3799",,,,,,"No","No","No",,,"No","4% LIHTC",,,,,,,,,,,"-97.628382","30.366588"
"847","5935","200 Academy","Spearhead Academy Ltd","Spearhead Academy Ltd","200 Academy Drive","78704","0201010308","9","Multifamily","Rental","Certified","200","20","0","0","0","0","0","0","0","0","0","20","0","0",,"12-30-1904","5",,,,,"No","No","Yes",,,"No",,,,,,,,,,,,"-97.74713","30.25257"
"855","5944","1703 Nelms Drive","Blue Ridge Atlantic Development LLC","Blue Ridge Atlantic Development LLC","1609 and 1701 Nelms Drive","78744","0422060307","2","Multifamily","Rental","Certified","165","165","0","0","0","0","60","52","18","0","0","35","0","0",,"12-30-1939","40",,,,,"No","Yes","Yes",,,"No",,,,,,,,,,,,"-97.76607","30.19224"
"857","5946","San Pedro & Pearl","Crossroads Mutual Housing Corporation","Foundation Communities Inc.","2816 San Pedro St. & 2800 Pearl St.","78705","0216010615","9","Multifamily","Rental","Under Construction","8","4","0","0","0","0","0","2","2","0","0","0","0","0",,"12-30-1939","40",,,,,"No","Yes","No",,,"No",,,,,,,,,,,,"-97.74595","30.29478"
"878","5968","Bungalows at Century Park","City of Austin","Integral Care","13311 Burnet Road","78727","0268160750","7","Multifamily","Rental","Project Completed","60","60","0","60","0","0","0","60","0","0","0","0","0","0","01-21-2025","01-21-2065","40",,,,,"No","Yes","No",,,"No",,,,,,,,,,,,"-97.69868","30.43358"
"880","5971","Pecan Gardens","City of Austin","Family Eldercare","10811 Pecan Park Blvd","78750","R544517","6","Multifamily","Rental","Under Construction","78","78","0","78","0","0","0","78","0","0","0","0","0","0",,"12-30-1939","40",,,,,"No","Yes","No",,,"No",,,,,,,,,,,,"-97.80387","30.463539"
"881","5972","Mission South","SVAG Amazon LLC","Ashton Gray","711 Eberhart Lane","78745","0418120318","2","Multifamily","Rental","Certified","180","72","0","0","0","0","0","0","0","0","0","72","0","0",,"12-30-1904","5",,,,,"No","No","Yes",,,"No",,,,,,,,,,,,"-97.78616","30.20056"
"264","5973","Botanica Goodnight Ranch","Bradsher Family Trust and MVE Ventures LTD","Momark Development LLC","9308 Capitol View Drive","78747","945456","2","Multifamily","Ownership","Certified","148","0","0","0","0","0","0","0","0","0","0","0","0","0",,"12-30-1998","99",,,,,"No","No","Yes",,,"No",,,,,,,,,,,,"-97.74797","30.14555"
"264","5980","East Section 1 - Paseo Court & 30s","Bradsher Family Trust and MVE Ventures LTD","Momark Development LLC","6300 Cowman Way 78747",,,"2","Single Family","Ownership","Under Construction","96","0","0","0","0","0","0","0","0","0","0","0","0","0",,"12-30-3799",,,,,,"No","No","Yes",,,"No",,,,,,,,,,,,"-97.75455","30.14751"
"887","5981","12th and Springdale Phase 1","1200 Springdale Partners LP","Heartwood","4130 East 12th","78721","0210180528 0210180524  0210180525","1","Multifamily","Rental","Certified","348","174","0","0","0","0","0","70","70","0","0","34","0","0",,"12-30-1939","40",,,,,"No","Yes","Yes",,,"No",,,,,,,,,,,,"-97.68712","30.27942"
"895","5989","Chico Residential","Tivoli Homes LLC","Tivoli Homes LLC","5203-5205 Chico St.","78721","0207200816 0207200817","3","Single Family","Rental","Certified","1","1","0","0","0","0","1","0","0","0","0","0","0","0",,"12-30-1904","5",,,,,"No","No","Yes",,,"No",,,,,,,,,,,,"-97.68468","30.26915"
"898","5992","1702 E. 21st St.","Blackland Community Development Corpation","Blackland Community Development Corpation","1702 E 21st St","78722","0211090612","1","Single Family","Rental","Certified","1","1","0","0","0","0","0","0","0","0","0","1","0","0",,"12-30-1904","5",,,,,"No","No","Yes",,,"No",,,,,,,,,,,,"-97.72332","30.28172"
"900","5994","7800 Burleson","7800 Burleson QOZB LLC","Bercy Chen","7800-7810 Burleson Road","78744","0322180120 0322180101","2","Multifamily","Rental","Certified","316","158","0","0","0","0","0","0","158","0","0","0","0","0",,"12-30-1904","5",,,,,"No","No","Yes",,,"No",,,,,,,,,,,,"-97.69326","30.18909"
"901","5995","2930 W Anderson Ln","LLC","5205 Acquisitions LLC","2930 W Anderson Ln","78757","0240030702","7","Multifamily","Rental","Certified","300","30","0","0","0","0","0","0","0","0","30","0","0","0","05-10-2023","05-10-2028","5",,,,,"No","No","Yes",,,"No",,,,,,,,,,,,"-97.73832","30.36044"
"903","6000","8301 Riverstone","8301 Riverstone LP","Austin Revitalization Authority","8301 Riverstone Dr.","78724","499840","1","Single Family","Ownership","Certified","4","4","0","0","0","0","0","0","0","0","0","4","0","0",,"12-30-1900","1",,,,,"No","No","Yes",,,"No",,,,,,,,,,,,"-97.63035","30.29311"
"907","6004","6721 Manor Rd","AMTEX Multi-Housing LLC","AMTEX Multi-Housing LLC","6705 - 6721 Manor Rd","78723","0221251204","1","Multifamily","Rental","Certified","181","179","0","0","0","18","0","72","89","0","0","0","0","0",,"12-30-1939","40",,,,,"No","Yes","Yes",,,"No",,,,,,,,,,,,"-97.66644","30.31059"
"909","6006","8609 FM 969","3423 Investments LLC; MF Austin Ridge LLC; and PB Austin Ridge LLC","Monte James","8609 FM 969","78724","0210310311","1","Multifamily","Rental","Certified","250","25","0","0","0","0","0","0","0","0","0","25","0","0",,"12-30-1904","5",,,,,"No","No","Yes",,,"No",,,,,,,,,,,,"-97.63787","30.27518"
"910","6008","Central Park Apartments","Central Housing L.P. AHFC Villa del Rey Non-Profit Corporation Hyde Park Housing L.P.","N/A","6008 - 6010 North Lamar Blvd","78752","0229080104","7","Multifamily","Rental","Project Completed","108","98","0","0","0","0","0","22","31","0","0","23","12","10","05-31-2023","05-31-3022","999",,,,,"No","No","No",,,"No",,,,,,,,,,,,"-97.72567","30.32929"
"910","6009","Villa del Rey","Central Housing L.P. AHFC Villa del Rey Non-Profit Corporation Hyde Park Housing L.P.","N/A","4000 Avenue A","78751","0219050418","9","Multifamily","Rental","Project Completed","32","32","0","0","0","0","0","32","0","0","0","0","0","0","05-12-2023","05-12-3022","999",,,,,"No","No","No",,,"No",,,,,,,,,,,,"-97.73568","30.30516"
"910","6010","The Preserve Hyde Park - Siesta Place","Central Housing L.P. AHFC Villa del Rey Non-Profit Corporation Hyde Park Housing L.P.","N/A","609 E 45th St","78751","0220080835","9","Multifamily","Rental","Project Completed","12","10","0","0","0","0","0","2","2","0","0","2","2","2","05-23-2023","05-23-3022","999",,,,,"No","No","No",,,"No",,,,,,,,,,,,"-97.72311515","30.30611366"
"914","6013","1420 E Howard Lane","JCI Residential LLC","JCI Residential LLC","1420 E Howard Lane","78753","0258331701","7","Multifamily","Rental","Certified","288","288","0","0","0","0","0","116","116","0","56","0","0","0",,"12-30-1904","5",,,,,"No","No","Yes",,,"No",,,,,,,,,,,,"-97.64289","30.40703"
"932","6034","501 E. Koenig Lane","BUP 501 AUSTIN OWNER LLC","BUP 501 Austin Investment LLC","501 E Koenig Lane","78751","0226100902","4","Multifamily","Rental","Certified","733","88","0","0","0","0","0","0","88","0","0","0","0","0",,"12-30-1900","1",,,,,"No","No","Yes",,,"No",,,,,,,,,,,,"-97.71496","30.31963"
"933","6035","1702 Deloney Street","1702 Deloney LLC",,"1702 Deloney Street","78721","22418","1","Multifamily","Ownership","Certified","45","5","0","0","0","0","0","0","0","0","0","5","0","0",,"12-30-1900","1",,,,,"No","No","Yes",,,"No",,,,,,,,,,,,"-97.69399","30.28246"
"939","6043","905 E 51st Street","Guadalupe Neighborhood Development Corporation)","Guadalupe Neighborhood Development Corporation)","905 E 51 Street","78751","0222111920","9",,"Rental","Certified","8","8","0","0","0","0","0","8","0","0","0","0","0","0",,"12-30-1904","5",,,,,"No","No","Yes",,,"No",,,,,,,,,,,,"-97.71469","30.31142"
"945","6049","6304 Manor Road and 3209 and 3211 Jack Cook","Anmol Mehra","Anmol Mehra","6304 Manor Road","78723","219204","4","Multifamily","Ownership","Certified","40","4","0","0","0","0","0","0","0","0","0","4","0","0",,"12-30-1900","1",,,,,"No","No","Yes",,,"No",,,,,,,,,,,,"-97.67202","30.30857"
"955","6060","4900 Gonzales","Austin Independent School District","Husch Blackwell","4900 Gonzales St","78702","0202160103","3","Multifamily","Rental","Certified","700","350","0","0","0","0","0","0","70","0","0","280","0","0",,"12-30-1904","5",,,,,"No","No","Yes",,,"No",,,,,,,,,,,,"-97.69785","30.25604"
"959","6065","Loyola Flats","ECG Acquisitions LLC","ECG Acquisitions LLC","6700 Decker Ln.","78724","0217380521","1","Multifamily","Rental","Certified","208","208","0","0","0","0","0","43","122","0","43","0","0","0",,"12-30-1939","40",,,,,"No","Yes","Yes",,,"No",,,,,,,,,,,,"-97.62821","30.29197"
"850","6066","The Lancaster Ownership",,"Capital A Housing","5107-5109 Lancater Ct.","78723","0221130303","4","Multifamily","Ownership","Certified","30","30","0","0","0","0","0","0","0","0","0","30","0","0",,"12-30-1998","99",,,,,"No","Yes","Yes",,,"No",,,,,,,,,,,,"-97.7059","30.30806"
"966","6073","Lake Creek at Avery Ranch Apartments","Avery Land Investors LP","Avery Land Investors LP","9205 North Lake Creek Pkwy","78717","R646679","6","Multifamily","Rental","Certified","328","164","0","0","0","0","0","0","0","33","0","131","0","0",,"12-30-1904","5",,,,,"No","Yes","Yes",,,"No",,,,,,,,,,,,"-97.79628","30.48222"
"967","6074","Peacefull Hill","Peaceful Hill Apartments LLC","Graham Development LLC","7809 Peaceful Hill","78748","0426090203","2","Multifamily","Rental","Certified","340","174","0","0","0","0","0","0","34","0","0","140","0","0",,"12-30-1904","5",,,,,"No","No","Yes",,,"No",,,,,,,,,,,,"-97.78742","30.18065"
"971","6075","Caseybridge",,"3111 Caseybridge LLC","3111 Caseybridge Ct.","78741","0314160203","2","Multifamily","Rental","Certified","51","20","0","0","0","0","0","0","0","0","0","20","0","0",,"12-30-3799",,,,,,"No","No","Yes",,,"No",,,,,,,,,,,,"-97.69911","30.21466"
"972","6076","3112 Caseybridge Court","3111 Caseybridge LLC","3111 Caseybridge LLC","3112 Caseybridge Ct.","78741","0314160102","2","Multifamily","Rental","Certified","56","22","0","0","0","0","0","0","0","0","0","22","0","0",,"12-30-1900","1",,,,,"No","No","Yes",,,"No",,,,,,,,,,,,"-97.69972","30.21456"
"347","6077","RMMA Section 11- 3311-3315 McCurdy & 3604-3606 Tom Miller","Catellus Austin LLC","Catellus Austin LLC","3311-3315 McCurdy St. and 3604-3606 Tom Miller St.","78723","0215180710","9","Single Family","Ownership","Under Construction","5","0","0","0","0","0","0","0","0","0","0","0","0","0",,"12-30-3799",,,,,,"No","No","Yes",,,"No",,,,,,,,,,,,"-97.6944","30.29147"
"973","6078","13023 Hema Dr","Avery Land Investors LP","JCI Apartments LP","13023 Hema Dr","78717","R613362","6","Multifamily","Rental","Under Construction","336","172","0","0","0","0","0","0","34","0","0","138","0","0",,"12-30-1904","5",,,,,"No","No","Yes",,,"No",,,,,,,,,,,,"-97.79928203","30.48452406"
"910","6079","The Preserve Hyde Park - Fiesta Place (Phase I and II)","Central Housing L.P. AHFC Villa del Rey Non-Profit Corporation Hyde Park Housing L.P.","N/A","4200 Avenue A","78751","0221050216","9","Multifamily","Rental","Project Completed","46","41","0","0","0","0","0","9","14","0","0","8","5","5","05-23-2023","05-23-3022","999",,,,,"No","No","No",,,"No",,,,,,,,,,,,"-97.73409632","30.30759742"
"910","6080","The Preserve Hyde Park - Avenue A (fka Midway)","Central Housing L.P. AHFC Villa del Rey Non-Profit Corporation Hyde Park Housing L.P.","N/A","4100 Avenue A","78751","0221050119","9","Multifamily","Rental","Project Completed","14","13","0","0","0","0","0","3","4","0","0","3","1","2","05-23-2023","05-23-3022","999",,,,,"No","No","No",,,"No",,,,,,,,,,,,"-97.73514028","30.30635806"
"910","6081","The Preserve Hyde Park - Del Mar","Central Housing L.P. AHFC Villa del Rey Non-Profit Corporation Hyde Park Housing L.P.","N/A","4415 Avenue B","78751","0221051206","9","Multifamily","Rental","Project Completed","10","9","0","0","0","0","0","2","3","0","0","2","1","1","05-23-2023","05-23-3022","999",,,,,"No","No","No",,,"No",,,,,,,,,,,,"-97.73103839","30.30980678"
"910","6082","The Preserve Hyde Park - The Adler (fka Tom Thumb)","Central Housing L.P. AHFC Villa del Rey Non-Profit Corporation Hyde Park Housing L.P.","N/A","4209 Speedway","78751",,"9","Multifamily","Rental","Project Completed","12","11","0","0","0","0","0","2","4","0","0","2","2","1","05-23-2023","05-23-3022","999",,,,,"No","No","No",,,"No",,,,,,,,,,,,"-97.7297033","30.3060707"
"977","6085","806 Vargas CLT Ownership","Guadalupe Neighborhood Development Corporation","Guadalupe Neighborhood Development Corporation","806 Vargas Rd.","78741","0306180112","3","Single Family","Ownership","Under Construction","2","2","0","0","0","0","0","0","1","0","0","1","0","0",,"12-30-1900","1",,,,,"No","No","Yes",,,"No",,,,,,,,,,,,"-97.69381","30.234221"
"347","6088","AMLI Park Central (aka AMLI V)","Catellus Austin LLC","Catellus Austin LLC","2014 Aldrich St","78723","0219130302","9","Multifamily","Rental","Under Construction","648","98","0","0","0","0","0","0","98","0","0","0","0","0",,"12-30-1949","50",,,,,"No","No","Yes",,,"No",,,,,,,,,,,,"-97.70448379","30.30026473"
"347","6089","AMLI North Park (aka AMLI IV)","Catellus Austin LLC","Catellus Austin LLC","2300 Aldrich St","78723","0219161901","9","Multifamily","Rental","Under Construction","326","49","35","0","0","0","0","0","49","0","0","0","0","0",,"12-30-1949","50",,,,,"No","No","Yes",,,"No",,,,,,,,,,,,"-97.70282627","30.30278776"
"982","6090","Berkman Apartments","Manifold Paso LLC","Manifold Development","6800 Berkman Dr.","78723","0225200510","4","Multifamily","Rental","Certified","322","161","0","0","0","0","0","65","64","0","0","32","0","0",,"12-30-1939","40",,,,,"No","Yes","Yes",,,"No",,,,,,,,,,,,"-97.68948","30.32026"
"986","6094","8221 N. IH-35","ATX8221 LLC","ATX8221 LLC","8221 N. IH-35 Service Road NB","78753","0235180821","4","Multifamily","Rental","Project Completed","120","64","0","0","0","0","0","24","40","0","0","0","0","0","02-19-2025","02-19-2065","40",,,,,"No","Yes","No",,,"No",,,,,,,,,,,,"-97.69571","30.34519"
"999","6108","Eden Gardens",,,"3129 E. 12th Street","78702",,"1","Multifamily","Rental","Certified","80","80","0","0","0","8","0","38","34","0","0","0","0","0",,"12-30-3799",,,,,,"No","No","Yes",,,"No",,,,,,,,,,,,"-97.70118","30.27651"
"733","6114","2011 E. M. Franklin","Anmol Mehra","Anmol Mehra","2011 E.M. Franklin Ave.","78723","0213170105","1","Single Family","Ownership","Certified","68","0","0","0","0","0","0","0","0","0","0","0","0","0",,"12-30-3799","0",,,,,"No","No","Yes",,,"No",,,,,,,,,,,,"-97.69631","30.28577"
"347","6115","Tom Miller Street Development","Catellus Austin LLC","Catellus Austin LLC","3500 3502 3504 3506 3510 3600 Tom Miller Street","78723","0215180919 0215180918 0215180917 0215180916 0215180914 0215180913","9","Single Family","Ownership","Under Construction","12","5","0","0","0","0","0","0","0","0","0","5","0","0",,"12-30-1900","1",,,,,"No","No","Yes",,,"No",,,,,,,,,,,,"-97.69244","30.29121"
"1,003","6118","Sixth & Walsh",,"Manifold Development LLC","1137 W 6th St","78703","106488","9",,"Rental","Certified","168","17","0","0","0","0","0","0","0","0","0","17","0","0",,"12-30-1904","5",,,,,"No","No","Yes",,,"No",,,,,,,,,,,,"-97.756897","30.27247"
"1,010","6134","Cielo at North Domain","Cielo at North Domain L.P.","Texas Housing Conservancy","9008 Galewood Drive","78758","0243100111","4","Multifamily","Rental","Project Completed","64","64","0","0","0","0","0","13","51","0","0","0","0","0","09-26-2024","09-26-2079","55",,,,,"No","No","No",,,"No",,,,,,,,,,,,"-97.71564663","30.36742953"
"1,011","6136","E. 55th Development","WP RE Ventures 1 LLC","Danielle Walker","605 E. 55th Street","78751","0225101414","4","Single Family","Rental","Certified","6","0","0","0","0","0","0","0","0","0","0","3","0","0",,"12-30-1998","99",,,,,"No","Yes","No",,,"No",,,,,,,,,,,,"-97.715848","30.317556"
"1,013","6138","Highland Commons","Austin Community College District","Austin Highland DMA Housing LLC","618 E Highland Mall Blvd","78752","0228130114","4","Multifamily","Rental","Certified","84","73","0","0","0","8","0","36","14","0","15","0","0","0",,"12-30-1939","40",,,,,"No","No","Yes",,,"No",,,,,,,,,,,,"-97.709419","30.32683"
"337","6140","The Weaver","Southwest Strategies Group Momark Development and Austin Geriatric Center","Unknown","1401 Art Dilly Drive","78702","0200050501","3","Multifamily","Rental","Project Completed","244","0","0","0","0","0","0","0","0","0","0","0","0","0",,"12-30-3799","0",,,,,"No","No","Yes",,,"No",,,,,,,,,,,,"-97.732495","30.252343"
"337","6141","Holly House","Southwest Strategies Group Momark Development and Austin Geriatric Center","Unknown","49 Navasota St.","78702","0200050501","3","Multifamily","Rental","Project Completed","29","0","0","0","0","0","0","0","0","0","0","0","0","0",,"12-30-3799",,,,,,"No","No","Yes",,,"No",,,,,,,,,,,,"-97.732592","30.254443"
"337","6142","The Hatchery","Southwest Strategies Group Momark Development and Austin Geriatric Center","Unknown","1310 LBJ Way","78702","0200050501","3","Multifamily","Rental","Under Construction","228","0","0","0","0","0","0","0","0","0","0","0","0","0",,"12-30-3799","0",,,,,"No","No","Yes",,,"No",,,,,,,,,,,,"-97.733213","30.25395"
"1,018","6146","Bolm Riverfront District East Phase 1","Bolm Owner LLC","Bolm Owner LLC","1001 Ed Bluestein Boulevard","78725","0202210234 0202210235","3","Multifamily","Rental","Certified","390","39","0","0","0","0","0","0","0","0","0","39","0","0",,"12-30-1904","5",,,,,"No","No","Yes",,,"No",,,,,,,,,,,,"-97.678611","30.253297"
"1,020","6170","Village Christian Apartments Expansion","Brentwood Oaks Christian Services Inc.","Bowman","7925 Rockwood Lane","7857","0240050213","7","Multifamily","Rental","Certified","121","121","0","0","0","0","0","25","36","0","0","60","0","0",,"12-30-1939","40",,,,,"No","Yes","Yes",,,"No",,,,,,,,,,,,"-97.736041","30.360775"
"1,021","6171","5800 Springdale","5800 Springdale LP","Notional Development","5800 Springdale Road","78723","0219230403","1","Multifamily","Rental","Certified","248","124","0","0","0","0","0","0","49","0","0","124","0","0",,"12-30-1904","5",,,,,"No","No","Yes",,,"No",,,,,,,,,,,,"-97.67283","30.30311"
"1,025","6177","Bluff Springs Apartments","RPMD 7333 Bluff Springs Road LLC","RPM Living Development II LLC","7333 Bluff Springs Rd","78744","555563 555994","2","Multifamily","Rental","Certified","287","144","0","0","0","0","0","0","144","0","0","0","0","0",,"12-30-1904","5",,,,,"No","No","Yes",,,"No",,,,,,,,,,,,"-97.7697","30.179898"
"1,027","6182","Decker Lane Apartments","Cynthia Padilla-Gonzales and Jose Gonzales","Roers Austin Apartments Owner IV Limited Partnership","7302 and 7400 Decker Lane","78724","0218410203 0218410217","1","Multifamily","Rental","Certified","202","202","0","0","0","0","0","41","161","0","0","0","0","0",,"12-30-1939","40",,,,,"No","Yes","Yes",,,"No",,,,,,,,,,,,"-97.623664","30.2982"
"892","6188","Tillery Phase 2","The Works III at Tillery LLC","Lifeworks / Capital A Housing","819 & 821 Tillery Street","78702","0204140101","3","Multifamily","Rental","Certified","365","183","0","0","0","0","0","0","37","0","0","146","0","0",,"12-30-1904","5",,,,,"No","No","Yes",,,"No",,,,,,,,,,,,"-97.704377","30.260617"
"892","6189","Tillery Phase 3","The Works III at Tillery LLC","Lifeworks / Capital A Housing","32023 Lyons Road","78702","0204140101","3","Multifamily","Rental","Certified","152","76","0","0","0","0","0","0","16","0","0","60","0","0",,"12-30-1904","5",,,,,"No","No","Yes",,,"No",,,,,,,,,,,,"-97.704377","30.260617"
"264","6190","Goodnight Ranch - Habitat SF - East Section 1","Bradsher Family Trust and MVE Ventures LTD","Momark Development LLC","Multiple Addresses","78747",,"2","Single Family","Ownership","Certified","47","47","0","0","0","0","0","0","0","0","0","47","0","0",,"12-30-1998","99",,,,,"No","No","Yes",,,"No",,,,,,,,,,,,"-97.754874","30.14757"
"1,040","6202","Leona & Concho - 1132 Leona","BNDC","BNDC","1132 Leona Street","78702","0206090629","1","Single Family","Rental","Project Completed","1","1","0","0","0","0","0","1","0","0","0","0","0","0","07-30-2020","07-30-2060","40",,,,,"No","No","No",,,"No",,,,,,,,,,,,"-97.72145588","30.26902599"
"1,040","6203","Leona & Concho - 1107 Concho","BNDC","BNDC","1107 Concho Street","78702","0206090524","1","Single Family","Rental","Project Completed","1","1","0","0","0","0","0","1","0","0","0","0","0","0","07-30-2020","07-30-2060","40",,,,,"No","No","No",,,"No",,,,,,,,,,,,"-97.72272841","30.26920985"
"1,041","6204","Twelve100","AHFC 12100 Metric Non-Profit Corporation","TxHC Civicap","12100 Metric Blvd","78758","0258160506","7","Multifamily","Rental","Project Completed","384","347","0","0","0","0","0","77","77","0","0","77","58","58","11-26-2024","11-26-2123","99",,,,,"No","No","No",,,"No",,,,,,,,,,,,"-97.70121978","30.40308004"
"1,043","6205","Rio Heights","Resolute 2813 Rio LLC","Resolute 2813 Rio LLC","2813 Rio Grande Street","78705","0215020606","9","Multifamily","Rental","Certified","14","14","0","0","0","0","0","0","14","0","0","0","0","0",,"12-30-1939","40","Paid","$4,183","09-29-2025",,"No","No","No",,"UNO - Post 2014","Yes",,,,,,,,,,,,"-97.743638","30.294524"
"1,045","6212","Donley Mixed-Use","2101-2105 Donley Drive Property LLC and BW 2115 Kramer LLC","Turnbridge Equities","2101 Donley Drive","78758","0250110213 0250110215 0250110216","4","Multifamily","Rental","Certified","249","0","0","0","0","0","0","0","0","0","0","0","0","0",,"12-30-3799",,"Due","$683,600",,,"No","No","No",,"North Burnet Gateway","Yes",,,,,,,,,,,,"-97.71265","30.3872"
"1,056","6225","600 N Lamar","600 North Lamar Ltd. / 603 & 605 Baylor Ltd.","600 North Lamar Ltd. / 603 & 605 Baylor Ltd.","600 N Lamar Blvd.","78703","0108010901","9","Multifamily","Ownership","Certified","85","0","0","0","0","0","0","0","0","0","0","0","0","0",,"12-30-3799",,"Due","$2,523,750",,,"No","No","No",,"ETOD","Yes",,,,,,,,,,,,"-97.754028","30.271807"
"1,059","6229","The Graduate","Austin Multifamily Property Owner LLC","Austin Multifamily Property Owner LLC","408 W 18th Street","78701","0211000101","9","Multifamily","Rental","Certified","206","0","0","0","0","0","0","0","0","0","0","0","0","0",,"12-30-3799",,,"$885,833",,,"No","No","No",,"Downtown Density Bonus","Yes",,,,,,,,,,,,"-97.742486","30.280911"
"1,061","6231","W 22nd Street Tower","SHIFA Investment LLC Brenda ellocchio UT Land Company LTD","904 W 22 Developer LLC","904-908 W 22nd Street","78705","0212010608; 0212010609; 0212010610","9","Multifamily","Rental","Certified","289","58","0","0","0","0","0","29","29","0","0","0","0","0",,"12-30-1939","40","Pending","$290,000",,,"No","No","Yes",,"UNO - Post 2014","Yes",,,,,,,,,,,,"-97.74706","30.2855"
"1,063","6234","W MLK Jr Blvd & Nueces St Towers","The 1806 Group LP; Jack Brown Family II Limited Partnership; Triple Play Properties LTD; Scott Sayers","Rundog Real Estate","601 W Martin Luther King Jr. Boulevard Austin Texas 78701","78701","0210020609; 0210020608; 0210020606; 0210020605; 0210020604; 0210020603; 0210020602; 0210020601","9","Multifamily","Rental","Certified","379","0","0","0","0","0","0","0","0","0","0","0","0","0",,"12-30-3799",,"Due","$2,616,793",,,"No","No","No",,"Downtown Density Bonus","Yes",,,,,,,,,,,,"-97.744","30.2821"
"1,048","6214","1103 W 24th Street","OGH West Campus Partners LP","OGH Development LLC","1103 W 24th Street","78705","0113000422","9","Multifamily","Rental","Certified","77","8","0","0","0","0","0","8","0","0","0","0","0","0",,"12-30-1939","40",,,,,"No","No","No",,"DB-90","No",,,,,,,,,,,,"-97.74975","30.28795"
"1,049","6215","501 Mixed Use","Johnson Special Land Ltd. and River City Partners Ltd.; BUP 501 Austin Owner LLC","United Properties Development LLC","700 E 56th Street","78751","0226100901 0226100902","4","Multifamily","Rental","Certified","743","90","0","0","0","0","0","0","90","0","0","0","0","0",,"12-30-1939","40",,,,,"No","No","No",,"DB-90","No",,,,,,,,,,,,"-97.71426","30.31924"
"1,055","6224","SoLa Mixed Use","Seamless LMA Ltd","Seamless","2800 S Lamar Boulevard","78704","0401090159; 0401090182; 0401090183","5","Multifamily","Rental","Certified","28","4","0","0","0","0","0","0","4","0","0","0","0","0",,"12-30-3799",,,,,,"No","No","No",,"DB-90","No",,,,,,,,,,,,"-97.781876","30.244539"
"1,058","6227","South First Multifamily","1207-1209 S. 1st Partners LLC","1207-1209 S. 1st Partners LLC","1207 S. 1st Street","78704","0101000111; 0101000112","9","Multifamily","Rental","Certified","49","6","0","0","0","0","6","0","0","0","0","0","0","0",,"12-30-1939","40",,,,,"No","No","No",,"ETOD","No",,,,,,,,,,,,"-97.753896","30.251804"
"794","6206","Midtown Flats","AHFC","Stonelake Capital Partners","615 W St Johns Ave","78752","0233100434","4","Multifamily","Rental","Project Completed","40","39","0","0","0","15","0","15","0","0","0","9","0","0","09-01-2022","09-01-2121","99",,,,,"No","No","No","Partnership;Ground Lease",,"No",,,,,,,,,,,,"-97.71639985","30.33801144"
"321","6208","Creekside at Estancia","SLF III Onion Creek LP","Estancia Villas LLC","830 Estancia Parkway","78748","0447130103; 0445150301; 0447130102","5","Single Family","Ownership","Under Construction","264","38","0","0","0","0","0","0","0","0","0","38","0","0",,"12-30-1939","40",,,,,"No","No","No",,,"No",,,,,,,,,,,,"-97.806033","30.127249"
"307","6210","Easton Park - 8920 Hillock Terrace MF","Carma Easton LLC","Carma Easton LLC","8920 Hillock Terrace","78744","0336130301","2","Multifamily","Rental","Certified","234","24","0","0","0","0","0","0","24","0","0","0","0","0",,"12-30-1939","40",,,,,"No","No","No","Municipal Utility District;PUD Development Agreement",,"No",,,,,,,,,,,,"-97.708133","30.152643"
"307","6211","Easton Park - 8921 Hillock Terrace MF","Carma Easton LLC","Carma Easton LLC","8921 Hillock Terrace","78744","0336150101","2","Multifamily","Rental","Certified","72","8","0","0","0","0","0","0","8","0","0","0","0","0",,"12-30-1939","40",,,,,"No","No","No","Municipal Utility District;PUD Development Agreement",,"No",,,,,,,,,,,,"-97.70768","30.15334"
"321","6232","Estancia PUD - 1820 Estancia Pkwy (Calmont at Estancia0","SLF III Onion Creek LP","Estancia Villas LLC","1820 Estancia Parkway","78652","0451150802",,"Multifamily","Rental","Certified","327","33","0","0","0","0","0","0","33","0","0","0","0","0",,"12-30-1939","40",,,,,"No","No","No","PUD Development Agreement",,"No",,,,,,,,,,,,"-97.808617","30.120061"
"377","6235","The Grove PUD - Block 1","ARG Bull Creek Ltd.","ARG Bull Creek Ltd.","4512 Denali Summit Drive","78731","0124000512","10","Multifamily","Rental","Certified","240","12","0","0","0","0","0","0","8","0","0","4","0","0",,"12-30-1939","40",,,,,"No","No","Yes","PUD Development Agreement",,"No",,,,,,,,,,,,"-97.75359","30.31916"
"1,047","6213","St. George's Court",,"NCR","1443 Coronado Hills Dr","78752","0229190803","4","Multifamily","Rental","Loan Awarded","60","60","0","0","0","7","0","24","29","0","0","0","0","0",,"12-30-1939","40",,,,"RHDA","No","No","No",,,"No","9% LIHTC",,,,"1,700,000",,,,,,,"-97.68947183","30.3279091"
"417","6228","GNDC Alley Flat","Guadalupe Neighborhood Development Corporation","Guadalupe Neighborhood Development Corporation","705 Lydia Street B","78702","0205070701","3","ADU","Rental","Project Completed","1","0","0","0","0","0","0","1","0","0","0","0","0","0","10-19-2018","10-19-2117","99",,,,,"No","No","Yes",,,"No",,,,,,,,,,,,"-97.7285","30.265453"
"1,053","6220","Rowen Vale","Rowen Vale LLC","Saigebrook","206 E Annie St","78704","0302000812","9","Multifamily","Rental","Certified","64","64","0","0","0","7","0","29","23","0","0","5","0","0",,"12-30-3799",,,,,,"No","Yes","Yes",,,"No","9% LIHTC",,,,,,,,,,,"-97.749255","30.245863"
"1,054","6221","The Lenora","The Lenora LLC","Saigebrook","4507 Menchaca Rd","78745","0408120103","5","Multifamily","Rental","Certified","39","39","0","0","0","4","0","18","14","0","0","3","0","0",,"12-30-3799",,,,,,"No","No","Yes",,,"No","9% LIHTC",,,,,,,,,,,"-97.78955","30.22749"
"321","6207","Estancia PUD - El Prado at Estancia","SLF III Onion Creek LP","Estancia Villas LLC","1100 Avenida Mercado Street","78652","0451150801","5","Multifamily","Rental","Project Completed","318","318","0","0","0","0","0","0","318","0","0","0","0","0","02-24-2025","02-24-2030","5",,,,,"No","No","Yes",,,"No",,,,,,,,,,,,"-97.80815","30.115703"
"887","6209","12th and Springdale Phase II","1200 Springdale Partners LP","Heartwood","4120 East 12th Street","78721","0210180549","1","Multifamily","Rental","Certified","244","122","0","0","0","0","0","50","72","0","0","0","0","0","09-05-2025","09-05-2065","40",,,,,"No","Yes","Yes",,,"No",,,,,,,,,,,,"-97.688806","30.279022"
"1,051","6217","5209 S Pleasant Valley","Austin Travis County Youth Services Inc.","Drenner Group & Industry ATX","5209 South Pleasant Valley Road","78744","0320020201","2","Multifamily","Ownership","Certified","47","38","0","0","0","0","0","0","0","0","0","38","0","0",,"12-30-3799",,,,,,"No","No","Yes",,,"No",,,,,,,,,,,,"-97.744531","30.195797"
"347","6223","Jordan II","Catellus Austin LLC","Catellus Austin LLC","2701 1/2 Philomena Street","78723","0217181301","9","Multifamily","Rental","Certified","66","66","0","0","0","13","0","53","0","0","0","0","0","0",,"12-30-3799",,,,,,"No","No","Yes",,,"No",,,,,,,,,,,,"-97.695414","30.298425"
"1,057","6226","Sunflower Apartments","ST Marks Methodist Church of Austin Texas","Foundation Communities","601 W Braker Lane","78753","0248200301","4","Multifamily","Rental","Certified","80","80","0","0","0","16","0","64","0","0","0","0","0","0",,"12-30-3799",,,,,,"No","No","Yes",,,"No",,,,,,,,,,,,"-97.686259","30.381458"
"1,060","6230","Residences at Springdale","5612 Springdale LLC","Deets Development LLC","5612 Springdale Road","78723","0219231013","1","Multifamily","Rental","Certified","50","50","0","0","0","5","0","45","0","0","0","0","0","0",,"12-30-1904","5",,,,,"No","No","Yes",,,"No",,,,,,,,,,,,"-97.67376","30.30017"
"1,062","6233","2600 E. MLK","Notional Development Partners LLC","Notional Development Partners LLC","2600 E Martin Luther King Jr Blvd","78702","0212101002","1","Multifamily","Rental","Certified","306","153","0","0","0","0","0","0","153","0","0","0","0","0",,"12-30-1904","5",,,,,"No","No","Yes",,,"No",,,,,,,,,,,,"-97.713947","30.281638"
"1,065","6236","St. Johns Redevelopment - South","City of Austin","Greystar","800 E St Johns Avenue","78752",,"4","Multifamily","Rental","Certified","201","201","0","0","0","0","0","104","45","0","20","32","0","0",,"12-30-1904","5",,,,,"No","No","Yes",,,"No",,,,,,,,,,,,"-97.70342","30.33275"
